thrive [θraɪv],"成功する [= be successful, do well]、繁栄する [= prosper]（⇔decline, wither）"
grind [graɪnd],（コーヒー豆など）を挽く
confiscate [kɑ(ː)nfɪskèɪt],"を没収する [= impound, seize]"
derive [dɪráɪv],（〜に）由来する，を（〜から）受け継ぐ〈from〉
detest [dɪtést],をひどく嫌う [= hate]
mock [mɑ(ː)k],"（仕草）をまねる，をからかう [= ridicule, scoff at]"
feign [feɪn],"ふりをする [= pretend, fake, simulate]"
elicit [ɪlísət],を（〜から）引き出す [= draw out]〈from〉
apprehend [æprɪhénd],"を逮捕する [= arrest, capture]，を理解する [= understand]"
commiserate [kəmízərèɪt],（〜を）哀れむ [= sympathize]〈with〉
condone [kəndóʊn],"を許す [= pardon, overlook, forgive]"
epitomize [ɪpítəmaɪz],の典型である [= embody]
fluctuate [flʌ́ktʃuèɪt],変動する，上下する [= undulate]
forgo [fɔːrgóʊ],をなしで済ませる [= do without]，を慎む
frisk [frɪsk],を（衣服の上からさわって）ボディーチェックする，跳ね回る
insulate [ɪ́nsəlèɪt],を（〜から）隔離する [= isolate]〈from〉
liquidate [lɪ́kwɪdèɪt],を清算する [= settle the accounts of]，（会社など）を解散する
meander [miǽndər],（川・道などが）曲がりくねる
meddle [médl],（〜に）干渉する [= interfere]〈in〉
pamper [pǽmpər],を（〜で）甘やかす [= spoil]〈with〉
peruse [pərúːz],を熟読する [= read something especially in a careful way]
pique [piːk],を立腹させる [= offend]，を刺激する [= excite]
plagiarize [pléɪdʒəràɪz],（他人の思想・作品などを〜から）盗用する [= pirate]〈from〉
plummet [plʌ́mɪt],"（真っすぐに）落ちる，急落する [= plunge, fall sharply]（⇔skyrocket）"
rehash [riːhǽʃ],を作り変える [= put into a new idea without significant changes]
implant [ɪmplǽnt],を（〜に）埋め込む [= insert]，（思想など）を（〜に）植えつける [= instill]〈in〉
indoctrinate [ɪndɑ́(ː)ktrɪnèɪt],"に教え込む [= instruct, teach]"
inculcate [ɪnkʌ́lkeɪt],を（〜に）教え込む [= instill]〈into〉
enlighten [ɪnláɪtən],"に（〜について）教える〈on, about, as to〉，を啓発する"
implement [ɪ́mplɪmènt],"を実行する [= carry out, execute]"
undergo [ʌ̀ndərgóʊ],"（検査・治療）を受ける，（試練・変化）を経験する [= experience, go through]"
manipulate [mənɪ́pjulèɪt],を巧みに操る [= control shrewdly]
address [ədrés],"（問題）を取り上げる，に対処する [= cope with, tackle]，に話しかける [= speak to]"
fabricate [fǽbrɪkèɪt],を組み立てる，をでっち上げる
administer [ədmɪ́nɪstər],を運営する [= manage]，を施行する [= implement]
enact [ɪnǽkt],"を制定する [= ordain, decree]"
duplicate [djúːplɪkèɪt],を複製する [= make an exact copy of]
orchestrate [ɔ́ːrkɪstrèɪt],を画策する
inaugurate [ɪnɔ́ːgjərèɪt],を（正式に）開始する
persist [pərsɪ́st],やり抜く，持続する，固執する
enhance [ɪnhǽns],"を高める [= heighten, augment]"
invigorate [ɪnvɪ́gərèɪt],を元気づける
fortify [fɔ́ːrtəfàɪ],を（〜で）強化する〈with〉
expedite [ékspədàɪt],"をはかどらせる，促進する [= hasten, facilitate, speed up]（⇔impede）"
galvanize [gǽlvənàɪz],"を活気づける [= stir, rouse]，を刺激する [= stimulate]，に電流を流す"
bolster [bóʊlstər],を強化する，を支援する [= support]
sustain [səstéɪn],を維持する [= uphold]，に耐える [= withstand]
facilitate [fəsɪ́lətèɪt],を容易にする [= make easy]，を助長する [= assist]
supplement [sʌ́plɪmènt],を補う [= complement]，に付録を付ける
subsidize [sʌ́bsɪdàɪz],に補助金を与える
amend [əménd],"（法律など）を改正する，修正する [= revise, rectify]"
rectify [réktɪfài],"を修正する [= amend, redress]"
endorse [ɪndɔ́ːrs],を推薦する，を承認する，（手形など）に裏書きする
exhort [ɪgzɔ́ːrt],"に熱心に勧める [= urge, encourage]"
coerce [koʊə́ːrs],に（〜を）強いる [= force]〈into〉
implore [ɪmplɔ́ːr],"に（〜するように）懇願する [= beg, entreat]〈to do〉"
instigate [ɪ́nstɪgèɪt],を推進する [= prompt]，を扇動する [= agitate]
trigger [trɪ́gər],"を誘発する [= precipitate, set off]"
incite [ɪnsáɪt],"を扇動する [= instigate, stir up]，を引き起こす [= provoke]"
muster [mʌ́stər],を集める [= assemble]，を思い起こす [= gather]
extol [ɪkstóʊl],"を激賞する [= applaud, eulogize]"
emulate [émjulèɪt],"を見習う [= imitate]，と張り合う [= rival, vie with]"
entice [ɪntáɪs],"を引き寄せる [= tempt, allure]"
dazzle [dǽzl],を幻惑する
sprout [spraʊt],"発芽する [= bud, burgeon, germinate]"
burgeon [bə́ːrdʒən],急成長する，（植物が）芽を出す [= sprout]
detect [dɪtékt],を感知する [= perceive]，を発見する
debunk [dìːbʌ́ŋk],を暴露する，の誤りを暴く [= disprove]
unravel [ʌnrǽvəl],（難問など）を解明する [= straighten out]，（もつれた糸など）をほどく
excavate [ékskəvèɪt],を発掘する [= dig up]
recoup [rɪkúːp],（損失など）を取り戻す，に埋め合わせをする [= make up for]
recuperate [rɪkjúːpərèɪt],（病気・損失）（から）回復する [= recover]〈from〉
disseminate [dɪsémɪnèɪt],"を普及させる [= spread, circulate, disperse]"
prevail [prɪvéɪl],（〜を）圧倒する〈over〉，普及する
propagate [prɑ́(ː)pəgèɪt],を広める [= disseminate]
transmit [trænsmɪ́t],を（〜に）伝達する，を（〜に）感染させる〈to〉
garner [gɑ́ːrnər],を得る [= gather]
garnish [gɑ́ːrnɪʃ],（料理）に（〜を）添える〈with〉，を装飾する
infer [ɪnfə́ːr],を（〜から）察する [= deduce]〈from〉
surmise [sərmáɪz],"推測する [= guess, conjecture]"
allude [əlúːd],（〜に）暗に言及する〈to〉
verify [vérɪfài],を検証する，を確かめる [= confirm]
vindicate [vɪ́ndɪkèɪt],の潔白を証明する，の正当性を立証する
validate [vǽlɪdèɪt],を認可する [= make valid]，を認証する
corroborate [kərɑ́(ː)bərèɪt],を確証する [= confirm]
substantiate [səbstǽnʃièɪt],"を立証する [= verify, prove, confirm]"
reiterate [ri(ː)ɪ́tərèɪt],を繰り返す [= repeat]
enunciate [ɪnʌ́nsièɪt],を発表する [= announce]，を明瞭に発音する [= articulate]
underscore [ʌ́ndərskɔ̀ːr],"を強調する [= emphasize, underline]"
flaunt [flɔːnt],"を誇示する [= show off (proudly), display ostentatiously]"
alleviate [əlíːvièɪt],"（苦痛など）を和らげる [= assuage, soften, mitigate]"
allay [əléɪ],"を和らげる [= alleviate, lessen]"
appease [əpíːz],"をなだめる [= pacify, quiet]"
defuse [dìːfjúːz],（爆弾など）から信管を除去する，（危険）を取り除く，（緊張）を和らげる
mollify [mɑ́(ː)lɪfài],"（怒りなど）を和らげる [= assuage, pacify, appease]"
placate [pléɪkeɪt],"（怒り・敵意など）をなだめる [= appease, conciliate, mollify]"
modulate [mɑ́(ː)dʒəlèɪt],を調節する [= vary the pitch of]
intervene [ìntərví:n],（〜を）調停する，（〜を）仲裁する [= interpose]〈in〉
curb [kəːrb],"を抑制する [= control, restrain]"
oppress [əprés],を抑圧する，を虐げる
subjugate [sʌ́bdʒugèɪt],を征服する [= subdue]，を隷属させる
suppress [səprés],を鎮圧する，を抑圧する [= put down]
subvert [səbvə́ːrt],を覆す，を打倒する [= overthrow]
encroach [ɪnkróʊtʃ],"（〜に）侵入する [= intrude, trespass]〈on〉"
deter [dɪtə́ːr],に（〜を）思いとどまらせる [= prevent]〈from〉
retard [rɪtɑ́ːrd],"を遅らせる [= delay]，を妨げる [= impede, obstruct, hamper]"
avert [əvə́ːrt],（視線・考えなど）を（〜から）そらす [= turn away]〈from〉
balk [bɔːk],（〜を）ためらう〈at〉，を妨げる [= resist]
stifle [stáɪfl],"を抑える [= repress, suppress, curb]，を窒息させる [= suffocate]"
quell [kwel],"を抑える，を鎮める [= soothe, suppress]"
quench [kwentʃ],"（渇き）を癒やす [= satisfy, relieve, slake]，（欲望）を抑える [= subdue, suppress]"
curtail [kəːrtéɪl],を切り詰める [= shorten]
diminish [dɪmɪ́nɪʃ],"を減らす [= reduce, lessen]"
eclipse [ɪklɪ́ps],の影を薄くさせる [= surpass]，（ほかの天体）を食にする
debase [dɪbéɪs],（品位・評判）を落とす
demean [dɪmíːn],の品位を下げる [= debase]
detract [dɪtrǽkt],（〜を）損なう，減じる〈from〉
dwindle [dwɪ́ndl],だんだん減少[縮小]する [= shrink]
deviate [díːvièɪt],（〜から）逸脱する [= diverge]〈from〉
elude [ɪlúːd],をうまくかわす，から逃れる [= evade]
circumvent [sə̀ːrkəmvént],"の抜け道を見つける，を回避する [= avoid, eschew]"
plague [pleɪg],を（〜で）絶えず苦しめる〈with〉
torment [tɔːrmént],をひどく苦しめる [= afflict]，を悩ます [= distress]
confound [kənfáʊnd],"を混乱させる [= bewilder, perplex]，を（〜と）混同する〈with〉"
stump [stʌmp],を困らせる [= puzzle]，遊説して回る
dismiss [dɪsmɪ́s],を却下する [= reject]，を解雇する [= fire]
dissect [dɪsékt],を分析する [= analyze]，を解剖する [= anatomize]
refute [rɪfjúːt],を論破する [= disprove]
rebuff [rɪbʌ́f],を拒絶する [= reject]
rebuke [rɪbjúːk],"を（〜のことで）叱責する [= blame, berate, reprimand, reproach]〈for〉"
denounce [dɪnáʊns],を公然と非難する
rebut [rɪbʌ́t],"に反論する [= refute, deny]"
reprimand [réprɪmænd],"を（〜のことで）叱責する [= blame, rebuke, berate, reproach]〈for〉"
berate [bɪréɪt],"を（〜のことで）責め立てる [= blame, rebuke, reprimand, reproach]〈for〉"
lambaste [læmbéɪst],"を厳しく非難する [= berate, rebuke]"
seclude [sɪklúːd],を引きこもらせる [= isolate]
ostracize [ɑ́(ː)strəsàɪz],を追放する [= banish from society]，を排斥する
purge [pəːrdʒ],から（〜を）追放する [= expunge]〈of〉，を清める [= cleanse]
repatriate [riːpéɪtrièɪt],を本国に送還する（⇔expatriate 国外に追放する）
repulse [rɪpʌ́ls],を撃退する，を拒絶する
rebel [rɪbél],（〜に）反逆する [= revolt]〈against〉
renege [rɪnɪ́g],（約束などを）破る [= back out]〈on〉
renounce [rɪnáʊns],を放棄する [= abandon]，と関係を絶つ [= disown]
revel [révəl],（〜を）大いに楽しむ [= delight]〈in〉
suspend [səspénd],を一時停止[中止]にする [= intermit]，をつるす [= hang (up)]
abort [əbɔ́ːrt],を中止する [= terminate]（⇔continue）
adjourn [ədʒə́ːrn],"を休会[閉会]する [= postpone, temporarily suspend]"
nullify [nʌ́lɪfài],"を無効にする [= annul, make void]"
revoke [rɪvóʊk],"を取り消す [= cancel, repeal, annul]"
thwart [θwɔːrt],"（計画などを）阻止する，を挫折させる [= foil, frustrate, baffle, prevent]"
disband [dɪsbǽnd],（軍隊・組織などが）解散する [= dissolve]
dislodge [dɪslɑ́(ː)dʒ],（敵）を退陣させる，を（〜から）除去する [= remove]〈from〉
disperse [dɪspə́ːrs],分散する，を分散させる [= scatter]，（知識など）を広める
eradicate [ɪrǽdɪkèɪt],"を根絶する [= exterminate, wipe out, root out]"
rout [raʊt],を完敗させる [= defeat overwhelmingly]
wreak [riːk],（破壊・損害）を引き起こす
contaminate [kəntǽmɪnèɪt],を汚染する [= pollute]
exacerbate [ɪgzǽsərbèɪt],を悪化させる [= aggravate]，をいらだたせる [= irritate]
aggravate [ǽgrəvèɪt],を悪化させる [= worsen]
abdicate [ǽbdɪkèɪt],（王位など）を退く [= resign]（⇔be enthroned）
abscond [əbskɑ́(ː)nd],逃亡する
tamper [tǽmpər],（〜を）改ざんする〈with〉
juggle [dʒʌ́gl],を改ざんする [= tamper with]
cajole [kədʒóʊl],"（人）を言いくるめる [= coax, wheedle]"
defraud [dɪfrɔ́ːd],（人）からだまし取る [= swindle]
swindle [swɪ́ndl],（人）から（〜を）だまし取る〈out of〉
dupe [djuːp],"をだます [= deceive, cheat, trick, fool]"
mutter [mʌ́tər],つぶやく，ぶつぶつ不平を言う
stammer [stǽmər],（〜を）口ごもりながら言う [= stutter]〈out〉
invoke [ɪnvóʊk],（神の加護など）を祈願する，（法など）を発動する
crunch [krʌntʃ],をぼりぼりかむ
dawdle [dɔ́ːdl],"ぐずぐずする [= idle, waste time]"
undermine [ʌ̀ndərmáɪn],を衰えさせる [= weaken]，の下を掘る [= excavate beneath]
diagnose [dàɪəgnóʊs],を診断する，の原因を究明する
blur [blə́ːr],を不明瞭にさせる [= make vague]
squabble [skwɑ́(ː)bl],"（〜のことで）口げんかする [= brawl, quarrel, wrangle]〈over〉"
vie [vaɪ],（〜を得ようと）競う [= compete]〈for〉
bluff [blʌf],虚勢を張る [= pretend to be strong]
broach [broʊtʃ],"（話題）を切り出す [= introduce, bring up]"
clench [klentʃ],を握り締める，（歯）をくいしばる
perish [périʃ],死ぬ，滅びる
ransack [rǽnsæk],"（場所）を徹底的に捜す [= rummage]，を略奪する [= plunder, rob]"
heave [hiːv],"を（〜に）投げる〈at, onto〉"
wrench [rentʃ],をねじる [= twist]，を捻挫する，を歪曲する [= distort]
beckon [békən],"に（〜するように）合図する〈to do〉，をおびき寄せる [= attract, lure]"
deploy [dɪplɔ́ɪ],を配置する [= station]，（軍隊）を展開させる
detonate [détənèɪt],爆発する [= explode]
dispatch [dɪspǽtʃ],を急送する，を急派する [= expedite]
encompass [ɪnkʌ́mpəs],を囲む [= encircle]，を含む
encrypt [ɪnkrɪ́pt],を暗号化する（⇔decrypt を解読する）
exonerate [ɪgzɑ́(ː)nərèɪt],"を（〜から）無罪とする〈from, of〉"
fetter [fétər],を拘束する [= bind]
gloat [gloʊt],ほくそ笑む，さも満足そうに眺める
haggle [hǽgl],値切る，言い争う
alienate [éɪliənèɪt],を遠ざける [= estrange]
shun [ʃʌn],"を避ける [= avoid, evade]"
dissuade [dɪswéɪd],に（〜を）思いとどまらせる [= discourage]（⇔persuade）〈from〉
admonish [ədmɑ́(ː)nɪʃ],を（〜が理由で）注意する [= reprimand]〈for〉
slam [slæm],をびしゃりと閉める，をたたきつける
squander [skwɑ́(ː)ndər],"を浪費する [= lavish, waste, spend extravagantly]"
subordinate [səbɔ́ːrdənèɪt],を（〜に）従属させる〈to〉
succumb [səkʌ́m],（〜に）負ける [= give in]〈to〉
tally [tǽli],（〜と）符合する〈with〉，を集計する
teeter [tíːtər],ぐらつく，シーソーに乗る
tout [taʊt],を押し売りする，を（〜だと）褒めちぎる〈as〉
traverse [trəvə́ːrs],を横断する [= travel across]
veer [vɪər],進路を変える，（政策などが）転換する
veto [víːtoʊ],（法案など）に拒否権を行使する
weather [wéðər],を切り抜ける [= survive]
wince [wɪns],顔をしかめる，たじろぐ [= shrink]
scuttle [skʌ́tl],急ぎ足で歩く
agonize [ǽgənàɪz],（〜で）苦悶する〈over〉
bask [bæsk],日光浴をする [= sunbathe]，享受する [= delight]
concoct [kənkɑ́(ː)kt],"をでっち上げる [= fabricate, cook up]，を混ぜ合わせて作る"
delve [delv],を（徹底的に）調査する〈into〉[= search]
evade [ɪvéɪd],を避ける
interject [ìntərdʒékt],（言葉）を差し挟む [= interpose]
linger [lɪ́ŋgər],ぶらぶらする [= loiter]，ぐずぐずする [= delay]
pawn [pɔːn],を質[担保]に入れる
procure [prəkjʊ́ər],"を入手する，を調達する [= obtain, secure]"
reclaim [rɪkléɪm],を取り戻す，を更生させる，を埋め立てる
recur [rɪkə́ːr],再び起こる [= occur again]
reminisce [rèmɪnɪ́s],（〜の）思い出を語る〈about〉，思い出にふける
replenish [rɪplénɪʃ],を補充する [= fill up]
scrawl [skrɔːl],"をぞんざいに書く [= scribble, write carelessly]"
hurtle [hə́ːrtl],（猛スピードで）突進する [= career]，びゅーんと飛ぶ
disparage [dɪspǽrɪdʒ],を見くびる [= undervalue]
incur [ɪnkə́ːr],（負債・損害など）を負う，（怒りなど）を買う [= invite]
tarnish [tɑ́ːrnɪʃ],を損なわせる [= stain]
deplete [dɪplíːt],を使い果たす [= exhaust]
project [prədʒékt],"を見積もる [= guess, estimate]，を提示する [= propose]"
founder [fáʊndər],"失敗する [= fail, blunder]，（船が）浸水して沈没する"
justify [dʒʌ́stɪfài],を正当化する，の正当性を示す
diversity [daɪvə́ːrsəti],多様性 [= variety]
extinction [ɪkstíŋkʃən],絶滅 [= disappearance]
specimen [spésəmən],標本 [= sample]
perspective [pərspéktɪv],"観点 [= viewpoint, standpoint]，展望 [= vista]"
enforcement [ɪnfɔ́ːrsmənt],（法律などの）施行
breakthrough [bréɪkθrùː],大進歩 [= significant advance or achievement]，突破
myriad [míriad],無数
perception [pərsépʃən],認識 [= discernment]，知覚
endowment [ɪndáʊmənt],"寄付（金） [= contribution, donation of money]"
gist [dʒɪst],要点，骨子 [= essence]
influx [ɪ́nflʌks],流入
backlash [bǽklæʃ],（思想などへの）反発，反動 [= reaction]〈against〉，（機械の）緩み
onset [ɔ́(ː)nsèt],"始まり [= start, beginning]，兆候"
paternity [pətə́ːrnəti],父親であること [= fatherhood]（⇔maternity 母親であること）
preservation [prèzərvéɪʃən],保存，保護 [= conservation]
verdict [vəːrdɪkt],（陪審員の）評決，決定 [= decision]，判断 [= judgment]
credibility [krèdəbɪ́ləti],信頼，信憑性 [= reliability]，確実性
momentum [moʊméntəm],勢い [= impetus]，運動量
brevity [brévəti],"（時の）短さ，簡潔さ [= shortness, briefness, conciseness]"
buffer [bʌ́fər],"衝突を和らげる人（物），緩衝器 [= shield, cushion, shock absorber]"
knack [næk],"（〜の）こつ〈of, for〉，要領"
viability [vàɪəbɪ́ləti],実現可能性 [= feasibility]
auspice [ɔ́ːspɪs],"保護，後援 [= patronage, aegis, support]"
requisite [rékwɪzɪt],（〜の）必要条件 [= requirement]〈for〉
prerequisite [prì:rékwɪzɪt],（〜に）（前もって）必要なもの〈for〉，前提条件
feat [fiːt],偉業 [= achievement]
gravity [grǽvəti],重力，引力 [= gravitation]，重さ [= weight]，重大さ [= seriousness]
jinx [dʒɪŋks],悪運 [= bad luck]
omen [óʊmən],"前兆 [= prognostic, augury, foreboding]"
precedent [présɪdənt],前例 [= previous case]
prelude [préljùːd],前兆 [= forerunner]
harbinger [hɑ́ːrbɪndʒər],前触れ [= signal]
philanthropy [fɪlǽnθrəpi],慈善（事業） [= benevolence]
camaraderie [kɑ̀:mərɑ́:dəri],友愛 [= friendship]（⇔hostility 敵意）
phase [feɪz],"段階，局面 [= stage]，面 [= aspect, side, part]"
facet [fǽsɪt],"（物事の）一面 [= face, aspect]"
facade [fəsɑ́:d],（いつわりの）外見 [= pretense]，（建物の）正面
incentive [ɪnséntɪv],"刺激 [= stimulus, spur, encouragement]，動機 [= motive]，報奨金"
morale [mərǽl],勤労意欲，士気
gratuity [grətjúːəti],チップ，心付け [= tip]
proponent [prəpóʊnənt],支持者 [= adherent]（⇔opponent），提唱者
advocate [ǽdvəkət],支持者 [= proponent]，擁護者
recipient [rɪsɪ́piənt],受賞者，受取人 [= receiver]
pundit [pʌ́ndɪt],専門家 [= expert]
descendant [dɪséndənt],子孫 [= offspring]（⇔ancestor）
prosecutor [prɑ́(ː)sɪkjùːtər],検察官
consort [kɑ́(ː)nsɔːrt],（特に国王・女王の）配偶者
culprit [kʌ́lprɪt],容疑者，罪人 [= criminal]
fugitive [fjúːdʒətɪv],"逃亡者，脱走者 [= runaway, deserter]"
adherent [ədhɪ́ərənt],信奉者 [= follower]
mentor [méntɔːr],"良き助言者 [= counselor, wise adviser]"
novice [nɑ́(ː)vɪs],初心者 [= beginner]，見習い生
recluse [rékluːs],隠遁者 [= hermit]
surrogate [sə́ːrəgət],代理人 [= replacement]
throng [θrɔ(ː)ŋ],群集 [= crowd]
peer [pɪər],仲間，同輩 [= equal]，貴族 [= nobleman]
prodigy [prɑ́(ː)dədʒi],神童 [= child genius]
counterpart [káʊntərpɑ̀ːrt],"（〜に）対応する物[人] [= equivalent]，写し [= copy, duplicate]，対の一方"
aptitude [ǽptɪtjùːd],適性 [= fitness]，素質 [= talent]
caliber [kǽləbər],能力（の程度） [= faculty]，銃の口径
demeanor [dɪmíːnər],"振る舞い，品行 [= deportment, conduct]"
posture [pɑ́(ː)stʃər],姿勢 [= pose]，態度 [= bearing]，状態
prudence [prúːdəns],慎重 [= judiciousness]
zeal [ziːl],"熱心さ，熱意 [= fervor, ardor, zest]"
prestige [prestíːʒ],"名声 [= reputation, distinction, renown]"
eminence [émɪnəns],高名 [= renown]
conviviality [kənvìviǽləti],陽気な行動
elocution [èləkjúːʃən],雄弁術
agility [ədʒɪ́ləti],敏捷性，機敏さ [= nimbleness]
allure [əlʊ́ər],魅力 [= attractiveness]
candor [kǽndər],"率直 [= frankness, candidness, openness]"
decorum [dɪkɔ́ːrəm],礼儀正しさ [= decency]
fidelity [fɪdéləti],忠誠心 [= loyalty]
dexterity [dekstérəti],"器用さ [= skill, adroitness]，利口さ [= cleverness]"
ebullience [ɪbʌ́liəns],あふれる元気 [= cheerfulness]
exhilaration [ɪgzìləréɪʃən],大喜び [= exultation]
duplicity [djuplɪ́səti],"二枚舌 [= deceit, double-dealing]"
indiscretion [ìndɪskréʃən],軽率な行為 [= imprudence]（⇔discretion 慎重）
indolence [ɪ́ndələns],怠惰 [= idleness]
audacity [ɔːdǽsəti],"厚かましさ [= impudence, insolence]，大胆さ [= boldness]"
grudge [grʌdʒ],恨み
tenure [ténjər],（大学教授の）終身在職権，保有（期間）
duration [djʊəréɪʃən],継続[持続]期間 [= period]
affinity [əfɪ́nəti],"相性 [= chemistry, compatibility]，類似性"
proximity [prɑ(ː)ksɪ́məti],"近接 [= nearness, neighborhood]〈to, of〉"
hoax [hoʊks],作り話，悪ふざけ [= trick]
allegory [ǽləgɔ̀ːri],寓話，たとえ話 [= story with a symbolic meaning]
apex [éɪpeks],絶頂 [= peak]
zenith [zíːnəθ],"絶頂 [= culmination, peak, summit]，天頂（⇔nadir どん底）"
ascension [əsénʃən],上昇，即位 [= enthronement]
conglomerate [kəngloʊ́mərət],巨大複合企業
offshoot [ɔ́(ː)ʃùːt],派生物，子会社 [= subsidiary]
consignment [kənsáɪnmənt],託送，委託商品
conveyance [kənvéɪəns],輸送（機関），（権利の）譲渡 [= transfer]
durability [djʊ̀ərəbɪ́ləti],耐久性 [= ability to last]
footage [fúːtɪdʒ],映画・テレビの特定の場面
gadget [gǽdʒɪt],機器 [= appliance]
glitch [glɪtʃ],（機器などの）故障 [= breakdown]，小さな技術上の問題
echelon [éʃəlɑ̀(ː)n],地位，（組織などの）階層 [= rank]
speculation [spèkjəléɪʃən],投機，憶測 [= thought]，推測 [= guess]
hype [haɪp],誇大宣伝
benchmark [béntʃmɑ̀ːrk],基準 [= standard]
integration [ìntəgréɪʃən],統合，差別撤廃による人種統合（⇔segregation）
contraband [kɑ́(ː)ntrəbænd],密輸品 [= smuggled goods]
liability [làɪəbɪ́ləti],（〜に対する）責任 [= responsibility]〈for〉，負債 [= debt]
libel [láɪbəl],名誉毀損，中傷
quota [kwóʊtə],割り当て，ノルマ [= norm]
perk [pəːrk],"諸手当 [= perquisite, fringe benefit]"
annotation [ænətéɪʃən],注釈 [= footnote]
backlog [bǽklɔ̀(ː)g],未処理の山 [= accumulation]
collation [koʊléɪʃən],照合作業，（書物の）ページ合わせ
counterfeit [káʊntərfìt],偽造通貨，模造品 [= imitation]
forgery [fɔ́ːrdʒəri],偽造（罪），偽造品
asylum [əsáɪləm],（政治犯の）亡命に対する庇護，避難所 [= shelter]
haven [héɪvən],"避難所，停泊所 [= refuge, shelter]"
hub [hʌb],中心 [= center]，商業や輸送の中心 [= focus of commerce or transportation]
venue [vénjuː],開催地，（犯行などの）現場
vicinity [vəsɪ́nəti],近所 [= neighborhood]
validity [vəlɪ́dəti],効力 [= effectiveness]，正当性 [= lawfulness]
efficacy [éfɪkəsi],効力，有効性 [= effectiveness]
longevity [lɑ(ː)ndʒévəti],長寿，長命 [= long life]
mortality [mɔːrtǽləti],死亡率，死ぬ運命（⇔immortality 不死）
demise [dɪmáɪz],"死去 [= decease, death]，終焉 [= end, termination]"
immunity [ɪmjúːnəti],（〜の）免疫 [= resistance]〈to〉
remedy [rémədi],（〜の）治療（薬），治療法 [= cure]〈for〉
transfusion [trænsfjúːʒən],輸血 [= blood transfusion]
bout [baʊt],発作 [= attack]，短い期間 [= spell]
quarantine [kwɔ́(ː)rəntìːn],隔離（期間），検疫
contingency [kəntɪ́ndʒənsi],"不慮の出来事 [= accident, contingent]，偶然 [= chance]，不確実 [= uncertainty]"
concussion [kənkʌ́ʃən],脳震盪
blister [blɪ́stər],水膨れ，火膨れ [= vesicle on the skin]
prognosis [prɑ(ː)gnóʊsəs],（病気の）予後（⇔diagnosis 診断）
penchant [péntʃənt],（〜の）傾向，（〜の）好み〈for〉
propensity [prəpénsəti],"（〜の）（しばしば好ましくない）傾向，（〜の）性癖 [= tendency, inclination]〈for〉"
savor [séɪvər],"（〜を）思わせるもの〈of〉，風味，嗜好 [= taste, relish]"
banter [bǽntər],"冗談，ひやかし [= joke, badinage]"
jest [dʒest],冗談 [= funny remarks]
animosity [ænɪmɑ́(ː)səti],"憎悪 [= hatred]，敵意 [= enmity, hostility, antagonism]"
aversion [əvə́ːrʒən],（〜への）嫌悪感 [= repulsion]〈to〉
acrimony [ǽkrəmòʊni],とげとげしさ，辛辣さ [= asperity]
affront [əfrʌ́nt],"（公然の）侮辱 [= insult, scorn, slight]"
misgiving [mɪsgɪ́vɪŋ],（将来の結果に関しての）不安 [= uneasiness]〈about〉，疑念 [= doubt]
scruple [skrúːpl],罪の意識，良心の呵責 [= twinge of conscience]
grievance [gríːvəns],不満，苦情 [= complaint]
eulogy [júːlədʒi],追悼 [= memorial address]，賛辞 [= speech of praise]
flattery [flǽtəri],お世辞，おべっか
homage [hɑ́(ː)mɪdʒ],"敬意 [= respect, reverence]"
defiance [dɪfáɪəns],反抗，挑戦 [= challenge]
deportation [dì:pɔːrtéɪʃən],"国外追放 [= banishment, expulsion]"
decadence [dékədəns],堕落 [= corruption]
derision [dɪríʒən],嘲笑 [= mockery]
disguise [dɪsgáɪz],変装 [= camouflage]
conjecture [kəndʒéktʃər],"憶測，推測 [= guess, surmise, inference]"
fallacy [fǽləsi],誤った推論 [= misconception]
decree [dɪkríː],法令，布告 [= edict]
ordinance [ɔ́ːrdənəns],条例 [= regulation]，法令 [= statute]
precept [príːsept],命令，行動上の指針，格言 [= maxim]
elimination [ɪlìmɪnéɪʃən],"除去 [= removal, abolition, deletion]，予選"
exorcism [éksɔːrsìzm],悪魔払い
transgression [trænsgréʃən],違反 [= offense]
infringement [ɪnfrɪ́ndʒmənt],侵害 [= violation]
disparity [dɪspǽrəti],差異 [= difference]，不均衡 [= incongruity]
dissension [dɪsénʃən],意見の衝突 [= disagreement]
discrepancy [dɪskrépənsi],"不一致 [= disagreement, difference, inconsistency]"
dearth [dəːrθ],不足，欠乏 [= scarcity]
deluge [déljuːdʒ],大洪水 [= great flood]，豪雨
conflagration [kɑ̀(ː)nfləgréɪʃən],大火 [= fire]
spillage [spɪ́lɪdʒ],流出 [= leakage]
outage [áʊtɪdʒ],停止，停電
hazard [hǽzərd],"危険 [= risk, peril, danger]"
jeopardy [dʒépərdi],危機 [= peril]
pandemonium [pæ̀ndəmóʊniəm],混沌 [= chaos]，修羅場
predicament [prɪdɪ́kəmənt],苦境 [= dilemma]
mayhem [méɪhèm],大混乱 [= chaos]
plight [plaɪt],"苦境 [= hardship, predicament]"
hindrance [hɪ́ndrəns],（〜の）障害物，（〜の）邪魔になるもの〈to〉
impediment [ɪmpédɪmənt],"（〜の）障害 [= obstacle, obstruction]〈to〉"
impasse [ɪ́mpæs],"行き詰まり [= deadlock, cul-de-sac]"
stalemate [stéɪlmèɪt],膠着状態 [= deadlock]
blunder [blʌ́ndər],重大なミス [= mistake]
fiasco [fiǽskoʊ],"大失敗 [= blunder, total or ridiculous failure]"
culpability [kʌ̀lpəbɪ́ləti],過失の原因 [= responsibility]
catalyst [kǽtəlɪst],きっかけ，触発するもの [= trigger]
dispute [dɪspjúːt],"論争 [= controversy, argument]"
feud [fjuːd],確執 [= conflict]
hassle [hǽsl],"口論 [= squabble, dispute, quarrel]，わずらわしいこと [= bother, nuisance]"
antipathy [æntɪ́pəθi],（〜への）反感（⇔sympathy 共感）〈to〉
atrocity [ətrɑ́(ː)səti],"残虐 [= brutality, cruelty]"
vandalism [vǽndəlìzm],芸術品・公共物などの破壊
devastation [dèvəstéɪʃən],破壊 [= destruction]，荒廃 [= desolation]
havoc [hǽvək],大混乱，破壊
wreckage [rékɪdʒ],残骸 [= debris]
rubble [rʌ́bl],"瓦礫，石片 [= debris, fragments of rock]"
regime [rəʒíːm],政権 [= reins of government]，政体 [= system of government]
exodus [éksədəs],大量出国，移住
onslaught [ɔ́(ː)nslɔ̀ːt],猛攻撃 [= assault]
amnesty [ǽmnəsti],恩赦 [= pardon]
barrage [bərɑ́ːʒ],（質問などの）集中砲火，弾幕
brunt [brʌnt],矢面，攻撃の矛先
cessation [seséɪʃən],"停止 [= halt, suspension, discontinuance]"
cipher [sáɪfər],暗号 [= code]（⇔decipher 判読，解読）
retribution [rètrɪbjúːʃən],報い [= requital]，仕返し [= reprisal]
repeal [rɪpíːl],撤廃，破棄
provision [prəvɪ́ʒən],配給 [= distribution]
repercussion [rìːpərkʌ́ʃən],"影響，（音の）反響 [= reverberation, aftereffect, rebound]"
reprisal [rɪpráɪzəl],報復
faction [fǽkʃən],派閥 [= clique]
rampage [rǽmpeɪdʒ],狂暴な行動
menace [ménəs],（〜に対する）脅威 [= threat]〈to〉
upheaval [ʌphíːvəl],（社会・政治などの）激変 [= disruption]，（地殻の）隆起
commotion [kəmóʊʃən],"騒動，動揺 [= tumult, uproar, disturbance]"
concession [kənséʃən],譲歩 [= compromise]
curfew [kə́ːrfjuː],夜間外出禁止令，門限
ultimatum [ʌ̀ltɪméɪtəm],最終通告 [= last offer]
truancy [trúːənsi],無断欠席，ずる休み [= absenteeism]
hindsight [háɪndsàɪt],後知恵（⇔foresight 先見の明）
maxim [mǽksɪm],"行動原理 [= principle]，格言 [= axiom, dictum]"
memento [məméntoʊ],記念品，形見 [= keepsake]
cinch [sɪntʃ],簡単なこと
vent [vent],"通気孔 [= air hole]，穴 [= aperture]，はけ口 [= outlet, escape]"
solace [sɑ́(ː)ləs],慰め，癒やし
trance [træns],昏睡状態 [= coma]
felicity [fəlɪ́səti],慶事 [= glad occasion]
entity [éntəti],"独立体，存在 [= being, existence]，本質 [= essence]"
premises [prémɪsɪz],（建物を含めた）土地 [= building and its adjuncts]
pretext [príːtekst],口実 [= excuse]
creed [kriːd],信条 [= belief]
quandary [kwɑ́(ː)ndəri],"板挟み [= dilemma]，苦境 [= predicament, crunch]"
depiction [dɪpɪ́kʃən],描写 [= delineation]
farce [fɑːrs],道化芝居 [= slapstick comedy]
juncture [dʒʌ́ŋktʃər],（決定的な）時点，岐路
misnomer [mɪsnóʊmər],誤った名称 [= unsuitable name]
clique [kliːk],小集団，派閥 [= inner circle]
clout [klaʊt],殴ること，権力，影響力
gimmick [gɪ́mɪk],巧妙な仕掛け
ordeal [ɔːrdíːl],"厳しい試練，苦難 [= affliction, anguish, torment, tribulation]"
polarization [pòʊlərəzéɪʃən],二極化
prerogative [prɪrɑ́(ː)gətɪv],特権 [= privilege]，大権
ramification [ræ̀mɪfɪkéɪʃən],厄介事，派生問題，分枝
altruistic [æ̀ltruɪ́stɪk],利他的な [= unselfish]（⇔egoistic）
profound [prəfáʊnd],"深い，深遠な [= deep, esoteric, inscrutable]（⇔shallow 浅い）"
skeptical [sképtɪkəl],懐疑的な [= doubtful]
widespread [wáɪdsprèd],広範な [= extensive]，広く知られた [= well-known]
anonymous [ənɑ́(ː)nɪməs],作者不詳の，匿名の [= with no name given]
contentious [kənténʃəs],"論争好きな [= controversial, quarrelsome]"
authentic [ɔːθéntɪk],"本物の [= genuine]，確実な，信頼できる [= reliable, trustworthy]"
paramount [pǽrəmàʊnt],"最高（位）の [= supreme, preeminent, highest in rank]"
replicate [réplɪkèɪt],複製された
lucrative [lúːkrətɪv],儲かる [= profitable]
clumsy [klʌ́mzi],不器用な [= awkward]（⇔adroit 器用な）
defunct [dɪfʌ́ŋkt],使用されていない [= disused]
discernible [dɪsə́ːrnəbl],認識できる [= recognizable]
futile [fjúːtl],"無駄な [= worthless, useless]"
prolific [prəlɪ́fɪk],"多作の [= fruitful, fecund, highly productive]"
inscrutable [ɪnskrúːtəbl],"謎めいた，不可解な [= enigmatic, unfathomable, inexplicable]"
manifest [mǽnɪfèst],"明らかな [= evident, clear, plain, obvious]"
ubiquitous [juːbɪ́kwɪtəs],"遍在する [= omnipresent, universal]"
occidental [ɑ̀(ː)ksədéntl],西洋の [= western]（⇔oriental）
exemplary [ɪgzémpləri],模範的な [= model]
commensurate [kəménsərət],（〜に）釣り合った [= proportional]，（〜と）同程度の〈with〉
transient [trænziənt],"はかない [= passing, transitory, temporary, evanescent, fleeting]"
ostensible [ɑ(ː)sténsəbl],表向きの，見せかけの，明らかな [= apparent]
aesthetically [esθétɪkəli],美的に [= ornamentally]
marginally [mɑ́ːrdʒənəli],かろうじて，わずかに [= slightly]
indigenous [ɪndɪ́dʒənəs],土着の，（その土地に）固有の [= native]，生まれながらの [= innate]
inherent [ɪnhíərənt],"生来の，固有の [= intrinsic, innate]"
intrinsic [ɪntrínsɪk],固有の [= inherent]，本質的な [= essential]（⇔extrinsic 非本質的な）
latent [léɪtənt],"潜在的な [= lying, hidden, potential]"
extrinsic [ekstrínsɪk],外的な，非本質的な [= unessential]（⇔intrinsic）
covert [kóʊvəːrt],"秘密の [= hidden, concealed, disguised]（⇔overt）"
clandestine [klændéstɪn],"秘密の [= secret, hidden]，人目をはばかる [= underhand]"
classified [klǽsɪfàɪd],"機密扱いの [= secret, clandestine]，分類された"
ulterior [ʌltíəriər],"隠された [= hidden, covert]，すっと遠い [= further, remote]"
surreptitiously [sə̀ːrəptíʃəsli],こっそりと [= furtively]
equivalent [ɪkwívələnt],（〜と）等価の [= equal]〈to〉
tantamount [tǽntəmàʊnt],"（〜と）等しい [= equivalent, equal]〈to〉"
rigorous [rígərəs],"厳しい [= austere, merciless, unyielding]"
stringent [stríndʒənt],"厳しい [= strict, rigorous, exacting]"
austere [ɔːstíər],"厳しい [= stern, severe, rigid, harsh]"
caustic [kɔ́ːstɪk],"辛辣な [= biting, stinging, cutting, sarcastic]"
scarce [skeərs],"希少な [= rare, scanty, sparse]，珍しい"
subtle [sʌ́tl],"微妙な [= delicate]，鋭い [= sharp, acute]"
meager [míːgər],"（収入・食事などが）乏しい [= lean, scanty, paltry]，やせた"
sophisticated [səfístɪkèɪtɪd],"洗練された [= refined]，複雑な [= complex, intricate]"
sublime [səbláɪm],荘厳な，崇高な [= magnificent]
exquisite [ɪkskwízɪt],絶妙な，洗練された [= refined]
susceptible [səséptəbl],（〜に）影響されやすい [= vulnerable]〈to〉
vulnerable [vʌ́lnərəbl],"（〜に）傷つきやすい〈to〉，もろい [= sensitive, susceptible]"
impervious [ɪmpə́ːrviəs],（〜に）影響されない〈to〉
impending [ɪmpéndɪŋ],"差し迫った [= imminent, about to happen]"
imminent [ímɪnənt],切迫した [= immediate]
frugal [frúːgəl],"倹約的な [= thrifty, economical]，質素な"
thrifty [θrífti],倹約する，つましい [= be careful with money]（⇔extravagant 無駄使いをする）
adamant [ǽdəmənt],"断固とした [= determined, resolute]"
obstinate [ɑ́(ː)bstɪnət],頑固な [= stubborn]
stubborn [stʌ́bərn],頑固な [= obstinate]
candid [kǽndɪd],"率直な [= frank, sincere, honest, outspoken]"
meekly [míːkli],素直に
affluent [ǽfluənt],"裕福な [= rich, opulent]，豊富な [= ample, abundant]"
superfluous [supɑ́ːrfluəs],"過剰な，余分な [= excessive, unnecessary, redundant]"
engrossed [ɪngróʊst],（〜に）夢中になって〈in〉
exuberant [ɪgzjúːbərənt],"熱狂的な [= fervent, enthusiastic]，あふれるばかりの"
frenetic [frənétɪk],"熱狂した [= frantic, frenzied, rapturous]"
infatuated [ɪnfǽtʃuèɪtɪd],（〜に）夢中な [= obsessed]〈with〉
ecstatic [ɪkstǽtɪk],有頂天の，恍惚とした
dubious [djúːbiəs],"半信半疑の [= skeptical, doubtful]"
ambivalent [æmbívələnt],相反する感情を持った，曖昧な [= uncertain]
precarious [prɪkéəriəs],"不安定な [= unsure, uncertain, unstable]"
inclusive [ɪnklúːsɪv],包括的な（⇔exclusive）
exclusive [ɪksklúːsɪv],独占的な，（〜に）専用の（⇔inclusive）
abject [ǽbdʒekt],絶望的な，悲惨な [= wretched]
deplorable [dɪplɔ́ːrəbl],嘆かわしい [= shameful]
abridged [əbrɪ́dʒd],要約された [= condensed]
succinct [səksɪ́ŋkt],"簡潔な [= concise, compact]"
adroit [ədrɔ́ɪt],"巧みな [= adept, skillful]，器用な"
adept [ədépt],"（〜に）熟練した〈at, in〉"
inept [ɪnépt],"不適切な [= unsuitable, inappropriate]"
vigorous [vígərəs],積極的な [= aggressive]
avid [ǽvɪd],熱心な，渇望している
antagonistic [æntæ̀gənístɪk],敵対的な [= opposing]
arbitrary [ɑ́ːrbətrèri],"独断的な，専制的な [= despotic, tyrannical]，気まぐれな [= capricious]"
belligerent [bəlídʒərənt],けんか腰の，好戦的な [= quarrelsome]，交戦中の
sinister [sɪ́nɪstər],"陰険な，邪悪な [= wicked]，不吉な [= ominous, portentous]"
blatantly [bléɪtəntli],露骨に [= broadly]
bluntly [blʌ́ntli],ぶっきらぼうに，そっけなく [= abruptly]
curtly [kəːrtli],ぶっきらぼうに，そっけなく [= abruptly]
aloof [əlúːf],よそよそしい，冷淡な
apathetic [æ̀pəθétɪk],無関心な [= indifferent]
contagious [kəntéɪdʒəs],伝染性の [= transmittable]
epidemic [èpɪdémɪk],蔓延している，伝染性の
endemic [endémɪk],特有の
infectious [ɪnfékʃəs],"伝染性の [= catching, easily transmitted]"
infested [ɪnféstɪd],はびこっている [= overrun]
pandemic [pændémɪk],"（世界的に）流行性の [= rampant, worldwide or nationwide]"
pervasive [pərvéɪsɪv],蔓延する
rife [raɪf],"（好ましくないことに）満ちて〈with〉，広まって [= prevalent, widespread]"
contemplative [kəntémplətɪv],沈思黙考する [= reflective]，めい想する [= meditative]
scrupulous [skrúːpjuləs],"慎重な [= cautious, circumspect, minutely careful]"
meticulous [mətíkjuləs],"細かいことに気を遣う [= scrupulous, excessively careful about details]"
cursory [kɔ́ːrsəri],大ざっぱな，ぞんざいな [= hastily done]，上っ面の [= superficial]
erratic [ɪrǽtɪk],"不規則な [= irregular]，風変わりな [= eccentric, odd]"
erroneous [ɪróʊniəs],誤った，間違った [= incorrect]
derogatory [dɪrɑ́(ː)gətɔ̀ːri],"軽蔑的な [= dismissive, disdainful]"
detrimental [dètrɪméntəl],（〜に）有害な〈to〉[= damaging]
diffident [dɪ́fɪdənt],"自信のない [= bashful, hesitant, timid]（⇔confident）"
dissident [dɪ́sɪdənt],異論を持つ，反体制の
disgruntled [dɪsgrʌ́ntld],"不満な [= discontented, displeased]，不機嫌な [= sulky]"
demoralized [dɪmɔ́(ː)rəlàɪzd],"意気消沈して [= dispirited, disappointed]"
destitute [déstɪtjùːt],極貧の [= extremely poor]，（〜を）全く持たない〈of〉[= devoid]
dilapidated [dɪlǽpɪdèɪtɪd],荒廃した [= tumbledown]
emaciated [ɪméɪʃièɪtɪd],"やつれた [= lean, thin, lank]"
unscathed [ʌnskéɪðd],痛手を受けていない [= unharmed]
unprecedented [ʌnprésɪdèntɪd],前例のない [= unparalleled]（⇔common）
ferocious [fərɔ́ʊʃəs],"凶暴な [= fierce, savage]"
filthy [fɪ́lθi],"不潔な [= unclean, dirty]，わいせつな [= obscene]"
flagrant [fléɪgrənt],目に余る [= outrageous]，極悪の [= notorious]
grueling [grúːəlɪŋ],極度にきつい [= exhausting]
immaculate [ɪmǽkjulət],"汚れのない [= pure, spotless, undefiled]，欠点のない [= impeccable, perfect]"
impeccable [ɪmpékəbl],"申し分のない [= faultless, flawless, perfect]"
pristine [prɪstiːn],汚されていない，初期の
intangible [ɪntǽndʒəbl],不可解な，無形の [= non-physical]（⇔tangible）
invincible [ɪnvɪ́nsəbl],"不屈の，克服しがたい [= unconquerable, insuperable, insurmountable]"
incoherent [ìnkoʊhíərənt],取り乱した [= confused]，支離滅裂な [= illogical]
incessant [ɪnsésənt],"絶え間ない [= ceaseless, continual, constant]"
intermittently [ìntərmɪ́təntli],断続的に [= fitfully]
sporadic [spərǽdɪk],"散発的な [= occasional, scattered]，突発的な [= not constant]"
omniscient [ɑ(ː)mnɪ́ʃənt],博学な，全知の [= all-knowing]
pedantic [pədǽntɪk],知識をひけらかすような，衒学的な
inquisitive [ɪnkwɪ́zətɪv],"好奇心が強い [= curious, prying]"
insatiable [ɪnséɪʃəbl],貪欲な [= greedy]（⇔satiable 満足させられる）
perceptible [pərséptəbl],目に見えた [= discernible]
notable [nóʊtəbl],目立った [= conspicuous]
benign [bənáɪn],優しい，温和な [= mild]，（気候などが）穏やかな，（病理学的に）良性の（⇔malignant）
affable [ǽfəbl],"愛想のよい，気軽に話せる [= sociable, amiable]"
robust [roʊbʌ́st],"強健な [= hardy, sturdy, vigorous, sinewy]"
buoyant [bɔ́ɪənt],"活気がある [= perky, cheerful]，浮かんでいる [= floating]"
resplendent [rɪspléndənt],光輝くばかりの [= brilliant]，まばゆい [= dazzling]
tenacious [tənéɪʃəs],"粘り強い [= persevering, retentive, clinging]"
lenient [líːniənt],"寛大な [= generous, tolerant]"
negligent [néglɪdʒənt],不注意な，怠慢な [= neglectful]
perfunctory [pərfʌ́ŋktəri],"おざなりの，いい加減な [= cursory, negligent]（⇔careful）"
spurious [spjʊ́əriəs],"うさん臭い，にせの [= sham, bogus, counterfeit, mock, phony]"
treacherous [trétʃərəs],不誠実な，裏切りの，当てにならない
devious [díːviəs],不誠実な [= deceitful]
drab [dræb],"くすんだ [= dull, not bright]，単調な [= monotonous]"
eerie [ɪ́əri],"不気味な [= weird, uncanny]"
menial [míːniəl],"（仕事が）単純で退屈な，卑しい [= servile, low]"
morbid [mɔ́ːrbɪd],"病的な [= sickly, unhealthy]"
lethargic [ləθɑ́ːrdʒɪk],気だるい，昏睡状態の [= comatose]
subdued [səbdjúːd],"沈んだ，控え目な [= dejected, low-spirited]"
tepid [tépɪd],"生ぬるい [= lukewarm, half-hearted]"
gullible [gʌ́ləbl],"だまされやすい [= credulous, easily gulled or cheated]"
imprudent [ɪmprúːdənt],軽率な [= incautious]（⇔prudent）
heedless [híːdləs],（〜に）無頓着な〈of〉，不注意な
inadvertently [ìnədvə́ːrtəntli],不注意に [= accidentally]
haphazardly [hæ̀phǽzərdli],無計画に
gaudy [gɔ́ːdi],けばけばしい [= over-bright]
flamboyantly [flæmbɔ́ɪəntli],華麗に
hereditary [hərédətèri],遺伝する [= genetically transmitted]，世襲の [= passed down by inheritance]
homogeneous [hòʊmədʒíːniəs],同質の [= unmixed]（⇔heterogeneous 異質の）
hygienic [hàɪdʒiénɪk],"衛生的な [= sanitary, clean]"
deceased [dɪsíːst],亡くなった [= dead]
terrestrial [təréstriəl],地球上の [= earthly]
torrid [tɔ́(ː)rɪd],灼熱の [= scorching]
traumatic [trəmǽtɪk],精神的外傷を引き起こす
gregarious [grɪgéəriəs],"群れを成す，社交的な [= social, outgoing, extroverted]"
palatable [pǽlətəbl],"美味な，口に合う [= delicious, savory, tasty]，好ましい"
fiscal [fɪ́skəl],財政の [= financial]
indicative [ɪndɪ́kətɪv],（〜を）示す〈of〉
auspicious [ɔːspɪ́ʃəs],"縁起のよい [= fortunate, propitious]"
illustrious [ɪlʌ́striəs],"著名な [= eminent, distinguished]（⇔unknown, obscure）"
pinpoint [pɪ́npɔ̀ɪnt],"非常に正確な [= exact, precise]"
eloquent [éləkwənt],雄弁な [= silver-tongued]
arduous [ɑ́ːrdʒuəs],（仕事などが）骨の折れる，大変な [= demanding]
laudable [lɔ́ːdəbl],"称賛に値する [= commendable, admirable]"
dainty [déɪnti],優美な，きゃしゃな [= delicate]
conducive [kəndjúːsɪv],（〜に）貢献する〈to〉
innocuous [ɪnɑ́(ː)kjuəs],無害な [= harmless]
integral [ɪ́ntɪgrəl],不可欠の [= essential]，完全な [= perfect]，整数の
valiant [vǽljənt],"勇敢な [= chivalrous, dauntless, gallant]"
serene [səríːn],平穏な [= tranquil]
fraught [frɔːt],"（〜を）伴う，（〜に）満ちた [= filled, loaded, charged]〈with〉"
reclusive [rɪklúːsɪv],隠遁している
flimsy [flɪ́mzi],見え透いた [= makeshift]，壊れやすい [= fragile]
catastrophically [kətæ̀strə(ʊ)fɪ́kəli],恐ろしいまでに [= disastrously]
dogmatic [dɔ(ː)gmǽtɪk],独断的な [= assertive]
insular [ɪ́nsələr],偏狭な [= close-minded]，（島のように）孤立した
intimidated [ɪntɪ́mɪdèɪtɪd],恐れて [= threatened]
languishing [lǽŋgwɪʃɪŋ],沈滞する [= weakening]
obsequious [əbsíːkwiəs],こびへつらうような [= fawning]
squeamish [skwíːmɪʃ],神経質な [= fastidious]，（血などを見て）吐き気を催す [= nauseous]
uncouth [ʌnkúːθ],"粗野な [= ungraceful, crude, coarse]，ぎこちない [= awkward, clumsy]"
petrified [pétrɪfàɪd],石のように固い，怖がる [= terrified]
ponderous [pɑ́(ː)ndərəs],冗長な [= redundant]，重苦しい
rowdy [ráʊdi],騒々しい
somber [sɑ́(ː)mbər],"重苦しい [= gloomy, depressing]，薄暗い [= dusky]"
banal [bənɑ́ːl],"通俗な [= commonplace, vulgar]，陳腐な [= hackneyed, trite]"
relentless [rɪléntləs],"容赦ない [= severe, harsh, unrelenting]"
elusive [ɪlúːsɪv],理解しにくい，捕まえにくい [= difficult to catch]
excruciatingly [ɪkskrúːʃièɪtɪŋli],極度に
fraudulent [frɔ́ːdʒələnt],"詐欺的な [= dishonest, deceitful]"
irreparably [ɪrépərəbli],修復できないほど
lackluster [lǽklʌ̀stər],精彩を欠いた，ぱっとしない
lurid [lʊ́rəd],"ぞっとするような [= horrible, gruesome]，燃えるように真っ赤な [= glowing]"
roundabout [ráʊndəbàʊt],回りくどい，遠回しの [= euphemistic]
shrewd [ʃruːd],鋭い [= astute]，抜け目のない [= clever]
voraciously [vərέɪʃəsli],むさぼるように [= insatiably]
sedentary [sédəntèri],座りがちの [= sitting]，ほとんど体を動かさない
archaic [ɑːrkéɪɪk],"古風な [= antiquated, old-fashioned]，古代の [= ancient]"
embedded [ɪmbédɪd],埋め込まれた [= implanted]
inclement [ɪnklémənt],"（天候が）荒れ模様の，厳しい [= rough, severe, stormy, tempestuous]（⇔clement）"
facetious [fəsíːʃəs],滑稽な，ひょうきんな [= jocular]
docile [dɑ́(ː)səl],"従順な [= tame, submissive, obedient]"
momentous [moʊméntəs],重大な [= important]
nonchalant [nɑ̀(ː)nʃəlɑ́ːnt],平然としている [= calm]
pragmatic [prægmǽtɪk],実利的な，実用的な，実用主義の
retroactively [rètroʊǽktɪvli],遡及して
salient [séɪliənt],"目立った，顕著な [= striking, prominent, conspicuous]"
prostrate [prɑ́(ː)streɪt],"伏せた [= lying flat, lying face down]"
obligatory [əblɪ́gətɔ̀ːri],義務的な，強制的な [= mandatory]
oblivious [əblɪ́viəs],（〜に）気付いていない〈of〉，（〜を）忘れている [= unmindful]〈of〉
teeming [tíːmɪŋ],あふれている [= filled]
appalled [əpɔ́ːld],唖然としている [= shocked]
implicit [ɪmplɪ́sɪt],暗に示された [= implied]，暗黙の（⇔explicit 明確な），絶対の [= absolute]
bellicose [bélɪkòʊs],"好戦的な [= warlike, belligerent]，けんか好きな [= pugnacious, quarrelsome]"
vibrant [váɪbrənt],"活気のある [= spirited, vivacious]，反響する"
subsequent [sʌ́bsɪkwənt],その後の [= succeeding]
stimulate [stɪ́mjulèɪt],を刺激する [= activate]
retrieve [rɪtríːv],"を取り戻す [= recover, get back]，を検索する"
fuel [fjúːəl],を煽る [= agitate]，に燃料を補給する
halt [hɔːlt],止まる，を止める [= stop]
heed [hiːd],に気を付ける [= pay attention to]
expand [ɪkspǽnd],を拡大する
forebode [fɔːrbóʊd],（悪いことを）予言する，虫が知らせる [= portend]
clarify [klǽrəfài],を明らかにする [= make clear]
elongate [ɪlɔ́(ː)ŋgeɪt],を長くする [= lengthen]
liken [láɪkən],を（〜に）例える [= compare]〈to〉
spurn [spəːrn],"をきっぱりと拒絶する [= refuse, reject]"
stray [streɪ],"（〜から）はぐれる [= wander off, move away]〈from〉"
predominate [prɪdɑ́(ː)mɪnèɪt],優位を占める [= be in the majority]
elaborate [ɪlǽbərèɪt],（〜について）詳述する〈on〉
retain [rɪtéɪn],"を保つ [= keep, maintain]"
bestow [bɪstóʊ],"（称号・栄誉などを）（〜に）授ける [= confer, grant]〈on〉"
improvise [ɪ́mprəvàɪz],即興で演奏する，を即席で作る [= extemporize]
uphold [ʌphóʊld],を守る，支持する [= support]
mesmerize [mézməràɪz],"を魅了する [= fascinate, spellbind]，に催眠術をかける [= hypnotize]"
stipulate [stɪ́pjulèɪt],"を明記する [= state, specify]"
guarantee [gæ̀rəntíː],を確約する，を保証する
reconcile [rékənsàɪl],を（〜と）和解させる〈with〉
revert [rɪvə́ːrt],（財産などが）（〜に）復帰する，（元の状態に）戻る [= go back]〈to〉
rebate [ríːbeɪt],を払い戻す
reimburse [rìːɪmbə́ːrs],"に払い戻す [= refund, pay back]"
remit [rɪmɪ́t],"を送金する [= send]，を免じる [= pardon, forgive]"
reciprocate [rɪsɪ́prəkèɪt],に返礼する，を交換する
redeem [rɪdíːm],（紙幣）を兌換する，を買い戻す，（名誉など）を回復する
accentuate [ækséntʃuèɪt],を強調する [= highlight]
accelerate [ækséləreɪt],加速する [= speed up]（⇔decelerate）
rejuvenate [rɪdʒúːvənèɪt],を再活性化させる [= revitalize]
revitalize [riːváɪtəlàɪz],に新しい活力を与える
emigrate [émɪgrèɪt],（〜へ）移住する [= migrate]〈to〉
migrate [máɪgrèɪt],"（鳥などが）渡る，移住する [= immigrate, emigrate]"
reinforce [rìːɪnfɔ́ːrs],を補強する [= strengthen]
recapitulate [rìːkəpɪ́tʃulèɪt],を要約する [= summarize]
revise [rɪváɪz],を改訂する [= reedit]，を改正する
redress [rɪdrés],"（損害などを）償う，（問題などを）是正する [= rectify, remedy]"
refurbish [riːfə́ːrbɪʃ],を改装する，を一新する [= renovate]
suffocate [sʌ́fəkèɪt],窒息（死）する [= smother]
smother [smʌ́ðər],"（火を）（〜で）覆って消す〈with〉，を窒息（死）させる [= choke, stifle, suffocate]"
drain [dreɪn],の水を排出する [= draw off]
drench [drentʃ],びしょぬれになる，水浸しになる
decant [dɪkǽnt],を（〜へ）注ぐ〈into〉[= pour out]
deregulate [diːrégjulèɪt],の規制を緩和する [= remove government controls from]
extract [ɪkstrǽkt],"を（〜から）抽出する，を（〜から）抜粋する [= quote, excerpt]〈from〉"
exterminate [ɪkstə́ːrmɪnèɪt],を絶滅させる [= extinguish]
extort [ɪkstɔ́ːrt],（金を）ゆすり取る
repel [rɪpél],"を追い払う [= expel, reject, spurn]"
retort [rɪtɔ́ːrt],言い返す，に反論する [= counter]
encapsulate [ɪnkǽpsəlèɪt],を要約する [= summarize]
entrust [ɪntrʌ́st],を（〜に）預ける，を（〜に）ゆだねる〈to〉
entail [ɪntéɪl],"を（必然的に）伴う [= include, involve]，を余儀なくさせる [= require]"
induce [ɪndjúːs],"に（〜をするように）説得する [= persuade, motivate]〈to do〉"
integrate [ɪ́ntɪgrèɪt],（〜に）溶け込む [= harmonize]，を（〜に）統合する〈into〉（⇔segregate）
ingratiate [ɪngréɪʃièɪt],（〜に）気に入られるようにする〈with〉
jeer [dʒɪər],"（〜を）あざける [= mock, gibe]〈at〉"
sneer [snɪər],"（〜を）あざ笑う [= scoff, jeer, gibe]〈at〉"
deride [dɪráɪd],を嘲笑する，をあざける
discharge [dɪstʃɑ́ːrdʒ],を退院させる，を解雇する [= dismiss]，を放出する [= emit]
dispel [dɪspél],"を追い散らす [= disperse, scatter, drive away]"
displace [dɪspléɪs],を強制退去させる，を移動させる
distend [dɪsténd],膨らむ，膨らませる [= swell]
oust [aʊst],を追い出す，（財産などを）取り上げる
evict [ɪvɪ́kt],を立ち退かせる [= expel by legal procedure]
expel [ɪkspél],"を追放する [= drive out, force out]"
evacuate [ɪvǽkjuèɪt],を（〜から）避難させる，を（〜から）立ち退かせる〈from〉
relegate [rélɪgèɪt],を（〜に）追いやる [= demote]，を（〜に）委託する [= delegate]〈to〉
dismantle [dɪsmǽntl],を分解する [= take apart]
disrupt [dɪsrʌ́pt],を中断［混乱］させる [= interrupt]
discard [dɪskɑ́ːrd],"を捨てる [= dump, throw away]，を解雇する [= fire, dismiss]"
ditch [dɪtʃ],"を捨てる [= discard, desert, abandon]"
soar [sɔːr],舞い上がる [= rise high]，（価格が）急騰する [= skyrocket]
surge [səːrdʒ],（波が）押し寄せる [= billow]，急上昇する
skyrocket [skáɪrɑ̀(ː)kət],急騰する [= shoot through the roof]
contend [kənténd],（〜を）競う [= compete]
contradict [kɑ̀(ː)ntrədɪ́kt],に反論する [= dispute]，と矛盾する
belittle [bɪlɪ́tl],を見くびる，を卑下する [= debase]
deprecate [déprəkèɪt],"を軽んじる [= depreciate, belittle, make light of]"
deface [dɪféɪs],の表面を（〜で）汚す〈with〉[= tarnish]
defame [dɪféɪm],の名誉を傷つける [= slander]
mediate [míːdièɪt],（〜を）調停する〈in〉，とりなす [= intercede]
meditate [médɪtèɪt],"（〜について）熟考する，めい想する [= ponder, muse]〈on〉"
contemplate [kɑ́(ː)ntəmplèɪt],を熟考する，沈思黙考する
deteriorate [dɪtíəriərèɪt],悪化する [= worsen]
decay [dɪkéɪ],"崩壊する [= become weak, disintegrate]，腐食する"
adorn [ədɔ́ːrn],を（〜で）飾る〈with〉[= decorate]
emblazon [ɪmbléɪzən],を（〜で）飾る〈with〉[= ornament]
divert [dəvɑ́ːrt],を（〜から）そらす [= deviate]〈from〉
deflect [dɪflékt],をそらす [= divert]，外れる [= swerve]
diverge [dəvə́ːrdʒ],分岐する，をそらす [= deviate]
empathize [émpəθàɪz],"（に）共感する [= sympathize, identify]〈with〉"
empower [ɪmpáʊər],に権力を持たせる [= authorize]，を力づける
embolden [ɪmbóʊldən],を励ます，を大胆にする
embody [ɪmbɑ́(ː)di],を体現する，を具体的に表現する
materialize [mətíəriəlàɪz],具体化する [= concretize]
embezzle [ɪmbézl],"を横領する [= steal, appropriate fraudulently]"
embark [ɪmbɑ́ːrk],（事業などに）乗り出す [= launch out]〈on〉，乗船する [= go on board]，を乗せる
embrace [ɪmbréɪs],を受諾する [= accept]，を抱きしめる [= hug]
obstruct [əbstrʌ́kt],"を妨害する [= hinder, impede, hamper, retard]"
hamper [hǽmpər],"を妨げる [= hinder, impede, encumber, prevent, obstruct]"
hinder [hɪ́ndər],を妨げる [= hamper]
transcend [trænsénd],"を越える [= outgo, exceed, rise above]"
transpose [trænspóʊz],を（〜に）置き換える〈to〉
uncover [ʌnkʌ́vər],を暴露する [= reveal]，を見いだす [= discover]（⇔conceal 隠す）
undertake [ʌ̀ndərtéɪk],を引き受ける（⇔refuse 断る）
unearth [ʌnə́ːrθ],を発掘する [= excavate]（⇔bury 埋める）
unfold [ʌnfóʊld],を広げる [= open]
unsettle [ʌnsétl],を動揺させる [= discompose]
incriminate [ɪnkrɪ́mɪnèɪt],"に罪を負わせる，を告発する [= accuse, charge with a crime]"
instill [ɪnstɪ́l],を教え込む [= inculcate]
enroll [ɪnróʊl],（〜に）入学［入会］する〈in〉，を登録する [= register]
engulf [ɪngʌ́lf],を飲み込む [= swallow up]
engender [ɪndʒéndər],"を生み出す [= cause, generate, give rise to, produce]"
ensue [ɪnsjúː],"結果として起こる [= follow (immediately), come after]"
enforce [ɪnfɔ́ːrs],（法律などを）執行する [= dispense]
stagger [stǽgər],"よろめく [= totter, waver]，（勤務時間などを）ずらす"
waver [wéɪvər],（信念などの点で）心が揺らぐ [= vacillate]〈in〉，動揺する
exasperate [ɪgzǽspərèɪt],"を憤慨させる [= infuriate, irritate]"
resent [rɪzént],に憤る [= show indignation at]，を恨みに思う [= have a grudge against]
surmount [sərmáʊnt],"に打ち勝つ [= overcome, get the better of]"
surpass [sərpǽs],"を上回る [= exceed, excel, transcend]"
impair [ɪmpéər],"を損なう [= deteriorate, make worse]"
jeopardize [dʒépərdàɪz],"を危険に陥れる [= risk, imperil]"
mar [mɑːr],"を損なう [= damage, disfigure, spoil, impair]"
mortify [mɔ́ːrtəfài],に恥をかかせる [= embarrass]
humiliate [hjumílièɪt],"に恥をかかせる [= degrade, mortify]"
proclaim [proʊkléɪm],を宣言する，を公表する
profess [prəfés],（〜であると）自称する〈to do〉
scatter [skǽtər],"散り散りになる [= disperse]，をまき散らす [= sprinkle, spread]"
congregate [kɑ́(ː)ngrɪgèɪt],"集まる [= gather, assemble]"
allocate [ǽləkèɪt],を（〜に）配分する〈to〉[= allot]
synthesize [sɪ́nθəsàɪz],を統合する（⇔analyze 分解する）
pledge [pledʒ],を誓約する [= promise solemnly]
waive [weɪv],"（権利などを）放棄する [= relinquish, forgo]"
assimilate [əsɪ́mɪlèɪt],（〜に）同化する〈into〉，を吸収する [= absorb]
merge [məːrdʒ],"合併する，を合併する [= unite, combine]"
censure [sénʃər],"を（〜のことで）非難する〈for〉[= criticize, blame]"
supplant [səplǽnt],"の地位を奪い取る [= replace, supersede]"
stabilize [stéɪbəlàɪz],を安定させる
intrigue [ɪntríːg],（〜と）共謀する〈with〉，陰謀を企てる [= conspire]
penetrate [pénətrèɪt],に侵入する，を貫通する
probe [proʊb],を厳密に調査する [= investigate]，を精査する [= explore thoroughly]
abuse [əbjúːz],を悪用する [= misuse]，濫用する
poach [poʊtʃ],を密猟する，を侵害する [= intrude into]
cease [siːs],を終える，終わる [= come to an end]
circulate [sə́ːrkjulèɪt],広がる [= spread]
claim [kleɪm],を主張する
ratify [rǽtəfài],を批准する
forfeit [fɔ́ːrfɪt],を失う，を没収される
implicate [ɪ́mplɪkèɪt],を（犯罪などに）巻き込む [= involve]，を意味する [= imply]
perpetrate [pə́ːrpətrèɪt],（犯罪・過失などを）犯す [= commit]
monopolize [mənɑ́(ː)pəlàɪz],を独占する [= dominate]
smuggle [smʌ́gl],を密輸する [= carry illicitly]
expire [ɪkspáɪər],満期になる，終了する [= terminate]，死ぬ [= pass away]
compile [kəmpáɪl],（書物などを）編集する [= edit]
hatch [hætʃ],卵が孵化する [= incubate]
hibernate [háɪbərnèɪt],冬眠する
metabolize [mətǽbəlàɪz],を新陳代謝する
reap [riːp],を刈り取る [= harvest]
saturate [sǽtʃərèɪt],を飽和状態にする，を完全に浸す
inoculate [ɪnɑ́(ː)kjulèɪt],に（〜の）予防接種をする [= vaccinate]〈against〉
evolve [ɪvɑ́(ː)lv],（〜から）進化する [= develop]〈from〉
inject [ɪndʒékt],を（〜に）注射する，を（〜に）注入する〈into〉
erupt [ɪrʌ́pt],"噴火する，（感情が）爆発する [= blow up, explode]，（戦争が）勃発する [= break out]"
wriggle [rɪ́gl],体をくねらせる
guzzle [gʌ́zl],をがぶがぶ飲む，をがつがつ食べる [= devour]
nudge [nʌdʒ],を（肘で）そっとつつく
sprawl [sprɔːl],手足を伸ばして寝そべる [= stretch out]
jiggle [dʒɪ́gl],を小刻みに動かす [= shake]
dangle [dǽŋgl],"を（〜の前に）ぶら下げる〈before, in front of〉"
invert [ɪnvə́ːrt],を逆さにする [= turn over]
fumble [fʌ́mbl],手探りする
quiver [kwívər],"震える [= tremble, quake, shiver]"
assault [əsɔ́(ː)lt],"に暴行する [= abuse, molest]，を攻撃する [= attack, assail]"
bombard [bɑ(ː)mbɑ́ːrd],に（質問などを）浴びせる〈with〉
incapacitate [ìnkəpǽsɪtèɪt],を無力化する
devastate [dévəstèɪt],を破壊する [= destroy]
excel [ɪksél],（〜において）優れている，（〜において）に勝る [= surpass]〈in〉
esteem [ɪstíːm],"を尊敬する，を高く評価する [= respect, adore, venerate, worship]"
overrun [òʊvərʌ́n],にはびこる，にあふれる，を侵略する [= infest]
simulate [sɪ́mjulèɪt],"を模擬実験する，のふりをする [= counterfeit, feign, pretend]"
collaborate [kəlǽbərèɪt],（〜と）協力する〈with〉
commence [kəméns],"始まる [= begin, start]"
provoke [prəvóʊk],"を挑発する [= incite, stimulate]，をいらだたせる [= irritate, annoy, anger]"
evaporate [ɪvǽpərèɪt],"消滅する [= disappear, vanish]，蒸発する"
amplify [ǽmplɪfài],を詳述する，を増幅する
scrutinize [skrúːtənàɪz],を綿密に調べる [= examine minutely]
submerge [səbmə́ːrdʒ],潜水する，を水中に沈める
permeate [pə́ːrmièɪt],"に広まる [= pervade, spread through]，に浸透する [= penetrate]"
affix [əfɪ́ks],を（〜に）取り付ける，を（〜に）添付する，を（〜に）書き添える [= attach]〈to〉
discern [dɪsə́ːrn],（…ということ）がわかる〈that〉，を見分ける
coax [koʊks],"をなだめて〜させる [= persuade, entice]〈into〉"
denote [dɪnóʊt],"（記号などが）を示す [= indicate, mark]（⇔connote ほのめかす）"
exemplify [ɪgzémplɪfài],を例証する [= illustrate]
harness [hɑ́ːrnɪs],（自然の力）を利用する，（馬に）馬具を付ける
chafe [tʃeɪf],"（〜に）いらだつ [= irritate]〈at, under〉，を擦りむく [= scrape]"
loom [luːm],ぼんやり現れる [= appear dimly]
rumble [rʌ́mbl],ごろごろと鳴る
snare [sneər],"をわなに掛ける [= trap, wile]"
steer [stɪər],"を導く，の舵を取る [= direct, guide]"
evoke [ɪvóʊk],"を呼び起こす [= draw forth, conjure up]"
dub [dʌb],（いくつかの録音を）合成する，（音・映像を）複製する，を（別の言語に）吹き替える
grapple [grǽpl],（〜と）真剣に取り組む〈with〉[= struggle]
exert [ɪgzə́ːrt],を行使する，を働かせる [= exercise]
grumble [grʌ́mbl],文句を言う [= complain]〈about〉
hover [hʌ́vər],空中に停止する [= float]
precede [prɪsíːd],に先んじる [= come before]（⇔follow），より重要な位置にいる
reside [rɪzáɪd],住む [= live in]
specify [spésəfài],を具体的に述べる [= state]
topple [tɑ́(ː)pl],バランスが崩れて倒れる [= overbalance]
usher [ʌ́ʃər],を（〜へ）案内する〈to〉[= escort]
withhold [wɪðhóʊld],を与えない，抑える，差し控える [= keep back]
shatter [ʃǽtər],を粉砕する [= break into pieces]，（健康などを）害する
dice [daɪs],をさいの目に切る
garble [gɑ́ːrbl],を文字化けさせる
flourish [flə́ːrɪʃ],栄える [= thrive]
dart [dɑːrt],突進する
diversify [dəvə́ːrsɪfài],を多様化する
rationale [ræ̀ʃənǽl],理論的根拠
restraint [rɪstréɪnt],抑制 [= constraint]，遠慮
stem [stem],茎 [= stalk]，幹 [= trunk]，船首（⇔stern）
gorge [gɔːrdʒ],（渓流の流れる）渓谷，小峡谷
zest [zest],"熱意，興味，痛快味 [= relish, gusto, piquancy]"
complex [kɑ́(ː)mpleks],集合体，強迫観念
artifact [ɑ́ːrtɪfæ̀kt],工芸品 [= craftwork]
reversal [rɪvə́ːrsəl],"逆転，転換 [= turnaround, turnover]"
altruism [ǽltruìzm],利他主義，利他心 [= regard for others]
mimicry [mɪ́mɪkri],物まね [= imitation]
coincidence [koʊɪ́nsɪdəns],偶然の一致 [= concurrence]
oversight [óʊvərsàɪt],見落とし，監督，管理 [= supervision]
privilege [prɪ́vəlɪdʒ],特典，特権
liaison [líːəzɑ̀(ː)n],"連絡 [= connection, contact]，連絡係，密通 [= illicit love affair]"
assessment [əsésmənt],"査定，評価 [= appraisal, rating]"
bias [báɪəs],えこひいき [= partiality]，先入観 [= prejudice]，傾向 [= tendency]
incidence [ɪ́nsɪdəns],発生率 [= degree of occurrence]，影響の範囲 [= extent of influence]
amity [ǽməti],友好 [= friendship]（⇔enmity 敵意）
pageant [pǽdʒənt],華麗な行列 [= splendid procession]，山車
paragon [pǽrəgɑ̀(ː)n],模範 [= perfect example]
parameter [pərǽmətər],限界 [= limit]
patronage [péɪtrənɪdʒ],"後援 [= backing, support]"
erudition [èrjudɪ́ʃən],博学 [= extensive knowledge]
expertise [èkspərtíːz],専門知識［技術］ [= specialist knowledge]
affiliation [əfìliéɪʃən],"協力関係，併合，提携 [= association, cooperation]"
platitude [plǽtətjùːd],ありきたりの決まり文句 [= overworked saying]
tinge [tɪndʒ],かすかな意味合い
travesty [trǽvəsti],まがい物 [= poor imitation]
abundance [əbʌ́ndəns],豊富 [= plentifulness]
metaphor [métəfɔ̀(ː)r],隠喩 [= application of a different term to a thing]（⇔simile 直喩）
infirmity [ɪnfə́ːrməti],病気 [= sickness]，欠点
deficiency [dɪfɪ́ʃənsi],不足 [= shortage]，不完全（性） [= incompleteness]
hygiene [háɪdʒiːn],衛生管理，清潔 [= cleanliness]
antibiotic [æ̀ntɪbaɪɑ́(ː)tɪk],抗生物質 [= chemical substances that are used in treating infectious diseases]
tantrum [tǽntrəm],かんしゃく，不機嫌
cramp [kræmp],（筋肉の）痙攣，生理痛
spasm [spǽzm],（筋肉の）ひきつり [= cramp]
tumor [tjúːmər],腫瘍
diagnosis [dàɪəgnóʊsɪs],診断
qualm [kwɑːm],"（〜に対する）良心の呵責 [= compunction]，（〜に対する）不安 [= misgiving, uneasiness]〈about〉"
enzyme [énzaɪm],酵素 [= chemical ferment]
graft [græft],移植 [= transplant]
mutation [mjuːtéɪʃən],変異型 [= transformation]
microbe [máɪkroʊb],病原菌 [= germ]，微生物 [= microorganism]
epicenter [épɪsèntər],震源地，核心
coma [kóʊmə],昏睡 [= trance]
paralysis [pərǽləsɪs],麻痺
parasite [pǽrəsàɪt],寄生生物，居候 [= sponger]
autopsy [ɔ́ːtɑ̀(ː)psi],検死 [= postmortem]
incubator [ɪ́nkjubèɪtər],保育器，起業支援者
hypnosis [hɪpnóʊsɪs],催眠術 [= mesmerism]
limb [lɪm],"手足 [= arm, leg]"
delusion [dɪlúːʒən],妄想 [= mistaken belief]，錯覚
deprivation [dèprɪvéɪʃən],"（必需品の）欠如 [= poverty, destitution]，（特権などの）剥奪"
disposal [dɪspóʊzəl],処分 [= discarding]
dissolution [dìsəlúːʃən],解体，分解 [= disintegration]，（議会などの）解散
disgust [dɪsgʌ́st],嫌悪 [= revulsion]
deference [défərəns],敬意 [= respect]，服従 [= obedience]
diversion [dəvə́ːrʒən],迂回路 [= detour]，転換
detour [dɪtúər],回り道，迂回
thesis [θíːsɪs],論文 [= dissertation]，論題 [= proposition]
discourse [dɪskɔ́ːrs],"講演 [= lecture]，論文 [= treatise, dissertation]，会話 [= conversation]"
dissertation [dìsərtéɪʃən],論文 [= thesis]
inception [ɪnsépʃən],"初め，開始 [= start, commencement]"
advent [ǽdvènt],"出現，到来 [= arrival, coming]"
yardstick [jɑ́ːrdstìk],"基準，尺度 [= criterion, standard]"
criterion [kraɪtíəriən],"基準，標準 [= standard, yardstick]"
expenditure [ɪkspéndɪtʃər],支出，消費
proceeds [próʊsiːdz],収益 [= profits]，収入 [= income]
premium [príːmiəm],報奨金 [= reward]，保険料 [= payment for insurance]
utility [jutíləti],（電気・ガス・水道などの）公益事業，有用性
balance [bǽləns],残高 [= remainder]
dividend [dívɪdènd],（株の）配当金
surplus [sə́ːrplʌs],黒字 [= favorable balance]（⇔deficit）
deficit [défəsɪt],赤字 [= unfavorable balance]（⇔surplus）
deduction [dɪdʌ́kʃən],控除（額），差し引き [= recoupment]，推論 [= reasoning]，演繹法（⇔induction 帰納法）
dues [djuːz],会費 [= fee]
insinuation [ɪnsɪnjuéɪʃən],ほのめかし [= hint]，当てこすり
innuendo [ìnjuéndoʊ],"暗示 [= insinuation, implication]"
connotation [kɑ̀(ː)nətéɪʃən],言外の意味 [= hidden meaning]
craze [kreɪz],熱狂的な流行 [= vogue]
fad [fæd],一時的流行 [= temporary fashion]
infusion [ɪnfjúːʒən],注入
intake [ɪ́ntèɪk],入学者数，摂取
archaeologist [ɑ̀ːrkiɑ́(ː)lədʒɪst],考古学者
counterfeiter [káʊntərfìtər],偽造者
mediator [míːdièɪtər],"仲裁者 [= intercessor, advocate]"
debtor [détər],債務者 [= borrower]（⇔creditor）
outcast [áʊtkæ̀st],追放された人，浮浪者
upstart [ʌ́pstɑ̀ːrt],成り上がり者，成金 [= parvenu]
bigot [bígət],排他的な人
proprietor [prəpráɪətər],所有者 [= owner]
beneficiary [bènɪfíʃièri],恩恵を受ける人 [= one who receives benefit]
warden [wɔ́ːrdən],監督者 [= superintendent]
matrimony [mǽtrəmòʊni],結婚 [= marriage]（⇔divorce）
spouse [spaʊs],"配偶者 [= partner in life, one joined in wedlock]"
naturalization [nætʃərəlaɪzéɪʃən],帰化すること [= acquiring citizenship]
infancy [ɪ́nfənsi],初期段階 [= early stage]，幼児期
lineage [líniɪdʒ],家系 [= house]，血統 [= ancestry]
condolence [kəndóʊləns],お悔やみ，弔辞 [= funeral oration]，哀悼
leftover [léftòʊvər],"（食事の）残り物 [= remainder, uneaten food]"
amenity [əmíːnəti],快適さ [= pleasantness]，生活を快適にするもの
keepsake [kíːpsèɪk],記念品 [= memento]
thrift [θrɪft],倹約 [= economy]
subsistence [səbsístəns],"生計 [= livelihood]，生存 [= existence, being]，（最低必要な）生活手段"
habitat [hǽbɪtæ̀t],生息環境，居住地
inhabitant [ɪnhǽbətənt],住民 [= resident]
foliage [fóʊlɪɪdʒ],木の葉 [= leafage]
fertility [fə(ː)rtíləti],豊かさ [= richness]，肥沃 [= fecundity]，出生率
ebb [eb],衰退，減退，引き潮
primate [práɪmeɪt],"霊長類 [= highest class of animals, including man, apes and monkeys]"
pesticide [péstɪsàɪd],殺虫剤 [= chemical substance to kill insects]
famine [fǽmɪn],"飢饉 [= hunger, food shortage]"
irrigation [ìrɪgéɪʃən],灌漑，水を引くこと
palate [pǽlət],味覚 [= sense of taste]，好み [= liking]
guise [gaɪz],見せかけ，外見
pretense [prí:tens],ふり [= guise]
morsel [mɔ́ːrsəl],一口 [= mouthful]，わずか
ratio [réɪʃiòʊ],割合 [= proportion]
modicum [mɑ́(ː)dɪkəm],"少量 [= bit, small quantity]"
intervention [ìntərvénʃən],介入 [= intercession]
collision [kəlɪ́ʒən],衝突 [= crash]
agenda [ədʒéndə],協議事項（リスト） [= a list of things to be dealt with at a meeting]
elevation [èlɪvéɪʃən],昇進 [= promotion]，高度
entrepreneur [ɑ̀ːntrəprənə́ːr],起業家
luminary [lúːmənèri],権威者 [= authority]，天体
monopoly [mənɑ́(ː)pəli],独占（権），専売（権）
stake [steɪk],株 [= stock]，投資，利害関係
coverage [kʌ́vərɪdʒ],報道，取材範囲
hallmark [hɔ́ːlmɑ̀ːrk],特質 [= feature]，品質証明 [= authenticity]
remuneration [rɪmjùːnəréɪʃən],"報酬 [= reward, recompense, compensation]，給料 [= pay, salary]"
confiscation [kɑ̀(ː)nfɪskéɪʃən],"没収 [= forfeit, expropriation]"
conspiracy [kənspírəsi],共謀 [= collusion]，陰謀 [= plot]
asset [ǽsèt],資産 [= resources]，長所 [= strong point]
commitment [kəmítmənt],責任 [= responsibility]，献身 [= devotion]
inauguration [ɪnɔ̀ːgjəréɪʃən],就任（式），開始 [= commencement]
bankruptcy [bǽŋkrʌptsi],倒産
embargo [ɪmbɑ́ːrgoʊ],輸出入禁止，出入港禁止命令，禁止 [= prohibition]
rundown [rʌ́ndàʊn],"概要（報告） [= summary, briefing, synopsis]，漸減"
debit [débət],（銀行口座の）引き落とし，（帳簿の）借方
bribery [bráɪbəri],贈収賄
transaction [trænsǽkʃən],取引 [= deal]
imposition [ìmpəzɪ́ʃən],課税 [= levy]，負担 [= burden]
loophole [lúːphòʊl],（法律などの）抜け穴
bibliography [bìbliɑ́(ː)grəfi],参考文献，出版目録
caricature [kǽrɪkətʃʊ̀ər],（人物の）風刺漫画 [= sarcastic cartoon]
chronicle [krɑ́(ː)nɪkl],年代記，物語 [= narrative]
specter [spéktər],恐怖，幽霊 [= ghost]
apparition [æ̀pərɪ́ʃən],"幽霊 [= specter, ghost]，突然の出現"
stowage [stóʊɪdʒ],保管場所 [= deposit]
repository [rɪpɑ́(ː)zətɔ̀ːri],保管場所，倉庫 [= warehouse]
gradient [gréɪdiənt],傾斜，坂 [= slope]，勾配
hemisphere [hémɪsfìər],半球
attic [ǽtɪk],屋根裏部屋 [= loft]
cove [koʊv],入り江 [= inlet]
pasture [pǽstʃər],牧草地 [= meadow]
auditorium [ɔ̀ːdɪtɔ́ːriəm],公会堂 [= public hall]
niche [nɪtʃ],適した地位［職業］，すき間産業（ニッチ）
attribute [ǽtrɪbjùːt],特質，属性 [= attribution]
trait [treɪt],資質 [= characteristic]
disposition [dìspəzɪ́ʃən],気質 [= inclination]，傾向 [= tendency]
idiosyncrasy [ìdiəsɪ́ŋkrəsi],（個人的）特異性 [= personal peculiarity]，特質
temperament [témpərəmənt],気質 [= natural disposition]，激しい気性
proclivity [proʊklɪ́vəti],"傾向 [= inclination, propensity, tendency]"
compassion [kəmpǽʃən],"哀れみ [= pity, mercy]，同情 [= sympathy]"
complacency [kəmpléɪsənsi],自己満足，ひとりよがり [= self-satisfaction]
composure [kəmpóʊʒər],平静，沈着
compunction [kəmpʌ́ŋkʃən],やましさ [= scruple]，良心の呵責 [= twinge of conscience]
compliance [kəmpláɪəns],遵守 [= observance]
ambivalence [æmbívələns],ためらう気持ち [= hesitation]，相反する感情 [= dilemma]
obscurity [əbskjʊ́ərəti],世に知られていないこと
boon [buːn],"恩恵 [= benefit, blessing, favor]"
bounty [báʊnti],"恵み深さ，寛大 [= generosity, liberality]，助成金"
perseverance [pə̀ːrsəvíərəns],不屈（の努力），忍耐 [= patience]
affability [æ̀fəbɪ́ləti],愛想の良さ [= friendliness]
magnetism [mǽgnətìzm],人を引き付ける力 [= attractiveness]
lure [ljʊər],おとり [= decoy]，ルアー，魅力 [= enticement]
enticement [ɪntáɪsmənt],誘惑するもの [= allurement]，魅力 [= attraction]
captivation [kæ̀ptɪvéɪʃən],"魅力，魅惑 [= charm, fascination, enchantment]"
hunch [hʌntʃ],直感，予感
whim [wɪm],"思いつき [= caprice, fancy]"
credulity [krɪdjúːləti],だまされやすいこと [= gullibility]
alacrity [əlǽkrəti],"敏活さ，活発さ [= briskness, agility]"
intoxication [ɪntɑ̀(ː)ksɪkéɪʃən],酩酊 [= drunkenness]，夢中 [= rapture]
preoccupation [prìɑ(ː)kjupéɪʃən],没頭 [= engrossment]
introvert [ɪ́ntrəvə̀ːrt],内向的な人（⇔extrovert）
clemency [klémənsi],寛大さ [= leniency]，慈悲 [= mercy]
condescension [kɑ̀(ː)ndɪsénʃən],恩着せがましさ，丁寧
drawback [drɔ́ːbæ̀k],欠点 [= shortcomings]，不利な点 [= disadvantage]
oblivion [əblívɪən],忘却 [= forgetting]
quirk [kwəːrk],奇癖 [= strange habit]
malice [mǽlɪs],悪意 [= spite]，敵意
abomination [əbɑ̀(ː)mɪnéɪʃən],"嫌悪感を起こすもの，嫌悪 [= detestation, loathing]"
integrity [ɪntégrəti],誠実，正直 [= honesty]，完全 [= completeness]
ingenuity [ìndʒənjúːəti],独創性 [= inventiveness]
conceit [kənsíːt],"うぬぼれ [= vanity, self-esteem]"
impartiality [ɪmpɑ̀ːrʃiǽləti],"公平 [= equity, fairness]"
absurdity [əbsə́ːrdəti],不合理，不条理，ばかばかしさ
apathy [ǽpəθi],"無関心 [= indifference, unconcern]，無感覚"
tedium [tíːdiəm],"退屈 [= boredom, monotony]"
veracity [vərǽsəti],真実性 [= truthfulness]
verification [vèrɪfɪkéɪʃən],立証 [= substantiation]
certitude [sə́ːrtətjùːd],"確信 [= conviction]，確実性 [= certainty, sureness]"
conviction [kənvɪ́kʃən],確信 [= assurance]，有罪の判決
impulse [ɪ́mpʌls],衝動
levity [lévəti],"軽薄な行動，軽薄 [= frivolity, flippancy]"
thread [θred],"筋道 [= clue, context]，糸"
threshold [θréʃhoʊld],入口 [= entrance]
equity [ékwəti],"公平 [= fairness, justice, impartiality]"
constellation [kɑ̀(ː)nstəléɪʃən],星座，（有名人などの）一団
deity [díːəti],神 [= god]
fragility [frədʒɪ́ləti],壊れやすさ [= frailty]
multitude [mʌ́ltɪtjùːd],群衆 [= crowd]，多数 [= large number]
tactics [tǽktɪks],戦術 [= strategy]
precedence [présɪdəns],（〜に対する）優先 [= priority]〈over〉
effigy [éfɪdʒi],像，肖像 [= image]
mirage [mərɑ́ːʒ],幻影 [= illusion]，蜃気楼
pendulum [péndʒələm],（時計の）振り子
culmination [kʌ̀lmɪnéɪʃən],"絶頂 [= height, zenith, climax, acme]"
exhortation [ègzɔːrtéɪʃən],訓戒，（熱心な）勧告 [= counsel]
confinement [kənfáɪnmənt],"監禁 [= imprisonment]，制限 [= limitation, restriction]"
sobriety [soʊbráɪəti],禁酒 [= temperance]，落ち着き [= calmness]
heritage [hérətɪdʒ],"遺産 [= asset, legacy]"
impetus [ɪ́mpətəs],（〜に対する）勢い〈for〉，起動力，推進力
tribute [tríbjuːt],敬意，賛辞 [= praise]
novelty [nɑ́(ː)vəlti],目新しさ，目新しいもの
courier [kə́ːriər],急送便業者 [= delivery service]
windfall [wɪ́ndfɔ̀ːl],意外な授かりもの，風で落ちた果物
alienation [èɪliənéɪʃən],疎外，遠ざけること
tenet [ténɪt],信条 [= belief]
respite [réspɪt],（〜の）一時的中断〈from〉，休息（期間）
stigma [stɪ́gmə],汚点，不名誉 [= disgrace]
rendition [rendɪ́ʃən],演奏，翻訳
ballot [bǽlət],投票，候補者名簿
brawl [brɔːl],騒動 [= commotion]，口げんか [= row]
crux [krʌks],核心 [= the bottom line]，十字架
contraption [kəntrǽpʃən],（機械の）仕掛け，工夫 [= device]
incense [ínsens],香，香のかおり
alignment [əláɪnmənt],調整 [= adjustment]，一列にすること [= bring into alignment]
axis [ǽksɪs],軸，枢軸
circumlocution [sə̀ːrkəmloʊkjúːʃən],回りくどい表現，遠回しな言い方 [= periphrasis]
configuration [kənfìgjəréɪʃən],"外形 [= contour, outline, external form]，（コンピューターの）接続機器の設定"
dimension [dəménʃən],"規模 [= size]，（長さ・幅・高さの）寸法 [= measurements in length, width and height]"
gait [geɪt],歩き方 [= manner of walking]
perimeter [pərɪ́mətər],周囲，周辺，（軍の）防御線地帯
plagiarism [pléɪdʒərìzm],"盗用，盗作 [= copying, piracy]"
recourse [ríːkɔːrs],"頼みとするもの［人］ [= resort, means of help]"
status quo [stèɪtəs kwóʊ],現状 [= existing state of affairs]
combustion [kəmbʌ́stʃən],燃焼 [= burning]
delineation [dɪlìniéɪʃən],"描写 [= depiction, description]"
diameter [daɪǽmətər],直径
milestone [máɪlstòʊn],画期的な出来事 [= epoch-making event]
vernacular [vərnǽkjulər],その土地の言葉，自国語
semblance [sémbləns],ふり [= pretense]，外観 [= appearance]
inducement [ɪndjúːsmənt],"刺激，誘因 [= motive, incentive]"
contamination [kəntæ̀mɪnéɪʃən],汚染 [= pollution]，汚すこと [= defilement]
patent [pǽtənt],特許（権），専売特許，特許品
commodity [kəmɑ́(ː)dəti],商品 [= merchandise]，生活用品
prone [proʊn],"（〜する）傾向がある [= liable, tending]〈to do〉，うつ伏せの [= prostrate]（⇔supine）"
communal [kəmjúːnəl],共同体の，共有の [= shared]
diverse [dəvə́ːrs],多様な [= various]
seamless [síːmləs],一貫して，途切れのない
vicarious [vɪkέəriəs],"代わりの [= delegated, substitute, deputy]"
virtually [və́ːrtʃuəli],事実上 [= in fact]，実質的には
mandatory [mǽndətɔ̀ːri],"義務的な，強制の [= obligatory, compulsory]，命令の"
abruptly [əbrʌ́ptli],突然 [= suddenly]
potential [pəténʃəl],潜在的な [= latent]（⇔actual）
indispensable [ìndɪspénsəbl],必要不可欠な [= essential]（⇔dispensable）
contiguous [kəntígjuəs],"連続した [= adjacent, near]，接触する [= touching]"
crude [kruːd],"天然のままの，粗野な [= uncultured, immature]"
confidential [kɑ̀(ː)nfɪdénʃəl],極秘の，機密の [= classified]
spontaneous [spɑ(ː)ntéɪniəs],自然発生的な，自発的な [= voluntary]
circumstantial [sə̀ːrkəmstǽnʃəl],状況的な，付随的な [= collateral]
overdue [òʊvərdjúː],（予定の日時より）遅れた，支払期限を過ぎた
conspicuous [kənspíkjuəs],"人目につく [= noticeable, easily seen]"
tentative [téntətɪv],"仮の [= not final, done by way of trial]"
demographic [dèməgrǽfɪk],人口統計の
exploratory [ɪksplɔ́ːrətɔ̀ːri],探索的な [= investigative]
hypothetical [hàɪpəθétɪkəl],"仮定した [= supposed, imagined]"
outright [áʊtràɪt],完全な [= complete]，紛れもない
medieval [mìːdiːvəl],中世の
contemporary [kəntémpərèri],現代の [= modern]，同時代の
stagnant [stǽgnənt],よどんだ [= not flowing]，停滞した，不景気の [= sluggish]
bleak [bliːk],"（見通しなどが）暗い，荒涼とした [= desolate, dreary]"
sluggish [slʌ́gɪʃ],"活気のない [= inactive, dull, slow-moving]"
bionic [baɪɑ́(ː)nɪk],生体工学の，超人的な
genetically [dʒənétɪkəli],遺伝的に
hybrid [háɪbrɪd],交配した，雑種の [= composite]
extinct [ɪkstɪ́ŋkt],絶滅した [= extinguished]，死に絶えた
dormant [dɔ́ːrmənt],（火山などが）活動していない [= inactive]，休眠中の [= sleeping]
toxic [tɑ́(ː)ksɪk],有毒な [= poisonous]
respiratory [réspərətɔ̀ːri],呼吸器に関する，呼吸の
chronic [krɑ́(ː)nɪk],"慢性の [= lingering, confirmed]（⇔acute 急性の）"
addictive [ədɪ́ktɪv],中毒性のある
perennial [pəréniəl],"永遠の，永続する [= enduring, everlasting]，多年生の"
inevitable [ɪnévɪtəbl],避けられない [= unavoidable]
imperative [ɪmpérətɪv],絶対に必要な，緊急の [= urgent]，命令的な，強制的な [= peremptory]
ethical [éθɪkəl],道徳にかなった [= moral]
plausible [plɔ́ːzəbl],もっともらしい，まことしやかな
psychologically [sàɪkəlɑ́(ː)dʒɪkəli],心理的に
psychic [sáɪkɪk],霊的な，精神の [= mental]
adolescent [æ̀dəlésənt],思春期の [= pubescent]
dispirited [dɪspírɪtɪd],意気消沈した [= disheartened]
distressing [dɪstrésɪŋ],悲惨な
empathic [empǽθɪk],共感を呼ぶ
emphatic [emfǽtɪk],（〜ということを）強調する〈that〉，語気が強い，強調的な
inanimate [ɪnǽnɪmət],生命のない [= lifeless]
inane [ɪnéɪn],"ばかげた [= foolish, silly]，空虚な [= empty, vacant]"
innate [ɪnéɪt],"生来の [= inborn, natural]，固有の [= native, inherent]"
incredulous [ɪnkrédʒələs],信じようとしない，疑わしい [= dubious]
intolerant [ɪntɑ́(ː)lərənt],（狭量で）我慢できない
inhospitable [ɪnhɑ́(ː)spɪtəbl],（土地などが）寄せつけない [= uninviting]
intractable [ɪntrǽktəbl],手に負えない [= unmanageable]
intrusive [ɪntrúːsɪv],押しつけがましい
invalid [ɪnvǽlɪd],無効の [= void]
intricate [ɪ́ntrɪkət],"複雑な [= involved, entangled, knotty]"
invariably [ɪnvέəriəbli],いつも [= always]
irrational [ɪrǽʃənəl],訳のわからない，不合理な [= unreasonable]
irresolute [ɪrézəlùːt],優柔不断な [= indecisive]
irrelevant [ɪréləvənt],（〜にとって）不適切な，（〜にとって）関係のない [= not pertinent]〈to〉
irate [aɪréɪt],"怒った [= angry, wrathful, enraged, furious]"
drastically [drǽstɪkəli],思い切って，徹底的に
overly [óʊvərli],過度に [= excessively]
obsolete [ɑ̀(ː)bsəlíːt],旧式の，廃れた [= out-of-date]
stale [steɪl],鮮度の落ちた（⇔fresh），陳腐な [= trite]
decrepit [dɪkrépɪt],老いぼれた [= senile]，使い古した [= worn-out]
gratified [grǽtɪfàɪd],（〜に）満足している〈by〉
blissful [blɪ́sfəl],この上なく幸せな [= beside oneself with joy]
bountiful [báʊntɪfəl],十分な [= abundant]
decent [díːsənt],"かなりの [= sufficient, ample]，きちんとした [= respectable, dignified]"
personable [pə́ːrsənəbl],好感の持てる [= likable]，魅力的な [= charming]
receptive [rɪséptɪv],（〜を）受け入れやすい，（〜に）感受性のある〈to〉
amicable [ǽmɪkəbl],友好的な [= friendly]
propitious [prəpíʃəs],好都合の [= favorable]
benevolently [bənévələntli],慈悲深く [= benignly]
dutifully [djúːtɪfəli],きちんと [= faithfully]
expansively [ɪkspénsɪvli],広い視野で [= comprehensively]（⇔restrictedly）
adequate [ǽdɪkwət],適切な [= appropriate]，十分な
efficacious [èfɪkéɪʃəs],効果のある [= effective]
enormous [ɪnɔ́ːrməs],巨大な [= huge]
invaluable [ɪnvǽljuəbl],"非常に貴重な [= precious, priceless]（⇔valueless）"
explicit [ɪksplɪ́sɪt],"明白な [= clear, distinct, definite]，あからさまな [= outspoken]（⇔implicit）"
tranquil [trǽŋkwɪl],のどかな，穏やかな
virtuous [və́ːrtʃuəs],高潔な（⇔vicious），純粋な [= pristine]
urbane [ə(ː)rbéɪn],"あか抜けた [= polished, refined]"
cozy [kóʊzi],"居心地のよい [= comfortable, snug]"
compatible [kəmpǽtəbl],相性がよい [= getting along well]，互換性のある（⇔incompatible）
genial [dʒíːnjəl],愛想のよい [= affable]，（気候が）温暖な [= mild]
submissive [səbmɪ́sɪv],"従順な [= obedient, docile]"
amenable [əmíːnəbl],（〜に）従順な [= obedient]，（〜に）従う義務がある〈to〉
feasible [fíːzəbl],"実行可能な [= practicable, possible]"
copious [kóʊpiəs],"多量の，豊富な [= abundant, plentiful, ample, rich]"
discreet [dɪskríːt],"思慮分別のある [= sensible, judicious]"
hilarious [hɪléəriəs],"浮かれ騒ぐ，陽気な [= jolly, mirthful]"
jubilant [dʒúːbɪlənt],"大喜びの [= elated, shouting with joy]"
pliable [pláɪəbl],"柔軟な [= flexible, adaptable, easily bent]"
assertive [əsə́ːrtɪv],積極的な [= strong-willed]（⇔submissive），独断的な [= confident]
devout [dɪváʊt],"敬虔な [= religious, pious]，熱心な [= earnest]"
intimate [ɪ́ntɪmət],詳細な，親密な
optimum [ɑ́(ː)ptɪməm],"最高の [= superlative]，最適の [= best, optimal]"
placid [plǽsɪd],"穏やかな [= calm, undisturbed, tranquil]"
assiduous [əsɪ́dʒuəs],"勤勉な [= diligent, industrious, persevering]"
authoritative [əθɔ́ːrətèɪtɪv],信頼すべき，当局の
full-fledged [fʊlflédʒd],本格的な，羽が生えそろった，一人前の
pertinent [pə́ːrtənənt],"適切な [= proper, fitting]，関連する [= relevant]"
transcendent [trænséndənt],超越した [= supernatural]
crucial [krúːʃəl],重大な [= critical]，決定的な [= decisive]
distinct [dɪstɪ́ŋkt],はっきりとわかる [= unique]
legitimate [lɪdʒítəmət],道理にかなった [= reasonable]，合法の [= lawful]
versatile [və́ːrsətəl],多才な，用途の広い [= all-purpose]
eligible [élɪdʒəbl],（〜に対して）資格がある [= qualified]（⇔ineligible）〈for〉
ingenious [ɪndʒíːniəs],"巧妙な [= inventive, resourceful]，器用な [= clever, skillfully made]"
judicious [dʒudɪ́ʃəs],"思慮分別のある [= reasonable, wise and careful]"
consummate [kɑ́(ː)nsəmət],"完成された [= complete, perfect]"
hostile [hɑ́(ː)stəl],"敵意のある [= unfriendly, antagonistic]，敵の"
possessed [pəzést],取りつかれている [= obsessed]
vicious [vɪ́ʃəs],"残酷な [= brutal]，悪意のある [= malicious]，堕落した [= profligate, depraved]"
frivolous [frívələs],軽薄な，ふまじめな [= flippant]，くだらない [= trifling]
petulant [pétʃələnt],怒りっぽい [= peevish]
capricious [kəprɪ́ʃəs],"気まぐれな [= changeable, whimsical]"
deceptive [dɪséptɪv],欺瞞である [= delusive]
unruly [ʌnrúːli],手に負えない [= disorderly]
malevolent [məlévələnt],"悪意のある [= spiteful, evil-minded, ill-disposed]"
crabby [krǽbi],"気難しい [= crabbed, difficult]"
haughty [hɔ́ːti],"傲慢な [= arrogant, supercilious]"
obnoxious [ɑ(ː)bnɑ́(ː)kʃəs],"鼻持ちならない，とてもいやな [= odious, snobbish, highly objectionable]"
poignant [pɔ́ɪnjənt],"心を打つ [= intense, moving]，痛切な [= keen, painful to the heart]"
inert [ɪnə́ːrt],"不活発な [= inactive, sluggish, lifeless]"
vulgar [vʌ́lgər],"下品な，卑俗な [= coarse, disgusting, filthy, indecent]"
trivial [tríviəl],"取るに足らない [= trifling, unimportant, insignificant]"
redundant [rɪdʌ́ndənt],"冗長な [= verbose]，余分な [= excessive, superfluous]"
disorientated [dìsɔ́ːrientèɪtɪd],頭が混乱した，方向がわからなくなった
arcane [ɑːrkéɪn],秘密の [= covert]，難解な
fallible [fǽləbl],誤りやすい，当てにならない [= fallacious]（⇔infallible）
formidable [fɔ́ːrmɪdəbl],"（敵などが）手ごわい，（仕事などが）大変な [= daunting, frightening, intimidating]"
confrontational [kɑ̀(ː)nfrʌntéɪʃənəl],対決する覚悟の [= defiant]
corrosive [kəróʊsɪv],痛烈な [= biting]，腐食性の [= erosive]
lousy [láʊzi],"ひどく悪い [= awful, terrible]"
menacingly [ménəsɪŋli],威嚇するように [= intimidatingly]
recklessly [réklɪsli],向う見ずに [= daringly]
ruthless [rúːθləs],"冷酷な [= cruel, merciless, unrelenting, relentless]"
rash [ræʃ],"軽率な [= incautious, indiscreet]，無謀な [= foolhardy]"
naive [naiːv],（軽蔑的に）単純な
strenuous [strénjuəs],"きつい，激しい，精力的な [= vigorous, energetic, zealous]"
trite [traɪt],"陳腐な [= hackneyed, stale, threadbare]"
tedious [tíːdiəs],"退屈な，つまらない [= boring, tiresome, wearisome]"
stern [stəːrn],"厳しい [= strict, severe, harsh]"
devoid [dɪvɔ́ɪd],"（〜を）欠いている [= destitute, empty]〈of〉"
dreary [dríəri],陰うつな，わびしい，もの寂しい，退屈な
hectic [héktɪk],てんてこまいの，ひどく興奮した
dismal [dɪ́zməl],"憂うつな [= gloomy, melancholic]，（成績などが）悲惨な"
frail [freɪl],弱々しい，壊れやすい
illicit [ɪlísɪt],"不義の，不正な [= improper]，違法の [= unlawful, illegal]"
bizarre [bɪzɑ́ːr],"異様な，奇怪な [= odd, grotesque, eccentric]"
coarse [kɔːrs],"（きめ・粒などが）粗い [= rough, harsh, not fine]，下品な [= vulgar, indelicate, crude]"
lax [læks],"しまりのない，だらしない [= loose, flabby, slack]"
pathetic [pəθétɪk],"哀れな [= pitiable, wretched]，不十分な [= insufficient]"
lethal [líːθəl],"致命的な [= mortal, deadly]"
disheveled [dɪʃévəld],"身なりのだらしない，（髪・服が）乱れた [= untidy, tousled]"
bedraggled [bɪdrǽgld],みすぼらしい
ambiguous [æmbígjuəs],曖昧な [= equivocal]（⇔explicit）
equivocal [ɪkwívəkəl],"曖昧な [= vague, ambiguous]，不確かな [= uncertain]"
obscure [əbskjʊ́ər],曖昧な [= unclear]，無名の
initially [ɪnɪ́ʃəli],最初は [= firstly]
consequently [kɑ́(ː)nsəkwèntli],その結果として [= as a result]
ultimately [ʌ́ltɪmətli],最終的には [= eventually]
namely [néɪmli],具体的には [= specifically]
nominally [nɑ́(ː)mənəli],名目上は [= in name only]（⇔really）
barren [bǽrən],"味気ない [= dull, insipid]，不毛の [= sterile, unproductive]"
sterile [stérəl],殺菌した [= germ-free]，不毛の [= barren]（⇔fertile），無益な [= fruitless]
cardinal [kɑ́ːrdənəl],基本的な [= fundamental]
rudimentary [rùːdɪméntəri],"基礎的な [= basic, elementary, fundamental]，原始的な"
static [stǽtɪk],"静的な [= stationary, inactive]（⇔dynamic）"
stationary [stéɪʃənèri],静止した，定住の
countless [káʊntləs],無数の [= numerous]
miscellaneous [mìsəléɪniəs],"種々雑多の [= diversified, varied, mixed]"
dense [dens],密集した [= closely-packed]，（霧・雲などが）濃い
commonplace [kɑ́(ː)mənplèɪs],平凡な [= ordinary]
mediocre [mìːdióʊkər],"良くも悪くもない，並の [= average, commonplace]"
transparent [trænspέərənt],透明な，明白な（⇔opaque）
opaque [oʊpéɪk],"不透明の（⇔transparent），くすんだ [= dingy, somber]"
bland [blænd],"（食物が）薄味の [= insipid, tasteless]，物柔らかな [= soft, agreeable, suave]"
stupendous [stjupéndəs],"驚くべき [= astounding]，とてつもない [= immense, prodigious]"
schematic [skiːmǽtɪk],概略的な，図式的な
statistically [stətístɪkəli],統計的に
unanimously [junǽnɪməsli],満場一致で [= without opposition]
monotonously [mənɑ́(ː)tənəsli],単調に [= flatly]
impulsive [ɪmpʌ́lsɪv],直情的な，衝動的な
reticent [rétəsənt],"無口な [= taciturn, reserved]"
habitual [həbɪ́tʃuəl],習慣化した，常習の [= customary]
flabbergasted [flǽbərgæ̀stɪd],"（〜に，〜して）仰天した [= astounding, very surprised]〈at, to do〉"
destined [déstɪnd],運命である [= fated]
disciplinary [dísəplənèri],懲戒の，規則上の
divine [dɪváɪn],神の
jumbled [dʒʌ́mbld],ごちゃまぜになった [= mixed-up]
lanky [lǽŋki],背が高くて細い
migratory [máɪgrətɔ̀ːri],移動する，移住する [= traveling]
opposable [əpóʊzəbl],向かい合わせにできる，抵抗できる
polytheistic [pɑ̀(ː)liθiːístɪk],多神教の
succulent [sʌ́kjulənt],多汁質の [= juicy]
synonymous [sɪnɑ́(ː)nəməs],同義語の（⇔antonym）
adjacent [ədʒéɪsənt],隣接する [= neighboring]
paltry [pɔ́ːltri],ごくわずかな [= meager]，価値のない，卑劣な
bucolic [bjukɑ́(ː)lɪk],"牧歌的な [= pastoral]，田舎の [= rural, rustic]"
celibate [sélɪbət],独身（主義）者の，独身を誓った
pedestrian [pədéstriən],徒歩の [= going on foot]，単調な [= boring]
lunar [lúːnər],"月の [= of the moon]，青白い [= pale, pallid]"
simultaneous [sàɪməltéɪniəs],同時の [= concurrent]
lavish [lǽvɪʃ],ぜいたくな [= extravagant]
quaint [kweɪnt],"古風な，趣のある [= antique, archaic]，風変わりで面白い [= oddly picturesque]"
conventional [kənvénʃənəl],従来の [= established]，因習的な（⇔unorthodox）
bewitched [bɪwɪ́tʃt],魅惑された [= enchanted]
comprehensive [kɑ̀(ː)mprɪhénsɪv],総合的な [= all-inclusive]
tremendous [trəméndəs],すさまじい [= enormous]
exponential [èkspənénʃəl],急激な，幾何級数的な
idyllic [aɪdɪ́lɪk],"牧歌的な，田園的な [= pastoral, Arcadian]"
pompous [pɑ́(ː)mpəs],"尊大な [= self-important, inflated]"
resonant [rézənənt],よく響く [= resounding]
rustic [rʌ́stɪk],"田舎の [= rural]，素朴な [= plain, artless, unsophisticated]"
sparse [spɑːrs],"まばらな [= thin, thinly scattered or spread]"
edible [édəbl],食用に適した [= eatable]（⇔inedible）
decipher [dɪsáɪfər],（暗号などを）解読する [= decode]（⇔encipher）
defy [dɪfáɪ],に反抗する [= disobey]
tackle [tǽkl],"に取り組む [= handle, deal with]"
antagonize [æntǽgənàɪz],の反感を買う [= arouse hostility]
precipitate [prɪsɪ́pɪtèɪt],を引き起こす
capitulate [kəpɪ́tʃulèɪt],"（〜に）（条件付きで）降伏する [= yield, surrender]〈to〉"
vanquish [vǽŋkwɪʃ],"を打ち破る [= conquer, defeat]"
brandish [brǽndɪʃ],"を振りかざす [= swing, wave]"
canvass [kǽnvəs],（支持などを）求める
contravene [kɑ̀(ː)ntrəvíːn],"に違反する [= infringe, violate]"
edify [édɪfài],を啓発する [= cultivate]
lobby [lɑ́(ː)bi],運動する，議員に働きかける
matriculate [mətríkjulèɪt],大学に入学する，入学を許可される
slump [slʌmp],急に落ち込む [= fall steeply]
augment [ɔːgmént],を増加させる [= increase]，を大きくする [= enlarge]
blanch [blæntʃ],青ざめる [= turn pale]，を漂白する
consign [kənsáɪn],を託送する [= send]
delineate [dɪlínièɪt],をくわしく説明する [= describe precisely]
blurt [blɜːrt],をうっかり口走る
deduce [dɪdjúːs],を推測する [= infer]
impoverish [ɪmpɑ́(ː)vərɪʃ],を貧しくする，（質）を低下させる
purvey [pərvéɪ],"（情報）を提供する [= supply, provide]，を調達する"
endow [ɪndáʊ],に（〜を）授ける [= endue]，に（〜を）寄贈する〈with〉
jostle [dʒɑ́(ː)sl],押し合う [= bump into]
levitate [lévɪtèɪt],空中を浮遊する [= rise into the air]
spawn [spɔːn],"を生み出す [= produce, create]，（卵）を産む"
traffic [trǽfɪk],を密売買する [= trade illegally]
eschew [ɪstʃúː],（好ましくないことなどを）避ける [= avoid]
hedge [hedʒ],を（〜の）生け垣で囲む〈with〉，を未然に防ぐ
mount [maʊnt],を取り付ける [= install]
hypothesize [haɪpɑ́(ː)θəsàɪz],（…という）仮説を立てる〈that〉
hypnotize [hɪ́pnətàɪz],に催眠術をかける [= send into a trance]
consecrate [kɑ́(ː)nsəkrèɪt],を奉献する
contrive [kəntráɪv],を考え出す，をたくらむ
concede [kənsíːd],を（しかたなく正しいと）認める [= acknowledge reluctantly]
concur [kənkə́ːr],"（〜に）同意する [= agree]，（〜に）一致する〈in, on, with〉"
consolidate [kənsɑ́(ː)lɪdèɪt],を併合する，を強化する
acclaim [əkléɪm],を称賛する [= praise highly]
eulogize [júːlədʒàɪz],"を称賛する [= praise, extol]"
prosecute [prɑ́(ː)sɪkjùːt],を起訴する [= take legal action against]（⇔defend）
adjudicate [ədʒúːdɪkèɪt],（事件）を裁く，（人）に判決を下す
anoint [ənɔ́ɪnt],を指名する [= ordain]，に軟膏を塗る [= smear with oil]
arbitrate [ɑ́ːrbɪtrèɪt],を仲裁する [= mediate]
convict [kənvɪ́kt],に（〜で）有罪判決を下す [= pronounce guilty]〈of〉
litigate [lɪ́tɪgèɪt],訴訟を起こす
ameliorate [əmíːliərèɪt],を改善する [= improve]（⇔deteriorate）
revamp [riːvǽmp],を改良する，を改訂する
reinstate [rìːɪnstéɪt],を復職させる [= return to a previous position]，をもとの状態に戻す
resuscitate [rɪsʌ́sɪtèɪt],を生き返らせる，を復活させる [= revive]
ambush [ǽmbʊʃ],を待ち伏せする
waylay [wèɪléɪ],を待ち伏せする
lurch [lɜːrtʃ],千鳥足で歩く [= stagger]
lurk [lɜːrk],"潜む [= hide, stay hidden]，待ち伏せる [= lie in wait]"
astound [əstáʊnd],"をびっくり仰天させる [= astonish, stun with surprise]"
baffle [bǽfl],"を困惑させる [= puzzle, confound]"
perturb [pərtə́ːrb],"の心をかき乱す [= upset, confuse]"
rankle [rǽŋkl],をいらだたせる，を苦しめる
agitate [ǽdʒɪtèɪt],を動揺させる [= perturb]，を扇動する [= stir up]
bemoan [bɪmóʊn],を嘆く [= lament]
lament [ləmént],"を嘆き悲しむ [= mourn over, grieve at]"
niggle [nígl],"を悩ます [= annoy, bother]"
pester [péstər],"を困らせる，を煩わせる [= badger, trouble]"
debilitate [dɪbɪ́lɪtèɪt],"を衰弱させる，を弱体化させる [= weaken, enervate]"
demur [dɪmə́ːr],反対する [= raise objections]
abate [əbéɪt],"衰える [= subside]，を減らす [= diminish, lessen]"
pare [peər],を徐々に切り詰める [= reduce]
prune [pruːn],を切り詰める [= cut back]
truncate [trʌ́ŋkeɪt],を短くする [= shorten]
obfuscate [ɑ́(ː)bfʌskèɪt],をわかりにくくする [= obscure]
obliterate [əblɪ́tərèɪt],を消す [= erase]
equivocate [ɪkwɪ́vəkèɪt],言葉を濁す
diffuse [dɪfjúːz],"を広める [= spread, propagate, circulate]"
proliferate [prəlɪ́fərèɪt],増殖する [= multiply]，蔓延する
promulgate [prɑ́(ː)məlgèɪt],"を普及させる [= spread, disseminate]，を公表する [= proclaim, publish]"
emanate [émənèɪt],"（〜から）発する [= stem, issue]〈from〉"
emancipate [ɪmǽnsɪpèɪt],"を解放する [= set free, release]"
embroil [ɪmbrɔ́ɪl],を（論争などに）巻き込む [= involve]〈in〉
encumber [ɪnkʌ́mbər],を妨げる [= obstruct]
entrench [ɪntréntʃ],（〜oneselfで）（〜に）安全に身を隠す〈in〉
enumerate [ɪnjúːmərèɪt],を列挙する [= itemize]
preclude [prɪklúːd],"を排除する [= exclude]，を妨げる [= impede, hinder]"
prescribe [prɪskráɪb],を規定する [= set down as a direction]，を処方する
prevaricate [prɪvǽrɪkèɪt],言葉を濁す，嘘をつく
externalize [ɪkstə́ːrnəlàɪz],を言葉で表す，を具体化する（⇔internalize）
exult [ɪgzʌ́lt],"（〜に）大喜びする [= be jubilant]〈over, at〉"
expiate [ékspièɪt],を償う [= atone for]
cogitate [kɑ́(ː)dʒɪtèɪt],を熟考する
ponder [pɑ́(ː)ndər],"を熟考する [= deliberate, consider carefully]"
banish [bǽnɪʃ],を（〜へ）追放する〈to〉
debar [dɪbɑ́ːr],を（〜から）除外する〈from〉
harry [hǽri],を襲撃する [= attack]
infiltrate [ɪnfíltrèɪt],に潜入する [= sneak into]
assail [əséɪl],を襲撃する [= beset]，を悩ませる
ravage [rǽvɪdʒ],（国などを）荒らす，を略奪する
plunder [plʌ́ndər],"を略奪する [= ransack, ravage, raven]"
loot [luːt],を略奪する [= plunder]
intercept [ìntərsépt],を迎撃する，を妨害する，を傍受する
impede [ɪmpíːd],"を妨げる [= hinder, obstruct]，を遅らせる [= delay]"
stunt [stʌnt],を妨げる [= inhibit]（⇔promote）
persecute [pə́ːrsɪkjùːt],を迫害する [= oppress]
stymie [stáɪmi],"を妨害する，を阻止する [= impede, thwart]"
annihilate [ənáɪəlèɪt],を完全に破壊する
pulverize [pʌ́lvəràɪz],を粉砕する [= crush]
override [òʊvəráɪd],をくつがえす [= invalidate]，より優位に立つ
foil [fɔɪl],"を挫折させる [= frustrate, thwart]"
foist [fɔɪst],"を（〜に）押し付ける [= impose]〈on, upon〉"
inhibit [ɪnhɪ́bɪt],"を抑制する [= restrain, check, repress]"
recant [rɪkǽnt],を撤回する [= take back]
repudiate [rɪpjúːdièɪt],"を拒絶する [= reject, disclaim]"
revile [rɪváɪl],をののしる
satirize [sǽtəràɪz],を風刺する [= squib]
recede [rɪsíːd],後退する（⇔proceed 前進する）
relinquish [rɪlɪ́ŋkwɪʃ],"を放棄する [= abandon, renounce, surrender, give up]"
reprieve [rɪpríːv],を一時的に救う [= relieve temporarily]，の刑の執行を猶予する
secede [sɪsíːd],（〜から）脱退する [= withdraw]〈from〉，分離する
slash [slæʃ],をさっと切る [= slit]，を削減する [= reduce]，を酷評する [= criticize severely]
snip [snɪp],（〜を）ちょきんと切り取る〈off〉[= cut off]
snatch [snætʃ],をひったくる [= steal]
snitch [snɪtʃ],を盗む，ひったくる
pilfer [pílfər],を盗む [= filch]，をくすねる
abrogate [ǽbrəgèɪt],"を破棄する [= revoke, abolish]"
absolve [əbzɑ́(ː)lv],を（義務・約束などから）解放する，を（義務などから）免除する [= acquit]〈of〉
rescind [rɪsɪ́nd],"を撤回する，を無効にする [= annul, revoke, abrogate, repeal]"
decry [dɪkráɪ],"を公然と非難する [= denounce, condemn]"
denigrate [dénɪgrèɪt],を中傷する [= slander]，を見くびる [= belittle]
detain [dɪtéɪn],"を拘留する [= confine, keep in custody]，を引き留める"
disavow [dìsəváʊ],を否認する
disdain [dɪsdéɪn],"（〜することを）潔しとしない [= spurn, refuse]〈to do〉，を軽蔑する [= scorn, despise]"
dissemble [dɪsémbl],（感情などを）隠す [= disguise]，のふりをする [= pretend]
erode [ɪróʊd],"損なわれる，を浸食する [= corrode, eat away]"
corrode [kəróʊd],"を腐食する [= rust, erode, eat into]，むしばむ [= canker]"
molt [moʊlt],脱皮する
mutate [mjúːteɪt],変化する [= metamorphose]
bereave [bɪríːv],から（〜を）奪う [= deprive]〈of〉
exorcise [éksɔːrsàɪz],（悪霊・悪い考えなどを）取り除く [= drive out]
exploit [ɪksplɔ́ɪt],を利用する [= take advantage of]，を搾取する
expunge [ɪkspʌ́ndʒ],"を（〜から）抹消する [= delete, efface, erase]〈from〉"
extricate [ékstrɪkèɪt],"を（〜から）救い出す [= relieve, rescue, liberate]〈from〉"
extrapolate [ɪkstrǽpəlèɪt],（既知の事柄から）推定する〈from〉
extradite [ékstrədàɪt],（外国からの逃亡犯などを）（本国に）引き渡す，送還する [= deport]〈to〉
execute [éksɪkjùːt],"を実行する [= perform, carry out]，を死刑にする"
interrogate [ɪntérəgèɪt],を尋問する
legislate [lédʒɪslèɪt],立法措置をとる [= make laws]
plead [pliːd],を切に頼む [= beg]，嘆願する [= solicit]
solicit [səlísət],"を強く求める [= beg, plead]"
torture [tɔ́ːrtʃər],を拷問する [= inflict pain on]
scavenge [skǽvɪndʒ],（〜を）あさる〈for〉
scour [skáʊər],（場所を）捜し回る，（〜を捜して）駆けめぐる〈for〉
scrabble [skrǽbl],（〜を）手さぐりで捜す [= grope]〈for〉，なぐり書きする
vilify [víləfài],を中傷する，の悪口を言う
wrangle [rǽŋgl],"言い争う [= argue, dispute, quarrel]"
drawl [drɔːl],"（母音を伸ばして）ゆっくり話す [= speak slowly, prolonging the vowels]"
elucidate [ilúːsɪdèɪt],を説明する [= explain]，を解明する [= make lucid]
percolate [pə́ːrkəlèɪt],をこす，をろ過する [= filter]
pervade [pərvéɪd],の隅々に広がる，に蔓延する [= spread throughout]
append [əpénd],を（〜に）つけ加える〈to〉
upend [ʌpénd],を逆さまにする
dribble [drɪ́bl],（よだれを）垂らす [= drool]
gnaw [nɔː],（〜を）かじって穴をあける〈through〉
regale [rɪgéɪl],に（食事などを）ごちそうする [= supply lavishly]，を（〜で）楽しませる〈with〉
swill [swɪl],をがぶ飲みする [= drink heavily]
snarl [snɑːrl],歯をむいてうなる [= growl]
faze [feɪz],をひるませる
foment [foʊmént],"を助長する [= encourage]，を扇動する [= instigate, incite, abet]"
straddle [strǽdl],にまたがる
strut [strʌt],気取って歩く [= swagger]
swarm [swɔːrm],殺到する，群れをなして動く
accrue [əkrúː],（当然の結果として）（利益などが）生じる，（資本などが）増える
chasten [tʃéɪsən],を懲らしめる [= subdue]，罰する
clump [klʌmp],"群れをなす [= bunch, cluster]"
clutter [klʌ́tər],"（〜を）散らかす [= jumble (up), put into disorder]〈up〉"
glean [gliːn],（情報を）少しずつ集める，（落ち穂などを）拾い集める
hobble [hɑ́(ː)bl],（〜で）両脚を縛る〈with〉
huddle [hʌ́dl],体を寄せ合う [= gather]
ignite [ɪgnáɪt],"に火をつける [= kindle, set on fire]，（感情などを）燃え立たせる"
incinerate [ɪnsínərèɪt],を灰と化す [= be reduced to ashes]，を焼却する [= burn]
jilt [dʒɪlt],（恋人を）振る
prod [prɑ(ː)d],"を（〜するように）駆り立てる [= urge, prompt]〈to do〉"
snub [snʌb],に冷たい態度をとる，（人を）鼻であしらう [= cold-shoulder]
sojourn [sóʊdʒəːrn],滞在する [= stay]
tangle [tǽŋgl],をもつれさせる [= entwine]
thrust [θrʌst],"を（〜に）押し付ける [= force, impose]〈upon〉，を強く押す [= push, shove]"
usurp [jusɜ́ːrp],を侵害する
vacillate [vǽsɪlèɪt],"変動する，（心・考えが）動揺する [= fluctuate, oscillate, sway]，よろめく [= stagger, totter]"
accost [əkɔ́(ː)st],に声を掛ける，に近寄る [= approach]
attenuate [əténjuèɪt],を低くする [= reduce]，弱める [= weaken]
beguile [bɪgáɪl],"をだます [= dupe, cheat, mislead, delude]"
clobber [klɑ́(ː)bər],をひどく負かす，を酷評する
cringe [krɪndʒ],（恐怖で）身を縮める [= cower]
dissipate [dísɪpèɪt],散る [= disperse]，を浪費する
downplay [dàʊnpléɪ],を実際より控えめに話す [= play down]
frazzle [frǽzl],をくたくたに疲れさせる [= wear out]
hoard [hɔːrd],を（ひそかに）蓄える [= accumulate in a hidden place]
impound [ɪmpáʊnd],を押収する，を囲い込む
irk [əːrk],をうんざりさせる [= annoy]
mangle [mǽŋgl],を台無しにする [= spoil]
negate [nɪgéɪt],"を否定する [= deny, annul, nullify]"
parry [pǽri],（攻撃・質問などを）かわす
procrastinate [prəkrǽstɪnèɪt],"先延ばしにする [= delay, put off]"
quadruple [kwɑ(ː)drúːpl],4倍になる
reverberate [rɪvə́ːrbərèɪt],鳴り響く
shroud [ʃraʊd],"を覆い隠す [= cover, hide from view]"
smear [smɪər],を塗りつける [= spread]，（名誉などを）汚す [= slander]
spell [spel],（という結果を）もたらす [= lead to]
splurge [splɜːrdʒ],を（〜に）ぜいたくに使う〈on〉
squint [skwɪnt],（目を）細める，横目で見る [= look sidewise]
streak [striːk],に（〜の）縞をつける〈with〉
strive [straɪv],懸命に努力する，頑張る [= try hard]
swerve [swɜːrv],急に向きを変える [= veer suddenly]
taunt [tɔːnt],"をあざける [= mock, ridicule]，をなじる"
throb [θrɑ(ː)b],ずきずきする [= pulsate with pain]
inundate [ɪ́nʌndèɪt],"を水浸しにする [= deluge, flood]，殺到する"
resume [rɪzjúːm],"再開する [= start again, take (up) again]"
lapse [læps],（以前の状態に）逆戻りする，（〜に）陥る [= slip]〈into〉
wage [weɪdʒ],"（戦争などを）行う [= engage in, carry on]"
confer [kənfə́ːr],（〜と）相談する〈with〉
malign [məláɪn],を中傷する [= slander]
conjugate [kɑ́(ː)ndʒugèɪt],（動詞を）活用させる，を共役させる，接合する
decimate [désəmèɪt],を大量に減少させる
custody [kʌ́stədi],養育権，保管 [= keeping]，拘留 [= imprisonment]
faculty [fǽkəlti],"才能 [= ability, talent]，機能，教授陣"
municipality [mjunìsɪpǽləti],地方自治体 [= borough]
nucleus [njúːkliəs],核 [= kernel]，中心，核心 [= core]
paucity [pɔ́ːsəti],"不足，欠乏 [= scarcity, fewness, dearth, insufficiency, scantiness]"
spur [spəːr],拍車，刺激 [= stimulus]
proposition [prɑ̀(ː)pəzɪ́ʃən],"提案，計画 [= plan, scheme]，命題"
setback [sétbæ̀k],妨げ，（景気の）後退，挫折
array [əréɪ],多数，配列 [= arrangement]
conscience [kɑ́(ː)nʃəns],良心
dictum [díktəm],"格言 [= maxim, adage, saying]"
fervor [fə́ːrvər],熱意 [= passion]
freight [freɪt],輸送 [= transportation]
mortgage [mɔ́ːrgɪdʒ],"住宅ローン，抵当 [= pledge, security]"
inscription [ɪnskrɪ́pʃən],碑文，刻まれたもの
latitude [lǽtɪtjùːd],緯度（⇔longitude 経度）
propriety [prəpráɪəti],礼儀正しいこと [= decorum]，妥当 [= suitability]
rapport [ræpɔ́ːr],（調和した）関係
hypothesis [haɪpɑ́(ː)θəsɪs],仮説 [= theory]
icon [áɪkɑ(ː)n],崇拝の対象 [= idol]，図形，記号
dispensation [dìspənséɪʃən],配給 [= distribution]，施し
deferment [dɪfə́ːrmənt],延期 [= postponement]
overture [óʊvərtʃʊ̀ər],"提案 [= proposal, offer]，序章，序曲 [= introduction]"
patriot [péɪtriət],愛国者
pollination [pɑ̀(ː)lənéɪʃən],授粉
alliance [əláɪəns],同盟 [= association]
consortium [kənsɔ́ːrtiəm],協会 [= association]，共同事業体
delegation [dèlɪgéɪʃən],代表団，委任
coalition [kòʊəlɪ́ʃən],"連合，合同，連立 [= alliance, partnership, league]"
fraternity [frətə́ːrnəti],友愛会，同業者仲間 [= association]
charade [ʃəréɪd],見え透いたごまかし [= false display]
charlatan [ʃɑ́ːrlətan],べてん師 [= quack]，大ほら吹き
catastrophe [kətǽstrəfi],"大災害 [= calamity, great disaster]，破局"
calamity [kəlǽməti],"災難 [= disaster, cataclysm]，不運 [= misery, mishap, adversity]"
expulsion [ɪkspʌ́lʃən],追放，除名
extermination [ɪkstə̀ːrmɪnéɪʃən],駆除，根絶 [= eradication]
annihilation [ənàɪəléɪʃən],"絶滅 [= obliteration, eradication, extermination, wiping out]"
outcry [áʊtkràɪ],激しい抗議，叫び声 [= shout]
outrage [áʊtrèɪdʒ],"激怒 [= fury, indignation]"
legislature [lédʒəslèɪtʃər],議会，立法府
juror [dʒʊ́ərər],陪審員
jurisdiction [dʒʊ̀ərɪsdɪ́kʃən],管轄権，支配（権） [= range of authority]，裁判権
accusation [æ̀kjuzéɪʃən],告訴 [= charge]
indictment [ɪndáɪtmənt],起訴 [= charge]
litigation [lìtɪgéɪʃən],訴訟 [= lawsuit]
impeachment [ɪmpíːtʃmənt],"弾劾，告発 [= accusation, charge]"
legitimacy [lɪdʒítəməsi],正当性，合法性
affidavit [æ̀fɪdéɪvɪt],供述書，宣誓供述書 [= written declaration upon oath]
plaintiff [pléɪntɪf],原告（⇔defendant 被告）
perpetrator [pə́ːrpətrèɪtər],加害者，犯罪者 [= criminal]
accomplice [əkɑ́(ː)mpləs],共犯者 [= partner in crime]
complicity [kəmplísəti],共犯 [= partnership in crime]
plea [pliː],嘆願 [= appeal]，弁解
condemnation [kɑ̀(ː)ndemnéɪʃən],激しい非難 [= censure]，有罪宣告 [= conviction]
deliberation [dɪlìbəréɪʃən],審理 [= inquisition]，熟考 [= consideration]，慎重
acquittal [əkwɪ́təl],無罪放免，（義務などの）免除 [= absolution]
bail [beɪl],"保釈金 [= bailment, bond]，保釈 [= temporary release]"
detention [dɪténʃən],拘置 [= confinement]
infraction [ɪnfrǽkʃən],違反 [= breach]
fraud [frɔːd],詐欺 [= swindling]
espionage [éspiənɑ̀ːʒ],スパイ活動 [= practice of spying]
larceny [lɑ́ːrsəni],窃盗罪 [= theft]
perjury [pɜ́ːrdʒəri],偽証（罪） [= giving false evidence]
felony [féləni],重罪
commutation [kɑ̀(ː)mjutéɪʃən],減刑，回数乗車券
impunity [ɪmpjúːnəti],刑罰［損害］を免れること
indemnity [ɪndémnəti],賠償（金） [= compensation]
aberration [æ̀bəréɪʃən],常軌逸脱 [= anomaly]
onus [óʊnəs],責任 [= responsibility]
amendment [əméndmənt],修正，改正 [= revision]
abstention [əbsténʃən],棄権 [= refusal to vote]，自制
annulment [ənʌ́lmənt],"無効 [= invalidation, nullification]"
suffrage [sʌ́frɪdʒ],参政権 [= franchise]，選挙権
constituency [kənstítʃuənsi],選挙区，有権者
ailment [éɪlmənt],病気 [= disease]，不快 [= indisposition]
malady [mǽlədi],"病気 [= disease, illness]，深刻な問題"
migraine [máɪgreɪn],偏頭痛
inflammation [ìnfləméɪʃən],炎症，赤くはれること [= swelling]
anatomy [ənǽtəmi],（動植物の）構造，解剖（学），（詳細な）調査分析
anesthetic [æ̀nəsθétɪk],麻酔剤，麻酔薬 [= anesthesia]
panacea [pæ̀nəsíːə],万能薬 [= cure-all]
autism [ɔ́ːtìzm],自閉症
neurologist [njʊərɑ́(ː)lədʒɪst],神経科医
orthodontist [ɔ̀ːrθədɑ́(ː)ntɪst],歯列矯正医
embryo [émbriòʊ],胎児，胚，（発達の）初期
pinnacle [pínəkl],頂点 [= peak]
pitfall [pɪ́tfɔ̀ːl],落とし穴，思いがけぬ危険 [= peril]
pivot [pívət],中心軸 [= focal point]
precursor [prɪkə́ːrsər],"先駆者 [= forerunner, harbinger]，前兆"
predator [prédətər],捕食動物，略奪者
premonition [prèmənɪ́ʃən],"（悪い）前兆 [= foreboding, presentiment, previous warning]，予告 [= forewarning]"
prevalence [prévələns],普及 [= widespread presence]
precipitation [prɪsìpɪtéɪʃən],降水量，落下 [= fall]，大慌て
preclusion [prɪklúːʒən],排除
predilection [prèdəlékʃən],"（〜への）特別な好み，（〜に対する）偏愛 [= preference, partiality]〈for〉"
prevarication [prɪvæ̀rɪkéɪʃən],言い逃れ
posterity [pɑ(ː)stérəti],後代，子孫 [= descendants]（⇔ancestry）
progeny [prɑ́(ː)dʒani],"子どもたち [= children]，子孫 [= descendant, offspring]"
rebuttal [rɪbʌ́təl],反駁 [= refutation]
renunciation [rɪnʌ̀nsiéɪʃən],放棄 [= relinquishment]
projection [prədʒékʃən],予測 [= forecast]
prophecy [prɑ́(ː)fəsi],予言
propagation [prɑ̀(ː)pəgéɪʃən],普及 [= dissemination]
protagonist [proʊtǽgənɪst],主人公 [= central character]（⇔antagonist）
protrusion [proʊtrúːʒən],突出 [= bump]
reconciliation [rèkənsìliéɪʃən],和解 [= restoration of harmony]
referendum [rèfəréndəm],国民投票 [= plebiscite]
reparation [rèpəréɪʃən],償い [= amends]
restoration [rèstəréɪʃən],復旧，復興，修復
resurgence [rɪsə́ːrdʒəns],"回復 [= revival, comeback]"
resurrection [rèzərékʃən],復活 [= revival]
turmoil [tə́ːrmɔɪl],"騒ぎ [= tumult, disturbance, confusion, commotion]"
treason [tríːzən],反逆 [= treachery]
retaliation [rɪtæ̀liéɪʃən],報復 [= revenge]
plot [plɑ(ː)t],陰謀 [= conspiracy]，構想 [= scheme]，平面図
conscription [kənskrɪ́pʃən],徴兵 [= draft]
infighting [ɪ́nfàɪtɪŋ],内輪もめ [= interparty feud]，内紛
insurrection [ìnsərékʃən],暴動，反乱 [= uprising]
neutrality [njuːtrǽləti],中立性
onrush [ɑ́(ː)nrʌ̀ʃ],突撃，突進
persecution [pə̀ːrsɪkjúːʃən],迫害 [= oppression]
bunker [bʌ́ŋkər],掩蔽壕
debacle [deɪbɑ́ːkl],大失敗，崩壊 [= collapse]，総崩れ [= downfall]
defector [dɪféktər],離反者 [= deserter]，脱党者
disarmament [dìsɑ́ːrməmənt],軍縮 [= arms control]，武装解除
mishap [míshæp],"不幸な出来事 [= adversity, misfortune, calamity]，災害"
fatality [feɪtǽləti],不慮の死者，死を招く災害
toll [toʊl],死傷者数 [= casualties]，通行料
rebellion [rɪbéljən],反乱 [= uprising]
schism [sízm],分裂
maneuver [mənúːvər],"策略 [= scheme, stratagem, artifice]"
massacre [mǽsəkər],大虐殺 [= slaughter]
rapprochement [ræ̀proʊʃmɑ́ːn],（特に国家間の）和解，国交樹立 [= establishing of friendly relations]
surveillance [sərvéɪləns],"監視，見張り [= observation, scrutiny, guard]"
furlough [fə́ːrloʊ],（軍人の）休暇 [= leave]
inmate [ɪ́nmèɪt],（病院・老人ホーム・刑務所などの）収容者 [= person confined in a prison or institution]
debris [dəbríː],（破壊されたものの）瓦礫，残骸，がらくた
derelict [dérəlìkt],遺棄物 [= abandoned property]，社会的な落伍者 [= person rejected by society]
fortification [fɔ̀ːrtɪfɪkéɪʃən],要塞
fortress [fɔ́ːrtrəs],要塞 [= stronghold]
fortitude [fɔ́ːrtɪtjùːd],不屈の精神，忍耐 [= patience]
inertia [ɪnə́ːrʃə],惰性，不活発 [= inactivity]
inhibition [ìnhɪbɪ́ʃən],抑制する気持ち
atheist [éɪθiɪst],無神論者
heretic [hérətɪk],異端者
benediction [bènɪdɪ́kʃən],祝福 [= blessing]，神の恵み
benefactor [bénɪfæ̀ktər],慈善［恩恵］を施す人
blasphemy [blǽsfəmi],"（神への）冒涜 [= profanity]，不敬 [= irreverence, swearing, cursing]"
conversion [kənvə́ːrʒən],（〜への）改宗 [= proselytizing]，（〜への）転換〈to〉
consecration [kɑ̀(ː)nsəkréɪʃən],聖職叙任（式），神聖化 [= hallowing]（⇔desecration）
denomination [dɪnɑ̀(ː)mɪnéɪʃən],名称 [= name]，宗派 [= sect]，（貨幣の）単位名称
sanctuary [sǽŋktʃuèri],聖域 [= holy or sacred place]，避難所 [= place of refuge]
incarnation [ìnkɑːrnéɪʃən],肉体を持つこと
discontent [dìskəntént],不満 [= dissatisfaction]
dissonance [dísənəns],不調和 [= discord]，不調和な音
divulgence [dəvʌ́ldʒəns],暴露 [= disclosure]
destitution [dèstɪtjúːʃən],"極貧（状態） [= abject poverty, indigence]"
demolition [dèməlɪ́ʃən],取り壊し，解体 [= destruction]（⇔construction）
depletion [dɪplíːʃən],枯渇 [= exhaustion]，減少
detriment [détrɪmənt],"害になるもの，損失 [= loss, damage, harm]"
deviation [dìːviéɪʃən],（〜からの）逸脱 [= digression]〈from〉，偏差
solidarity [sɑ̀(ː)lədǽrəti],団結 [= unity]
sovereignty [sɑ́(ː)vrənti],主権，統治権 [= supremacy]，独立国
conformist [kənfɔ́ːrmɪst],体制に従う人たち [= conventionalist]
deputy [dépjuti],"代理（人） [= substitute, delegate]，副官"
envoy [énvɔɪ],使者，外交官 [= diplomat]
monarch [mɑ́(ː)nərk],"世襲的君主 [= king, queen]，独裁主権者 [= sole ruler]"
laureate [lɔ́(ː)riət],受賞者
cortex [kɔ́ːrteks],（大脳）皮質
molecule [mɑ́(ː)lɪkjùːl],分子
cognition [kɑ(ː)gnɪ́ʃən],認識，認知 [= perception]
cluster [klʌ́stər],"群れ [= group, crowd]，房 [= bunch]"
abyss [əbís],奈落の底，地獄 [= hell]，深淵
affliction [əflɪ́kʃən],"苦痛，苦難 [= pain, suffering]"
addendum [ədéndəm],付録 [= appendix]
avarice [ǽvərɪs],"強欲，貪欲 [= covetousness, greediness]"
blemish [blémɪʃ],"汚点 [= flaw, defect]，しみ [= stain]"
brink [brɪŋk],"（破滅の）瀬戸際，（絶壁などの）縁 [= edge, verge]，端"
coffer [kɔ́(ː)fər],財源，基金 [= funds]
constriction [kənstrɪ́kʃən],締めつけ [= tightening]
dynasty [dáɪnəsti],王朝 [= family of sovereign rulers]
entreaty [ɪntríːti],懇願 [= plea]
epitaph [épɪtæ̀f],碑文 [= inscription]，墓碑銘
foray [fɔ́(ː)reɪ],（新分野への）進出 [= challenge in the new field]，急襲 [= raid]
hermit [hə́ːrmɪt],"隠遁者，世捨て人 [= recluse, solitary]"
impurity [ɪmpjʊ́ərəti],不純，不道徳 [= immorality]，堕落していること
insignia [ɪnsígniə],記章 [= badge]
jubilee [dʒúːbəlìː],特別な記念日 [= anniversary]
ledger [lédʒər],台帳 [= account book]
malleability [mæ̀liəbɪ́ləti],適応性，柔軟さ [= pliability]，素直さ
repose [rɪpóʊz],休むこと
precinct [príːsɪŋkt],周辺，管轄区域
pseudoscience [sjùːdoʊsáɪəns],疑似科学
resonance [rézənəns],響き
sanctity [sǽŋktəti],高潔さ，神聖
sanitation [sæ̀nɪtéɪʃən],公衆衛生
savvy [sǽvi],手腕，（実際的な）知識 [= skill]
servitude [sə́ːrvətjùːd],隷属，奴隷の境遇 [= slavery]
stealth [stelθ],こっそりした方法
swamp [swɑ(ː)mp],"沼地，湿地 [= marsh, bog]"
tyranny [tírəni],専制政治 [= despotism]
velocity [vəlɑ́(ː)səti],"速度，高速 [= speed, swiftness, rapidity]"
vestige [véstɪdʒ],名残 [= remnant]
volition [voʊlɪ́ʃən],意志 [= will]
adulation [æ̀dʒuléɪʃən],"（極端な）賛美，お世辞 [= fawning, servile flattery]，追従"
anachronism [ənǽkrənìzm],時代錯誤 [= an error in chronology]
arrears [ərɪ́ərz],滞納金 [= outstanding payment]
autonomy [ɔːtɑ́(ː)nəmi],自治（権） [= self-government]，自主性 [= independence]
captive [kǽptɪv],監禁された人，捕虜
clamor [klǽmər],"叫び声，わめき声 [= uproar, outcry]"
contrivance [kəntráɪvəns],"計略 [= plot, artifice]，考案物 [= invention, device]"
decoy [díːkɔɪ],"おとり [= lure, bait]"
epiphany [ɪpífəni],ひらめき
equilibrium [ìːkwɪlíbriəm],"平衡 [= poise, balance]，釣り合い"
leeway [líːwèɪ],"余裕 [= margin, extra time, money or space]"
leverage [lévərɪdʒ],影響力 [= influence]
linkage [líŋkɪdʒ],関連性
migration [maɪgréɪʃən],移住 [= relocation]
periphery [pərífəri],"周囲，外縁（地域） [= outskirts, vicinity]"
quantum [kwɑ́(ː)ntəm],"量 [= quantity, amount]，量子"
quorum [kwɔ́ːrəm],定（足）数
rancor [rǽŋkər],"恨み [= enmity, spite, malice, animosity]，敵意 [= animus, hostility]"
ransom [rǽnsəm],身代金
sabotage [sǽbətɑ̀ːʒ],（労働争議の際などの）破壊行為 [= willful damage by workers]，妨害
scapegoat [skéɪpgòʊt],身代わり，他人の罪を負う者
scheme [skiːm],計画 [= plan]，案
segregation [sègrɪgéɪʃən],隔離 [= separation]，人種差別（⇔integration）
seismology [saɪzmɑ́(ː)lədʒi],地震学 [= science of earthquakes]
shackle [ʃǽkl],手かせ [= manacle]，足かせ [= fetter]，拘束 [= restraint]
showdown [ʃóʊdàʊn],最後の対決 [= final confrontation]，（持ち札の）公開
splinter [splíntər],とげ [= thorn]，破片，分派
spree [spriː],浮かれ［ばか］騒ぎ
stipend [stáɪpend],"給付金 [= allowance, periodic payment]，奨学金 [= scholarship]"
subsidence [səbsáɪdəns],地盤沈下 [= ground sinking]
sway [sweɪ],支配 [= influence]，統治
tariff [tǽrɪf],関税 [= customs]
testimonial [tèstɪmóʊniəl],"推薦状 [= reference, letter of recommendation]"
triumph [tráɪəmf],大勝利 [= victory]
upshot [ʌ́pʃɑ̀(ː)t],"結論 [= conclusion]，結果 [= outcome, result]"
verge [vəːrdʒ],瀬戸際，縁，へり
simulation [sìmjuléɪʃən],シミュレーション，模擬実験
diatribe [dáɪətràɪb],（〜への）痛烈な皮肉〈against〉
electoral [ɪléktərəl],選挙の
incumbent [ɪnkʌ́mbənt],現職の
aboveboard [əbʌ́vbɔ̀ːrd],"公明正大な [= fair, impartial]（⇔underhand 秘密の）"
fatally [féɪtəli],致命的に，不運にも [= unfortunately]
neural [njʊ́ərəl],神経の
ongoing [ɑ́(ː)ngòʊɪŋ],現在行っている [= in progress]
flawed [flɔːd],欠陥のある [= faulty]（⇔flawless）
imposing [ɪmpóʊzɪŋ],"堂々たる [= stately, impressive]"
mundane [mʌndéɪn],"世俗的な [= worldly, earthly]（⇔heavenly, spiritual），ありきたりの"
cohesive [koʊhíːsɪv],結束した，団結した，密着した
daunting [dɔ́ːntɪŋ],人の気力をくじく
disproportionately [dìsprəpɔ́ːrʃənətli],過度に，非常に [= not appropriately]
gallant [gǽlənt],"勇敢な [= brave, daring]，堂々とした [= imposing, stately]"
hefty [héfti],重い [= heavy]（⇔slight），頑丈な
holistic [hoʊlístɪk],全体論的な
interminable [ɪntə́ːrmɪnəbl],"永遠に続く，やむことのない [= endless, lasting]"
posthumously [pɑ́(ː)stʃəməsli],死後に [= after death]
sustainable [səstéɪnəbl],持続可能な，地球にやさしい [= environmentally-friendly]
obsessive [əbsésɪv],過度の，頭から離れない [= addictive]
retentive [rɪténtɪv],記憶力がよい，保持力のある
venerable [vénərəbl],由緒ある，敬うべき [= respectable]
idiosyncratic [ìdiəsɪŋkrǽtɪk],独特な，一風変わった [= eccentric]
condescending [kɑ̀(ː)ndɪséndɪŋ],人を見下すような [= supercilious]
clairvoyant [kleərvɔ́ɪənt],千里眼の，透視力を持つ [= keenly perceptive]
distractedly [dɪstrǽktɪdli],うわの空で [= inattentively]
chaotic [keɪɑ́(ː)tɪk],無秩序の [= disorderly]
de facto [deɪ fǽktoʊ],"事実上の [= actual, virtual]"
state-of-the-art [stèɪt əv ðiː ɑ́ːrt],最新鋭の
logistically [loʊdʒístɪkəli],兵站上で，物資面で
tribally [tráɪbəli],部族で
cardiovascular [kɑ̀ːrdioʊvǽskjulər],心臓血管の
carnivorous [kɑːrnívərəs],肉食の [= meat-eating]
potent [póʊtənt],"力のある [= strong, powerful]，有効な [= efficacious]"
arrogant [ǽrəgənt],傲慢な
acute [əkjúːt],（痛みが）激しい，鋭い，急性の（⇔chronic 慢性の），深刻な
astute [əstjúːt],鋭敏な [= acute]，洞察力のある [= insightful]，抜け目のない [= shrewd]
preemptive [priémptɪv],先制の [= forestalling]
prescient [préʃənt],予知の
preferential [prèfərénʃəl],優遇の，優先の
prophetic [prəfétɪk],予言する [= predictive]
provident [prɑ́(ː)vɪdənt],倹約な，将来に備えた
prodigious [prədɪ́dʒəs],驚異的な，巨大な [= enormous]
profuse [prəfjúːs],"惜しみのない [= lavish, generous]"
profane [prəféɪn],世俗的な，冒涜する
promiscuous [prəmɪ́skjuəs],手当たりしだいの [= haphazard]，乱雑な [= indiscriminate]
probationary [proʊbéɪʃənèri],見習い期間の
prolonged [prəlɔ́(ː)ŋd],長引く
provincial [prəvínʃəl],"偏狭な [= narrow-minded, illiberal]"
provisional [prəvɪ́ʒənəl],暫定的な [= for temporary use]，条件付きの [= conditional]
extraterrestrial [èkstrətəréstriəl],地球外の
exempt [ɪgzémpt],（〜を）免除された〈from〉
exorbitant [ɪgzɔ́ːrbətənt],"法外な [= extravagant, immoderate]"
extravagant [ɪkstrǽvəgənt],浪費する [= wasteful]，節度のない [= immoderate]
fervent [fə́ːrvənt],"熱烈な [= ardent, earnest, fervid, intense]"
vehement [víːəmənt],"熱烈な [= fervent, passionate, ardent, zealous, impassioned]"
frantic [frǽntɪk],"大急ぎの，取り乱した，熱狂した [= frenzied, raving, frenetic]"
fanatically [fənǽtɪkəli],熱狂的に [= eagerly]
coherent [koʊhíərənt],"統一のとれた，理路整然とした [= reasonable, legitimate]"
constitutional [kɑ̀(ː)nstətjúːʃənəl],合憲である，本質の
cognitive [kɑ́(ː)gnətɪv],認知の
contradictory [kɑ̀(ː)ntrədɪ́ktəri],矛盾している [= conflicting]
controversial [kɑ̀(ː)ntrəvə́ːrʃəl],問題の，物議を醸す
conciliatory [kənsíliətɔ̀ːri],和解の，懐柔的な [= propitiatory]（⇔hostile）
defamatory [dɪfǽmətɔ̀ːri],中傷的な [= libelous]
deferential [dèfərénʃəl],敬意を表する [= respectful]
derisive [dɪráɪsɪv],"嘲笑的な [= mocking, scoffing]"
despondent [dɪspɑ́(ː)ndənt],落胆した [= dejected]
despicable [dɪspíkəbl],卑劣な，いけ好かない
diabolic [dàɪəbɑ́(ː)lɪk],悪魔の [= devilish]
disconcerting [dìskənsə́ːrtɪŋ],当惑させるような，厄介な [= disturbing]
dismissive [dɪsmɪ́sɪv],"尊大な，軽蔑的な [= contemptuous, scornful]（⇔admiring）"
disparate [dɪ́spərət],全く異なる [= dissimilar]
dispensable [dɪspénsəbl],たいして重要でない，なくても困らない [= disposable]（⇔indispensable）
dissenting [dɪséntɪŋ],異議を唱える [= disagreeing]
distraught [dɪstrɔ́ːt],"取り乱した [= perplexed, confused]"
diminutive [dɪmínjutɪv],"小さい [= tiny, very small]"
impalpable [ɪmpǽlpəbl],触知できない [= intangible]
imperious [ɪmpíəriəs],横柄な [= high-handed]
impermeable [ɪmpə́ːrmiəbl],通さない
implacable [ɪmplǽkəbl],なだめられない
impregnable [ɪmprégnəbl],"難攻不落の [= invincible, invulnerable]"
impersonal [ɪmpə́ːrsənəl],よそよそしい，非人間的な
impudent [ɪ́mpjudənt],生意気な，ずうずうしい [= impertinent]
stalwart [stɔ́ːlwərt],確固とした，ぐらつかない，頑健な
staunch [stɔːntʃ],筋金入りの，ゆるぎない [= stalwart]
stolid [stɑ́(ː)ləd],ぼんやりした [= impassive]
suave [swɑːv],物腰の柔らかな
incongruous [ɪnkɑ́(ː)ŋgruəs],場違いである [= out of place]（⇔appropriate）
inconsequential [ɪ̀nkɑ(ː)nsɪkwénʃəl],取るに足らない [= trivial]，重要でない [= insignificant]
indiscriminate [ìndɪskrímɪnət],見境がない [= undistinguishing]
insidious [ɪnsɪ́diəs],陰険な（⇔straightforward）
insipid [ɪnsɪ́pɪd],"退屈な [= dull, uninteresting]，味のない [= tasteless]"
insolent [ɪ́nsələnt],傲慢な [= arrogant]
insubstantial [ìnsəbstǽnʃəl],不十分な [= inadequate]
insurmountable [ìnsərmáʊntəbl],克服不可能である [= insuperable]
intrepid [ɪntrépɪd],"大胆不敵な [= bold, fearless, dauntless]"
indelible [ɪndéləbl],消すことのできない [= that cannot be erased]
insolvent [ɪnsɑ́(ː)lvənt],破産した [= bankrupt]，支払い不能の [= unable to pay debts]
wanton [wɑ́(ː)ntən],不当な [= unreasonable]
abhorrent [æbhɔ́(ː)rənt],"忌まわしい [= abominable, hateful]"
abominable [əbɑ́(ː)mɪnəbl],極悪非道な，嫌悪すべき [= loathsome]
heinous [héɪnəs],"極悪非道の [= abhorrent, abominable, atrocious]"
incremental [ìnkrəméntəl],増加する [= increasing]
indebted [ɪndétəd],（〜に）負うところがある〈to〉
insurgent [ɪnsə́ːrdʒənt],反乱を起こした [= rebellious]
inflamed [ɪnfléɪmd],扇動されて激化した，炎症を起こした
indignant [ɪndígnənt],（〜に）憤慨して〈at〉[= very angry]
incipient [ɪnsípiənt],"初期の [= initial, inceptive]"
unabashedly [ʌnəbǽʃɪdli],臆面もなく
untenable [ʌnténəbl],擁護［弁明］できない（⇔tenable）
precipitous [prɪsípətəs],"絶壁の，険しい [= sheer, perpendicular]"
predatory [prédətɔ̀ːri],"捕食性の，略奪する [= plundering, pillaging]"
presumptuous [prɪzʌ́mptʃuəs],ずうずうしい [= impertinent]
pretentious [prɪténʃəs],気取った [= affected]，うぬぼれた
cagey [kéɪdʒi],"（〜について）話したがらない [= tight-lipped, secretive]〈about〉，秘密主義の"
cryptic [krɪ́ptɪk],"暗号を用いる，秘密の [= secret, hidden]，神秘的な [= mysterious]"
furtive [fə́ːrtɪv],"人目を盗んでの [= stealthy, sly]，こそこそした [= surreptitious, sneaky]"
adversarial [æ̀dvərsέəriəl],敵対的な [= hostile]
mutinous [mjúːtənəs],反抗的な [= rebellious]
averse [əvə́ːrs],"反対して [= opposed]，気が進まない [= unwilling, reluctant]"
truculent [trʌ́kjulənt],攻撃的な [= violent]
abrasive [əbréɪsɪv],いらいらさせる
irascible [ɪrǽsəbl],"短気な [= quick-tempered, irritable]"
agrarian [əgrέəriən],農地の，農業の [= agricultural]
forensic [fərénsɪk],犯罪科学の，法廷の，法医学の
ornithological [ɔ̀ːrnəθə(ʊ)lɑ́(ː)dʒɪkəl],鳥類学の
statutory [stǽtʃutɔ̀ːri],法定の
empirically [ɪmpírɪkəli],実験結果に基づき
erudite [érjudàɪt],"学究的な [= scholarly]，博識の [= learned, deeply read]"
esoteric [èsətérɪk],"難解な [= recondite, abstruse]，秘密の [= confidential, secret]，秘伝の"
perilous [pérələs],"危険に満ちた [= dangerous, hazardous]"
pernicious [pərníʃəs],"有害な [= harmful, detrimental]，破壊的な"
intriguing [ɪntríːgɪŋ],興味をそそる [= fascinating]，陰謀をたくらむ
intuitive [ɪntjúːətɪv],直観的な [= instinctive]
incisive [ɪnsáɪsɪv],辛辣な，痛烈な [= acute]
pungent [pʌ́ndʒənt],（においが）鼻につんとくる，（批評などが）辛辣な [= scathing]
rampant [rǽmpənt],"はびこる [= widespread, prevailing]，荒々しい"
rapacious [rəpéɪʃəs],貪欲な [= greedy]
haggard [hǽgərd],"やつれた [= gaunt, drawn]"
harrowing [hǽroʊɪŋ],"痛ましい [= grievous, distressing]"
glib [glɪb],口達者な，口先だけの
verbose [vərbóʊs],"回りくどい [= wordy, long-winded]"
loquacious [loʊkwéɪʃəs],"おしゃべりな [= talkative, babbling]"
vociferous [voʊsífərəs],声高な [= noisy]
taciturn [tǽsətə̀ːrn],"口数の少ない [= quiet, reticent]（⇔talkative）"
muffled [mʌ́fld],くぐもったような [= indistinct]
boisterous [bɔ́ɪstərəs],"やかましい [= noisy, rowdy]，（天候などが）荒れた [= stormy, turbulent]"
rhetorically [rɪtɔ́(ː)rɪkəli],美辞麗句を並べて
euphoric [juːfɔ́(ː)rɪk],幸福感にあふれた，とてもうれしくなり陶酔する [= elated]
expedient [ɪkspíːdiənt],"好都合な [= proper, suited to the occasion]"
felicitous [fəlísətəs],"適切な [= appropriate, apt]，幸運な"
languid [lǽŋgwɪd],"元気がない [= flagging, drooping]，物憂い [= listless, sluggish]"
sullen [sʌ́lən],不機嫌な，うっとうしい
jaded [dʒéɪdɪd],うんざりした，疲れ果てた [= exhausted]
morose [məróʊs],気難しい，不機嫌な
fastidious [fæstídiəs],"好みのうるさい [= fussy, particular]，気難しい [= squeamish]，神経質な"
malignant [məlígnənt],悪意のある [= malicious]，（病理学的に）悪性の [= malign]（⇔benign 良性の）
venomous [vénəməs],"有毒な [= poisonous]，悪意のある [= spiteful, malicious]"
virulent [vírjulənt],悪性の，悪意に満ちた
penitent [pénətənt],悔い改めた，後悔している [= remorseful]
ascetic [əsétɪk],禁欲的な [= austere]，苦行の
juvenile [dʒúːvənàɪl],青少年の [= adolescent]（⇔senile 老齢の）
adjunct [ǽdʒʌŋkt],非常勤の，補助の
analogous [ənǽləgəs],"（〜に）似ている〈to〉[= similar, comparable, corresponding]"
askew [əskjúː],不満そうに，斜めに，傾いて [= awry]
ablaze [əbléɪz],輝いて
agape [əgéɪp],口をぽかんと開けて
agnostic [ægnɑ́(ː)stɪk],"懐疑的な [= skeptic, incredulous]，不可知論者の"
ambient [ǽmbiənt],周囲の
anemic [ənìːmɪk],貧血（症）の，元気のない
attuned [ətjúːnd],合った
burnished [bə́ːrnɪʃt],磨き上げられた [= polished]
bungling [bʌ́ŋglɪŋ],"手際の悪い [= amateurish, inexpert]"
cavernous [kǽvərnəs],洞窟のような
inveterate [ɪnvétərət],"常習的な [= chronic, habitual]"
cumulative [kjúːmjulətɪv],累積する [= accumulating]
fiendish [fíːndɪʃ],悪魔のような [= diabolical]，不快な
fortuitously [fɔːrtjúːətəsli],偶然に [= unexpectedly]
grudgingly [grʌ́dʒɪŋli],しぶしぶ [= unwillingly]
ignominious [ìgnəmíniəs],不名誉な [= shameful]，屈辱的な
irrevocable [ɪrévəkəbl],取り消せない [= unalterable]
illiberal [ɪlíbərəl],反自由主義の，狭量な [= narrow-minded]
subversive [səbvə́ːrsɪv],破壊的な [= destructive]
iridescent [ìrɪdésənt],"玉虫色の，きらきら光る [= shimmering, sparkling]"
kindred [kíndrəd],同種の，関連のある
superficial [sùːpərfíʃəl],表面的な
malleable [mǽliəbl],素直な，融通の利く [= pliable]，可鍛性の
microscopically [màɪkrəskɑ́(ː)pɪkəli],極めて詳細に [= in detail]
murky [mə́ːrki],うさん臭い [= suspicious]，暗い [= dark]
nimble [nímbl],（動作・頭の）回転の速い [= quick-thinking]
onerous [óʊnərəs],厄介な [= burdensome]，煩わしい，骨の折れる
pallid [pǽlɪd],"（顔・肌などが）青白い [= pale, wan]，つまらない"
phenomenal [fənɑ́(ː)mɪnəl],驚異的な [= outstanding]，自然現象に関する
reprehensible [rèprɪhénsəbl],非難されるべき
sectarian [sektéəriən],派閥の，分派の
seditious [sɪdíʃəs],扇動を行う
upscale [ʌ́pskèɪl],高級な（⇔downscale）
void [vɔɪd],（〜の）ない〈of〉
volatile [vɑ́(ː)lətəl],揮発性の，気まぐれな，変動しやすい
bent [bent],"不正な [= corrupt, devious]，曲がった [= crooked]"
berserk [bərsə́ːrk],狂暴な [= wild]
cerebral [sérəbrəl],理性的な，（大）脳の
contingent [kəntíndʒənt],（〜に）依存する〈on〉[= dependent]，不測の
culpable [kʌ́ləpəbl],有罪の [= guilty]，非難に値する [= blameworthy]（⇔inculpable）
demure [dɪmjʊ́ər],内気な [= modest]，おとなしい，上品ぶった
droll [droʊl],ひょうきんな [= funny]（⇔serious）
frigid [frídʒɪd],"酷寒の [= extremely cold]，冷淡な [= stiff and formal, lacking zeal]"
gaunt [gɔːnt],やせ衰えた [= emaciated]
gluttonous [glʌ́tənəs],食いしん坊の [= voracious]
moot [muːt],意味を持たない，議論の余地のある [= debatable]
munificent [mjunífɪsənt],"気前のよい [= lavish, bounteous, liberal, generous]"
narrowly [nǽroʊli],かろうじて [= marginally]
notoriously [noʊtɔ́ːriəsli],札付きの，悪名高く
oblique [əblíːk],遠回しの，間接的な，傾いた [= slanting]
obtrusive [əbtrúːsɪv],ひどく目立つ，押しつけがましい
odious [óʊdiəs],"嫌な [= hateful, repugnant, offensive]"
ominous [ɑ́(ː)mɪnəs],不穏な，不吉な [= sinister]，気味の悪い
opulent [ɑ́(ː)pjulənt],ぜいたくな，裕福な，豊富な
famished [fǽmɪʃt],飢えている [= very hungry]
recurrent [rɪkʌ́rənt],再発性の [= repeated]
replete [rɪplíːt],（〜が）豊富な〈with〉，いっぱいで [= filled]
senile [síːnaɪl],老齢による，老人の（⇔juvenile 若者の）
sheer [ʃɪər],"全くの [= mere, utter, downright, absolute]，切り立った [= precipitous]"
sleek [sliːk],滑らかでつやつやした [= smooth and glossy]，人あたりが良い
snide [snaɪd],皮肉な [= sarcastic]
sturdily [stə́ːrdili],しっかりと [= persistently]
sumptuous [sʌ́mptʃuəs],"豪華な [= splendid, magnificent]，金をかけた [= costly]"
taut [tɔːt],"張り詰めた [= tense]（⇔slack），整然とした [= tidy, neat]"
tenuous [ténjuəs],"希薄な [= rare, thin]，内容の乏しい [= flimsy, superficial]"
terse [təːrs],"簡潔な [= condensed, compressed, laconic]"
translucent [trænslúːsənt],半透明の
upstage [ʌ̀pstéɪdʒ],舞台後方の（⇔downstage 舞台前方の）
vigilant [vídʒələnt],慎重な，油断のない [= watchful]
critical [krítɪkəl],（〜に）批判的な〈of〉，重大な
obtuse [əbtjúːs],"鈍い，鈍角の [= blunt, insensitive]（⇔acute）"
flawless [flɔ́ːləs],非の打ち所がない [= impeccable]
intact [ɪntǽkt],"損なわれていない [= untouched, whole, unimpaired]，元のままの"
voluptuous [vəlʌ́ptʃuəs],"肉感的な [= sensual, sexy, sultry]"
identical [aɪdéntɪkəl],一卵性の，同一の [= the same]
