symposium（名詞）,シンポジウム、討論会
broaden（他動詞）,…を広げる、…を広くする
broaden（自動詞）,広がる、広くなる
ecology（名詞）,生態学（以上は通常 the ecology で）、エコロジー
circulate（自動詞）,（うわさなどが）広まる、（液体などが）循環する、（通貨などが）流通する
circulate（他動詞）,（液体など）を循環させる、（通貨など）を流通させる
corpse（名詞）,死体
marsh（名詞）,沼地、低湿地
fingerprint（名詞）,（通常 fingerprints で）指紋
fingerprint（他動詞）,…の指紋を採取する
coincide（自動詞）,一致する、ぴったり合う、同時に起こる、同一の空間を占める
plumber（名詞）,配管工
comprise（他動詞）,…から成る、…を含む、…で構成される
dictation（名詞）,ディクテーション（の試験）、書き取り、口述
amazement（名詞）,驚き、仰天
contradict（他動詞）,…と矛盾する、…と食い違う、…をきっぱりと否定する、…に反論する
contradict（自動詞）,否定する、反論する
hypothesis（名詞）,仮説、前提、仮定
cripple（他動詞）,…の手足を不自由にする、…を駄目にする、…を損なわせる
cripple（名詞）,手足の不自由な人
lieutenant（名詞）,（陸軍の）中尉、上官代理、（海軍の）大尉
wheelchair（名詞）,車いす
locomotive（名詞）,機関車
locomotive（形容詞）,機関車の
deafen（他動詞）,…の耳を聞こえなくする、（音など）をかき消す
optimism（名詞）,楽観主義、楽天主義
doom（他動詞）,（悪い方向へ）…を運命づける、（失敗・滅亡・破滅など）を決定づける
doom（名詞）,運命、宿命、悲運、破滅、（キリスト教で）最後の審判
bankruptcy（名詞）,破産、倒産、（名声・名誉の）失墜
cylinder（名詞）,シリンダー、円筒
enhance（他動詞）,（品質・価値など）を高める、…を強める、…を増す、（コンピューターなど）の機能を拡張する
enrich（他動詞）,…を質的に向上させる、…を豊かにする、…の栄養価を高める、（ウランなど）を濃縮する
expertise（名詞）,専門的技術［知識］
intensive（形容詞）,短期集中的な、徹底的な、激しい、（文法で）強意の、強調の
smog（名詞）,スモッグ、煙霧
envelop（他動詞）,…を覆う、…を包む、…をくるむ
soloist（名詞）,独奏［独唱］者、ソリスト
expressive（形容詞）,表情豊かな、表現（上）の、（expressive of … で）（…を）表現する、表す
excel（自動詞）,勝る、秀でている
excel（他動詞）,…に勝る、…より秀でている
plaster（名詞）,しっくい、壁土、石こう
plaster（他動詞）,…にしっくいを塗る、…をべたべた塗る、（髪）をべったりとなでつける
flake（自動詞）,はがれ落ちる
flake（他動詞）,…をはがす
flake（名詞）,破片、ひとひら
lavatory（名詞）,トイレ、洗面所
madly（副詞）,狂ったように、激しく、気が狂ったように
flap（自動詞）,（旗などが）はためく、パタパタ動く
flap（他動詞）,（旗など）をはためかせる、パタパタ動かす
flap（名詞）,羽ばたきの音、（航空機の）フラップ、（本のカバーなどの）折り返し部分
thunderstorm（名詞）,激しい雷雨
flush（自動詞）,（興奮・怒りなどで）顔が赤くなる、紅潮する、（ほおなどが）赤くなる、（水が）どっと流れる
flush（他動詞）,（ほおなど）を赤くさせる、（水）をどっと流す
flush（名詞）,どっと水を流すこと、赤面
indignation（名詞）,義憤、憤り
heighten（他動詞）,…を高める、…を高くする
heighten（自動詞）,高まる、高くなる
contradiction（名詞）,矛盾、矛盾した言動、反対の主張、反論
hush（自動詞）,静かになる
hush（他動詞）,…を静かにさせる、…をなだめる、（事実など）をもみ消す
hush（名詞）,沈黙、静けさ
lecturer（名詞）,講師、講演者
illuminate（他動詞）,…を照らす、（物・場所）を明るくする、（問題など）を明らかにする
wintertime（名詞）,（しばしば the wintertime で）冬、冬期
prevailing（形容詞）,一般的な、行き渡った、支配的な、有力な（限定用法）
incorporate（他動詞）,…を組み込む、…を組み入れる、…を合体させる、…を法人組織にする
incorporate（自動詞）,合併［合体］する
incorporate（形容詞）,合併した、法人［会社］組織の
raid（名詞）,襲撃、急襲、（警察などの）手入れ、侵入
raid（他動詞）,…を襲撃［急襲］する、（警察が）…を手入れする
metropolitan（形容詞）,主要都市の、大都市の（限定用法が多い）
intensify（自動詞）,激しくなる、強くなる、強まる
intensify（他動詞）,…を激しくする、…を増大する、…を強める
intake（名詞）,摂取、（空気などの）取り入れ、吸い込み、（空気などの）取り入れ口
lengthen（他動詞）,…を長くする、…を伸ばす
lengthen（自動詞）,長くなる
rehabilitation（名詞）,リハビリテーション、社会復帰、再建
cane（名詞）,つえ、ステッキ、（トウなどの）茎、サトウキビ（sugar cane）
cane（他動詞）,…を罰としてむちでたたく
lessen（他動詞）,…を減らす、…を少なく［小さく］する
lessen（自動詞）,減る、小さくなる
bruise（名詞）,打撲、打撲傷、打ち身、（果物などの）傷、（心の）傷
bruise（他動詞）,…に打撲を負わせる、（果物など）に傷をつける、（人の心）を傷つける
bruise（自動詞）,（果物・皮膚などが）傷つく
recollection（名詞）,思い出、記憶、回想、思い出すこと
debut（名詞）,デビュー、初舞台
debut（自動詞）,（社交界などに）デビューする、初舞台を踏む
debut（他動詞）,（製品など）を初公開する
debut（形容詞）,処女作の（限定用法）
temporarily（副詞）,一時的に、仮に
lighten（他動詞）,…を明るくする
lighten（自動詞）,明るくなる
nationalize（他動詞）,…を国営化する、…を全国的に展開する
miner（名詞）,鉱山労働者、鉱員
preface（名詞）,序文、きっかけ、発端
preface（他動詞）,…に序文を付ける
precede（他動詞）,…の前に置く、（時間的に）…に先行する、…より先に起こる、（重要性などが）…より上である
appendix（名詞）,（本などの）付録、補遺、（医学で）突起、虫垂
pulse（名詞）,鼓動、脈拍、（通信の）パルス、（音・光の）波動
pulse（自動詞）,鼓動する、脈打つ
quicken（自動詞）,速くなる、速まる、活発になる
quicken（他動詞）,…を速くする、…を活気づける
apprehension（名詞）,不安、心配、逮捕
fig（名詞）,イチジク（の実）、ささいな量
ripen（自動詞）,（果物などが）熟する、実る、成熟する
ripen（他動詞）,（果物など）を熟させる
goldfish（名詞）,金魚
rot（自動詞）,腐る、腐敗する、朽ちる、（道徳的に）堕落する
rot（他動詞）,…を腐らせる、…を腐敗させる
rot（名詞）,腐敗、堕落
distributor（名詞）,流通業者、販売者、分配器、配電器
simplify（他動詞）,…を単純にする、…を簡単［平易］にする、…を簡素化する
merchandise（名詞）,（集合的に）商品
merchandise（他動詞）,…を売買［取引］する、…の販売を促進する
metropolis（名詞）,大都市、主要都市、（産業・文化の）中心地
situate（他動詞）,…を位置づける、…を置く、…を据える
dose（名詞）,（１回分の）服用量、薬になるもの
soothe（他動詞）,…を軽くする、（痛みなど）を和らげる、…をなだめる
soothe（自動詞）,気分を落ち着かせる
bowel（名詞）,腸、はらわた
subscription（名詞）,定期［予約］購読（料）、（インターネット・電話などに）加入すること、寄付（金）
surpass（他動詞）,…を上回る、…に勝る
scandalous（形容詞）,恥ずべき、不面目な、中傷的な
symbolize（他動詞）,…を象徴する、…の象徴である、…を記号で表す
telecommunications（名詞）,電気通信、（電子機器による）遠距離通信（単数扱い）
storehouse（名詞）,倉庫、貯蔵所
thaw（自動詞）,（雪・氷などが）溶ける、（冷凍食品が）解凍される、（体のこわばりなどが）暖まってほぐれる、（人が）打ち解ける
thaw（他動詞）,（雪・氷など）を溶かす、（冷凍食品）を解凍する
thaw（名詞）,解けること、打ち解けること
thicken（自動詞）,（液体などが）濃くなる、密集する、厚くなる
thicken（他動詞）,（液体など）を濃くする、…にとろみをつける、…を密集させる、…を厚くする
lighthouse（名詞）,灯台
stationery（名詞）,文房具、便せん
thrive（自動詞）,（事業などが）成功する、繁栄する、（植物などが）成長する、生きがいにする
gardening（名詞）,園芸、庭いじり、ガーデニング
update（他動詞）,（本・情報・ソフトウエアなど）を最新のものにする、…を更新する、…を改訂する
update（名詞）,最新情報、最新版
wither（自動詞）,（植物などが）しおれる、（体力・気力などが）衰える、（色が）あせる、（音が）消えてなくなる
wither（他動詞）,（植物など）をしおれさせる、（体力・気力など）を衰えさせる
chancellor（名詞）,（しばしば Chancellor で）（ドイツなどの）首相、（英国の）大蔵大臣、長官、大臣
affirm（他動詞）,…を主張する、…を断言する、…を肯定する
affirm（自動詞）,断言する、肯定する
continuation（名詞）,継続、存続、（話などの）続き
drastic（形容詞）,思い切った、徹底的な、（薬の効果などが）強烈な
anonymous（形容詞）,匿名の、個性のない
allege（他動詞）,…を断言する、…を主張する
commissioner（名詞）,理事、署長、委員、長官
conspiracy（名詞）,陰謀、共謀
arrogant（形容詞）,横柄な、無礼な
deceitful（形容詞）,不正直な、人をだます、人を誤らせるような
arouse（他動詞）,（感情・興味など）を呼び起こす、…を喚起する、…を誘発する、…の目を覚ます
fury（名詞）,激怒、激しさ、猛威
creditor（名詞）,債権者、貸し主
pedestrian（名詞）,歩行者、徒歩旅行者
pedestrian（形容詞）,徒歩の、歩行の（限定用法）
beware（自動詞）,注意する、用心する
beware（他動詞）,…に注意する、…に用心する
pathway（名詞）,小道、進路
tram（名詞）,路面［市街］電車、ケーブルカー、（鉱山の）トロッコ
chatter（自動詞）,ペチャクチャおしゃべりする、ペラペラよくしゃべる、（鳥などが）けたたましく鳴く
chatter（名詞）,おしゃべり、（鳥などの）鳴き声
idol（名詞）,アイドル、崇拝される人
clarify（他動詞）,…を明らかにする、…をはっきりさせる
constitutional（形容詞）,憲法上の、立憲的な、健康によい
dean（名詞）,学部長
commend（他動詞）,…を褒める、…を推薦する
superb（形容詞）,素晴らしい、極上の、豪華な
thesis（名詞）,学位論文、命題
predecessor（名詞）,前任者、先輩、前にあったもの
concede（他動詞）,…を認める、…を容認する、（権利など）を与える、…を譲渡する
concede（自動詞）,譲歩する、負けを認める
statistical（形容詞）,統計の、統計に基づく（限定用法が多い）
falsehood（名詞）,うそ、偽り、欺まん
confer（自動詞）,相談する
confer（他動詞）,（学位・称号など）を与える
treasurer（名詞）,財務担当者、会計係
fiscal（形容詞）,会計（上）の、財務の、国庫の
confide（自動詞）,秘密を打ち明ける、信頼する
confide（他動詞）,（秘密など）を打ち明ける、…を任せる
weary（形容詞）,うんざりしている、飽き飽きしている、（物事が）疲れさせる、退屈な、疲れ切った、へとへとの
dissatisfied（形容詞）,満足していない、不満な
pastor（名詞）,牧師、羊飼い
console（他動詞）,…を慰める、…を元気づける
console（名詞）,コンソール、本体、制御装置、（テレビなどの）コンソール型
sorrowful（形容詞）,悲嘆に暮れた、悲しんでいる、哀れな
formulate（他動詞）,…を明確に述べる［表す］、…を公式化する、…を考案する
amendment（名詞）,修正条項、改正、訂正
grumble（自動詞）,ブツブツ言う、不平を言う
grumble（他動詞）,…を文句たらたらに言う
grumble（名詞）,不平、不満
annoyance（名詞）,いら立たしさ、迷惑、困惑、困り事
utensil（名詞）,（通常 utensils で）用具、器具
disciple（名詞）,弟子、信奉者
implore（他動詞）,…を懇願する、…を請う
doctrine（名詞）,教義、信条、政策、（外交政策上の）主義、方策
persuasive（形容詞）,説得力のある、説得できる
persuasive（名詞）,誘因
induce（他動詞）,…を引き起こす、…を誘発する
trustee（名詞）,理事、役員、受託者、保管人
manifest（他動詞）,（感情など）を表す、…を明らかにする、…の証拠となる
manifest（形容詞）,明白な、明らかな
dissatisfaction（名詞）,不満、不平、不満の種
unskilled（形容詞）,（人が）未熟な、未熟練の、（仕事が）熟練を必要としない、（技術が）下手な
eccentric（形容詞）,奇妙な、一風変わった、常軌を逸した
eccentric（名詞）,変人、奇人
unpredictable（形容詞）,予測できない、意外性のある
perplex（他動詞）,…を当惑させる、…をまごつかせる、…を混乱させる
profess（他動詞）,…を明言［公言］する、…を装う、…するふりをする
profess（自動詞）,明言［公言］する
supportive（形容詞）,支持する、支える、援助する、協力的な
civic（形容詞）,市民の、都市の、市の（限定用法）
reconcile（他動詞）,…を和解させる、…を仲裁する、…を調和させる、…に甘んじさせる
reconcile（自動詞）,和解する
foe（名詞）,敵、反対者
rouse（他動詞）,（関心・意欲など）を起こさせる、…を目覚めさせる
folklore（名詞）,民間伝承
slant（他動詞）,（事実・記事など）をゆがめる、…をゆがめて書く［話す］、…を歪曲する、…を傾ける
slant（自動詞）,傾く、斜めになる
slant（名詞）,傾斜、斜面
botanical（形容詞）,植物学の、植物の（限定用法）
sensational（形容詞）,世間を騒がせる、扇情的な、素晴らしい
testify（他動詞）,…を証言する、…の証拠となる
testify（自動詞）,証言する、証拠となる
commuter（名詞）,通勤［通学］者
bulletin（名詞）,掲示、広報、（テレビ・ラジオ・新聞などの）短いニュース、速報
blink（他動詞）,（目）をまばたきする、（目）をくらます、（光など）を明滅させる
blink（自動詞）,まばたきする、（星・光などが）またたく、明滅する
blink（名詞）,まばたき、またたき
disbelief（名詞）,信じないこと、不信、疑惑
chime（自動詞）,（鐘などが）鳴る、（意見などが）一致する
chime（他動詞）,（鐘など）を鳴らす、（時刻）を（チャイムなどで）告げる
chime（名詞）,（玄関・時計などの）チャイム、（教会などの1組の）鐘、チャイム［鐘］の音
brunch（名詞）,ブランチ、朝食を兼ねた昼食
chuckle（自動詞）,クスクスと笑う、声を出さずに笑う
chuckle（名詞）,クスクス笑い、含み笑い
bridegroom（名詞）,花婿、新郎
witty（形容詞）,気の利いた、機知のある、しゃれのうまい
hoof（名詞）,ひづめ
clatter（自動詞）,（車・人などが）ガタガタ音を立てて進む、ガタガタ音を立てる
clatter（名詞）,カタカタ［ガタガタ］いう音、騒々しい音
desolate（形容詞）,（場所が）人けのない、荒れ果てた、わびしい、寂しい
desolate（他動詞）,…を悲しませる、…を荒廃させる
curly（形容詞）,巻き毛の、カールしている
clutch（他動詞）,…をしっかり握る［つかむ］、…を抱き締める
clutch（自動詞）,つかもうとする、つかみかかる
clutch（名詞）,しっかりつかむこと、クラッチ、手中
bouquet（名詞）,花束
serpent（名詞）,ヘビ、（the Serpent で）悪魔
coil（他動詞）,…をぐるぐる巻き付ける、…をぐるぐる巻く
coil（自動詞）,（ヘビが）とぐろを巻く
coil（名詞）,とぐろ巻き、輪、コイル
bough（名詞）,大きな枝
hound（名詞）,猟犬
hound（他動詞）,…を猟犬で狩る、…を（執拗に）追跡する、…を追い回す
devour（他動詞）,…をがつがつ食べる、…をむさぼり食う、…をむさぼり読む、…を食い入るように見る
hare（名詞）,野ウサギ
appliance（名詞）,器具、器械、道具
dictate（他動詞）,…を口述する、…を書き取らせる、…を命令する
dictate（自動詞）,口述する、要件を書き取らせる
dictate（名詞）,（通常 dictates で）命令
elevate（他動詞）,…を持ち上げる、（程度など）を上げる、（精神など）を高める、（人）を昇進させる
dome（名詞）,ドーム、半球体
embrace（他動詞）,…を抱き締める、（提案など）を快諾する、（考え・機会など）に喜んで応じる
embrace（自動詞）,抱き合う、抱擁する
embrace（名詞）,抱擁
sweetie（名詞）,恋人、かわいい人［物］
mansion（名詞）,大邸宅、（英）（mansions で）マンション
tedious（形容詞）,退屈な、飽き飽きする
campaigner（名詞）,（選挙などの）運動家、活動家
flip（他動詞）,…をパタパタさせる、…を（指で）はじく、（ページなど）をぱっとめくる、…を裏返す
flip（自動詞）,素早くめくる、裏返しになる
flip（名詞）,（指で）はじくこと、（ページを）めくること、宙返り
handout（名詞）,ビラ、印刷物、（講演などの）配布用資料、（配布用の）商品サンプル、試供品
outing（名詞）,遠足、ピクニック、遠出
gargle（自動詞）,うがいをする、がらがら声で言う
gargle（他動詞）,…をうがいして清める、…をがらがら声で言う
gargle（名詞）,うがい薬
detergent（名詞）,合成洗剤、洗浄剤
detergent（形容詞）,洗浄性の（限定用法）
giggle（自動詞）,クスクス笑う
giggle（名詞）,クスクス笑い、面白い人、ジョーク
superstition（名詞）,迷信、盲信
groom（他動詞）,（馬など）を手入れする、（髪など）をきれいにする、（動物が）…の毛繕いをする
groom（自動詞）,（動物が）毛繕いをする
groom（名詞）,新郎（bridegroom）、馬取扱人
horseshoe（名詞）,馬てい、てい鉄
horseshoe（形容詞）,馬てい形の、U字形の
brute（名詞）,獣、動物
brute（形容詞）,動物の、凶暴な、野蛮な（限定用法）
growl（自動詞）,うなる、がみがみ言う、とどろく
growl（他動詞）,…を怒った声で言う
growl（名詞）,うなり声、ほえ声
chick（名詞）,ひよこ、ひな、（俗語で）若い［魅力的な］女性
hatch（自動詞）,（ひな・卵が）ふ化する、かえる
hatch（他動詞）,（ひな・卵）をふ化させる、（計画・陰謀など）を企てる
hatch（名詞）,ふ化
haul（他動詞）,…を引っ張る、…を引きずる、…をたぐる、（物）を運ぶ
haul（自動詞）,（網などを）引く
lifeboat（名詞）,救命艇［ボート］
ashore（副詞）,岸へ、浜へ
thicket（名詞）,やぶ、低木の茂み
hiss（自動詞）,（ヘビ・水蒸気などが）シューと音を立てる、（警告などを表すため）小声でシーッと言う
hiss（他動詞）,…を語気強く小声で言う、シーッと言って（警告など）を表す
hiss（名詞）,（ヘビ・水蒸気などの）シューという音、シーッという声
barricade（名詞）,バリケード、障害物
barricade（他動詞）,（道路など）をバリケードでふさぐ
hurl（他動詞）,…を強く投げる、…を放り投げる、（ののしり・悪口など）を浴びせる
hurl（自動詞）,（米）吐く
riot（名詞）,暴動、騒動
riot（自動詞）,暴動を起こす
jockey（名詞）,（競馬の）騎手、（乗り物の）運転者、（機械の）操作係
jockey（自動詞）,騎手を務める
jockey（他動詞）,（馬）に騎手として乗る
lash（他動詞）,…をむち打つ、…を駆り立てる、…を（ひもで）しっかり縛る、（風雨が）…に激しく打ちつける
lash（自動詞）,（風雨が）激しく打つ、激しく動く、むち打つ、非難する
lash（名詞）,むちで打つこと、むち打ち、激しい非難
avail（名詞）,（通常否定文で）利益、効用
avail（自動詞）,（通常否定文・疑問文で）役に立つ
avail（他動詞）,（通常否定文・疑問文で）…に役立つ
splendor（名詞）,素晴らしさ、豪華、壮観
maple（名詞）,モミジ、カエデ
linger（自動詞）,（立ち去り難くて）ぐずぐずする、居残る、（痛み・記憶などが）なかなか消えない、（視線がいつまでも）離れない
usage（名詞）,使い方、使用、語法、慣用法、慣習
bracket（名詞）,ブラケット、かっこ、腕木
bracket（他動詞）,…をかっこで囲む、…に腕木をつける
misplace（他動詞）,…を置き違える、…を置き忘れる
pave（他動詞）,…を舗装する、…を敷き詰める、…を覆う
coastal（形容詞）,沿岸の
pluck（他動詞）,…を引き抜く、…を引っ張る
watering（名詞）,水まき、（織物の）波紋、波形模様
watering（形容詞）,水を供給する、温泉の
wanderer（名詞）,放浪者、さすらい人、歩き回る人
reappear（自動詞）,再び現れる、再現する
shabby（形容詞）,粗末な、ぼろを着た、卑しい
lapse（名詞）,（時の）経過、ささいな誤り
lapse（自動詞）,（時が）経過する、（権利などが）失効する、（習慣が）廃れる
recite（他動詞）,（詩の一節など）を暗唱する、…を朗読する、…について詳しく話す
recite（自動詞）,暗唱する、朗読する
gull（名詞）,カモメ（seagull）
rustle（自動詞）,カサカサ［サラサラ］音を立てる、（主に米）家畜を盗む
rustle（他動詞）,…をカサカサ［サラサラ］と音を立てさせる、（主に米）（家畜）を盗む
footpath（名詞）,小道
shriek（自動詞）,金切り声を上げる、悲鳴を上げる、（物が）かん高い音を出す
shriek（他動詞）,…を金切り声で言う
shriek（名詞）,金切り声、悲鳴、かん高い音
illumination（名詞）,照明、明るくすること
shrug（自動詞）,肩をすくめる
shrug（他動詞）,（肩）をすくめる
shrug（名詞）,肩をすくめること
abandonment（名詞）,放棄、見捨て（られ）ること、断念
Antarctic（名詞）,（the Antarctic で）南極地方
Antarctic（形容詞）,南極の、南極地方の（限定用法）
sip（自動詞）,ちびちび飲む
sip（他動詞）,…をちびちび飲む
sip（名詞）,一口、ひとすすり
sherry（名詞）,シェリー酒
horoscope（名詞）,星占い、占星術、十二宮図、天宮図
plump（形容詞）,丸々と太った、ぽっちゃりした
slumber（自動詞）,うとうとする、まどろむ、休止［無活動］状態になる
slumber（名詞）,眠り、まどろみ、休止［無活動］状態
tramp（名詞）,放浪者
tramp（自動詞）,強く踏みつける、放浪する
snore（自動詞）,いびきをかく
snore（名詞）,いびき
lorry（名詞）,（英）大型トラック、運搬車
splash（他動詞）,（水など）をはねかける、…を飛び散らす、（写真・記事・広告など）を派手に載せる
splash（自動詞）,（水などが）はねる、飛び散る
splash（名詞）,しぶき、はねを飛び散らすこと、（新聞の）派手な記事
stout（形容詞）,太った、どっしりした
squash（他動詞）,…を押しつぶす
squash（自動詞）,つぶれる
squash（名詞）,押しつぶすこと、スカッシュ（テニスに似た室内ゲーム）
parsley（名詞）,パセリ
stab（他動詞）,…を突き刺す、…を鋭く傷つける
stab（名詞）,突き刺すこと、刺すような痛み
spear（名詞）,（戦闘用の）やり
spear（他動詞）,…をやりで突き刺す
tumble（自動詞）,倒れる、転ぶ、（株価などが）暴落［急落］する、（建物・体制などが）崩壊する
tumble（名詞）,転ぶこと、転倒、宙返り、（株価などの）暴落、急落
exhausting（形容詞）,心身を疲れさせる、消耗的な
sleeper（名詞）,寝台車、眠る人、（線路の）枕木
vibrate（自動詞）,揺れる、振動する、震える、（声・音が）反響する
vibrate（他動詞）,…を振動させる、…を揺り動かす
creek（名詞）,小川、（主に英）入り江
wring（他動詞）,（濡れた物）を絞る、…を堅く握る、…をぐいとひねる
zip（他動詞）,…のチャックを閉める［開ける］
zip（自動詞）,ビュッと音を立てる、勢いよく進む
takeout（形容詞）,持ち帰り用の、テイクアウトの
takeout（名詞）,持ち帰り用の料理（店）
administer（他動詞）,…を管理［運営］する、…を治める、（措置・試験など）を実施する、（薬）を投与する
geology（名詞）,地質学、（ある地域の）地質学的特徴
forum（名詞）,フォーラム、公開討論会、公共広場
glacier（名詞）,氷河
adorn（他動詞）,…を飾る、…を装飾する、…を魅力的にする
altar（名詞）,祭壇、供物台、聖体拝領台
exquisite（形容詞）,非常に美しい、申し分のない、洗練された
carving（名詞）,彫刻、彫刻作品、肉の切り分け
presumably（副詞）,恐らく、推定上
amend（他動詞）,（法律など）を改正［修正］する、…を改良する
amend（自動詞）,行動を改める
forthcoming（形容詞）,来るべき、用意された
bestow（他動詞）,（賞・名誉ある位など）を授ける、…を与える
wreath（名詞）,花冠、花輪、リース
victor（名詞）,勝利者、戦勝者、優勝者
cater（他動詞）,（米）（パーティーなど）の料理を（代金を取って）賄う
cater（自動詞）,（パーティーなどの）料理を賄う、（要求に）応える
luncheon（名詞）,昼食会、午餐会、昼食
certify（他動詞）,…に免許を与える、…を認定する、…を保証する、…を（正式に）証明する
applicant（名詞）,応募者、志願者
pharmacist（名詞）,薬剤師、薬局
cherish（他動詞）,…を大事にする、…をかわいがる、（思い出など）を心に抱き続ける
luxurious（形容詞）,上等で高価な、ぜいたくな
shawl（名詞）,ショール、肩掛け
souvenir（名詞）,記念品、土産、形見
inexperienced（形容詞）,未熟な、経験不足の、不慣れの
trainee（名詞）,見習い、訓練生、研修［実習］生
compensate（自動詞）,埋め合わせる、補う、補償［賠償］する
compensate（他動詞）,…を補う、…を埋め合わせる、…を相殺する、（損害など）を補償［賠償］する
inherent（形容詞）,生まれつきの、本来備わっている、固有の（限定用法が多い）
diligence（名詞）,勤勉、不断の努力
conform（自動詞）,従う、順応する、一致する、適合する
conform（他動詞）,…を従わせる、…を順応させる、…を一致させる
sanitary（形容詞）,衛生の、衛生的な
criterion（名詞）,基準、標準、尺度
superpower（名詞）,超大国
contend（自動詞）,争う、戦う、取り組む、論争する
contend（他動詞）,…と主張する
peninsula（名詞）,半島
contractor（名詞）,請負業者、契約人
contrive（他動詞）,…を企てる、…をもくろむ、…をどうにかやる、…を考案する
confrontation（名詞）,対決、直面
fraud（名詞）,詐欺（師）、裏切り
detach（他動詞）,…を分離する、…を派遣する
detach（自動詞）,分離する
capsule（名詞）,カプセル
capsule（形容詞）,小型の、簡略な（限定用法）
cone（名詞）,円すい（形）、円すい状の物、アイスクリームコーン、円すい標識
discard（他動詞）,（不要なもの）を捨てる、…を放棄する、（トランプで）（不要なカード）を捨てる
discard（自動詞）,不要なカードを捨てる
discard（名詞）,放棄
duster（名詞）,ふきん、ほこりを払う人［もの］
washcloth（名詞）,（小型の）浴用タオル
dispatch（他動詞）,…を派遣する、…を急派する、…を急送する
dispatch（名詞）,派遣、発送
destroyer（名詞）,護衛艦、駆逐艦、破壊者
prevalent（形容詞）,広く行き渡った、流行した、優勢な
displace（他動詞）,…に取って代わる、…を強制退去させる、…を追放する、…を移し替える、…を解任する
columnist（名詞）,コラムニスト
distort（他動詞）,（事実など）をゆがめて伝える、…を歪曲する、（顔など）をゆがめる
fiery（形容詞）,火のように激しい、激しやすい、火のような、燃えるように赤い（限定用法が多い）
piercing（形容詞）,（音・声が）耳をつんざくような、甲高い、（批判などが）鋭い、（寒さなどが）骨身にこたえる
divert（他動詞）,…を脇へそらす、…を方向転換させる
tiresome（形容詞）,退屈な、うんざりする、飽き飽きする、厄介な、いらいらさせる
sermon（名詞）,説教、長くて退屈な話
donate（他動詞）,…を寄付［寄贈］する、…を贈与する、…を提供する
royalty（名詞）,（通常 royalties で）印税、特許権使用料
catastrophe（名詞）,大惨事、大災害、災難
gigantic（形容詞）,巨大な、非常に大きな、巨人のような
embark（自動詞）,着手する、乗船する、乗り込む
embark（他動詞）,…を乗船させる、（船荷）を積み込む、…を乗り出させる
undertaking（名詞）,事業、仕事、約束
harmonious（形容詞）,調和のとれた、平和な、仲のよい
choir（名詞）,聖歌隊、合唱団
enchant（他動詞）,…をうっとりさせる、…を魅了する、…を大いに喜ばせる、…に魔法をかける
auditorium（名詞）,音楽堂、講堂、聴衆［観客］席
enforce（他動詞）,…を施行［実施］する、…を強制する、…を強く主張する、（議論など）を強化する
evenly（副詞）,平等に、均等に、むらなく
precision（名詞）,（時に a precision で）正確さ、的確、明確、精度
err（自動詞）,過ちを犯す、思い誤る
diagnosis（名詞）,診断、判断
escort（他動詞）,…を護衛する、（女性）をエスコートする
escort（名詞）,護衛者［団］、護衛、付き添い、（パーティーなどへ女性を）エスコートする男性
jeweler（名詞）,宝石商、宝石職人
exert（他動詞）,（力など）を発揮する、…を使う、…を行使する、（exert oneself で）懸命に努力する
decisive（形容詞）,決定的な、断固とした、果断な、明白な
abolition（名詞）,（法律・制度などの）廃止、撤廃、（時に Abolition で）（米国の）奴隷制度廃止
expend（他動詞）,（金・時間・労力）を費やす、…を使い果たす
bureaucracy（名詞）,官僚主義、（集合的に）官僚
municipal（形容詞）,市［町］の、地方自治体の、市政の、市営［町営］の（限定用法が多い）
forsake（他動詞）,（主義・信条など）を捨てる、（家族・友人など）を見捨てる、…を見放す
vocation（名詞）,（適した）職業、天職
clergyman（名詞）,聖職者、牧師
competence（名詞）,能力、力量、適性
accompaniment（名詞）,伴奏、付随するもの、付属物
gratify（他動詞）,（願望・好奇心など）を満たす、…を満足させる、…を喜ばせる、…を楽しませる
longtime（形容詞）,長年の、昔からの（限定用法）
halve（他動詞）,…を半分にする、…を半分に減らす
halve（自動詞）,半分になる、半減する
hazard（名詞）,危険、危険を引き起こす原因、偶然
hazard（他動詞）,…を思い切って言う、…を危険にさらす
mortality（名詞）,死亡、死すべき運命、死を免れないこと、死亡率（mortality rate）
hijack（他動詞）,（飛行機など）をハイジャックする、…を乗っ取る、（アイデアなど）を奪い取る
hijack（名詞）,ハイジャック
delegation（名詞）,代表団、派遣団（以上は集合的に）、（責任などの）委任
tariff（名詞）,関税、関税率
hinder（他動詞）,…を妨げる、…を遅らせる、…の邪魔になる
territorial（形容詞）,領土に関する、地域的な、一地域の、土地の
preferable（形容詞）,（preferable to … で）（…より）望ましい、選ぶに値する（叙述用法が多い）
indulge（自動詞）,（快楽・空想などに）ふける
indulge（他動詞）,…にふける、…をほしいままにする、…を満足させる、…を甘やかす
pessimism（名詞）,悲観主義、悲観
barbarian（名詞）,野蛮人、未開人、無教養な人
barbarian（形容詞）,未開の（限定用法が多い）
westward（副詞）,西へ［に］、西方へ［に］
westward（形容詞）,西への（限定用法が多い）
westward（名詞）,（the westward で）西方
intrude（自動詞）,侵入する、押し入る、侵害する
intrude（他動詞）,（意見など）を押しつける
monk（名詞）,修道士、修士
magnify（他動詞）,…を拡大する、…を大きく見せる、（事態など）を深刻化させる
navigate（自動詞）,航海［航行、飛行］する、操縦する、（ウェブサイトを）検索する、ネットサーフィンする
navigate（他動詞）,…を航海［航行、飛行］する、…を操縦する、（目的のウェブサイト）へ行く
equator（名詞）,（the equator または the Equator で）赤道、赤道地域
tan（名詞）,日焼け、日焼けした肌の色、小麦色、黄褐色
tan（他動詞）,（肌）を日に焼く
tan（形容詞）,日焼けした、黄褐色の
nominate（他動詞）,…を指名する、…を推薦する、…を任命する
sophomore（名詞）,（四年制大学の）2年生
deficiency（名詞）,不足、欠乏
nourish（他動詞）,…に栄養を与える、…を養う、…を育てる、（信念・思想など）を心に抱く、…を助長する
regime（名詞）,政権、政体、制度
oppress（他動詞）,…を抑圧する、…を虐げる、…を圧迫する、…に重くのしかかる
collision（名詞）,衝突、（意見などの）不一致、食い違い
overturn（他動詞）,…を転覆させる、…をひっくり返す、（決定など）を覆す、（体制・政府など）を打倒する
overturn（自動詞）,転覆する、横転する、ひっくり返る
freight（名詞）,（輸送）貨物、貨物輸送
freight（他動詞）,…を積む
delegate（名詞）,代表者、代議員
delegate（他動詞）,…を委任する、…を代表として派遣する
partake（自動詞）,参加する、（出された食べ物を）食べる、（性質などを）幾分帯びる
ceremonial（形容詞）,儀礼上の、儀式の
ceremonial（名詞）,式典、儀礼
bandage（名詞）,包帯
bandage（他動詞）,…に包帯をする
prescribe（他動詞）,（薬）を処方する、（治療）を施す、（法律などが）…を定める、…を命じる
prescribe（自動詞）,処方する、処方を書く、規定する
clergy（名詞）,聖職者、僧侶
preside（自動詞）,主宰する、取り仕切る、中心的な位置を占める
timber（名詞）,材木、木材、森林
prop（他動詞）,…を支える、…を支持する、…をもたせかける
prop（名詞）,支え、支持者
barrack（名詞）,（通常 barracks で）兵舎、バラック
prune（他動詞）,（木）を刈り込む、（木の枝）を刈り取る、…を切り取る、（余分なもの）を削る
prune（名詞）,干しスモモ
twig（名詞）,小枝
rationalize（他動詞）,（言動）を正当化する、…を合理的に説明する、（組織など）を合理化する
rationalize（自動詞）,（自分の行動を）正当化する
melancholy（名詞）,憂うつ、深い物思い
melancholy（形容詞）,憂うつな
unsure（形容詞）,確信がない、自信がない、不確かな
intentional（形容詞）,故意の、意図的な、意識的な
refrain（自動詞）,差し控える、やめる、こらえる、我慢する
refrain（名詞）,反復句
reinforce（他動詞）,（理論・意見など）を強化する、…をより強固にする、（建物など）を補強する、（軍隊など）を増強する
feedback（名詞）,フィードバック、反応
loop（名詞）,（プログラム処理での）ループ、輪、環状のもの
loop（他動詞）,…に輪を付ける
reorganize（他動詞）,…を再編成する、…を再建する、…を立て直す
reorganize（自動詞）,再編成される
subsidiary（名詞）,子会社
subsidiary（形容詞）,従属する、補助の、助成金の
thereafter（副詞）,それ以来
reprint（他動詞）,（本など）を増刷する
reprint（自動詞）,増刷される
reprint（名詞）,増刷、リプリント（版）
safeguard（他動詞）,…を守る、…を保護する
safeguard（名詞）,予防手段［措置］、（契約書などの）保護規定
aggression（名詞）,侵略、攻撃
skim（他動詞）,…をざっと読む［目を通す］、（液体のあく・上澄みなど）をすくい取る、（水面など）をすれすれに飛ぶ、（クレジットカードの情報）を不正にコピーする
skim（自動詞）,（水面などを）かすめて飛ぶ、ざっと読む
editorial（名詞）,社説、論説
editorial（形容詞）,編集の（限定用法が多い）
diplomacy（名詞）,外交、外交的手腕
slay（他動詞）,…を殺す、…を殺害する、…を虐殺する、（米）…をひどく面白がらせる
ranch（名詞）,農場、大牧場
saloon（名詞）,（19世紀米国西部に見られた）酒場、大広間、社交室
rebellious（形容詞）,反乱の、反体制の、反抗的な、手に負えない
subdue（他動詞）,（敵など）を圧倒する、（国・地域）を征服する、（暴動など）を鎮圧する、…を抑制する、（音量・色合いなど）を和らげる
tyrant（名詞）,暴君、専制君主、独裁者
captive（形容詞）,捕虜になった
captive（名詞）,捕虜、囚人
algebra（名詞）,代数学
subtract（他動詞）,（数）を減じる、…を引く、（一定の量・額）を差し引く、…を控除する
subtract（自動詞）,引き算する、減じる
summarize（他動詞）,…を要約する、…をかいつまんで言う
verbal（形容詞）,言語使用の、言葉の、口頭の、（文法で）動詞の（限定用法が多い）
verbal（名詞）,（文法で）準動詞
supervise（他動詞）,…を監督する、…に目を光らせる
supervise（自動詞）,監督する
apprentice（名詞）,見習い、初心者
apprentice（他動詞）,…を弟子入りさせる、…を見習いに出す
sweeten（他動詞）,（味付けなど）を甘くする、（気分など）を和らげる
sweeten（自動詞）,甘くなる
chestnut（名詞）,クリ、クリの木
scoop（名詞）,ひとすくいの量、ひしゃく、特ダネ、スクープ
scoop（他動詞）,…をすくう、…をえぐる、（報道他社）を（特ダネで）出し抜く
tile（名詞）,タイル
tile（他動詞）,…にタイルを張る
toil（自動詞）,精を出して働く、苦労して移動する
toil（名詞）,苦労、骨折り
tolerance（名詞）,我慢、寛容、容認、（薬などに対する）耐性
trample（自動詞）,踏みにじる、踏みつける、ドシンドシンと歩く
trample（他動詞）,…を踏みにじる、…を踏みつける
storekeeper（名詞）,店主、倉庫管理人
imprisonment（名詞）,投獄、禁固、拘束
uphold（他動詞）,（決定・行為・考え方など）を支持する、…を是認する、（物）を支える
prophet（名詞）,予言者、（旧約聖書などの）預言者、（the Prophet で）イスラム教の教祖
withstand（他動詞）,…によく耐える、…に持ちこたえる、…に抵抗する
insulting（形容詞）,侮辱的な、無礼な
scornful（形容詞）,軽蔑に満ちた、さげすむ、冷笑的な
tempest（名詞）,大嵐、大騒動
wreck（他動詞）,…を難破させる、（建物など）を破壊する、（計画など）を台無しにする、…を駄目にする
wreck（名詞）,破壊、難破、難破船、壊れた残骸
tanker（名詞）,タンカー、空中給油機
zealous（形容詞）,熱心な、熱狂的な
reptile（名詞）,爬虫類（の動物）、卑劣な人
enthusiast（名詞）,ファン、熱心な人、…狂
adore（他動詞）,…が大好きである（特に女性が好んで使う）、…を熱愛する、…を崇拝する
lizard（名詞）,トカゲ
behold（他動詞）,（しばしば命令形で）…を見る、…を注視する、…を見守る
frightful（形容詞）,恐ろしい、ものすごい
pathetic（形容詞）,痛ましい、哀れな、感動的な、救いようのない、ひどい
occurrence（名詞）,出来事、事件、（事件などの）発生
marshal（名詞）,司令官、元帥、（レースなどの）進行係
marshal（他動詞）,（軍隊など）を整列［集結］させる、（事実など）を整理する
cling（自動詞）,固執する、執着する、しがみつく
dogmatic（形容詞）,独断的な、独善的な、教義上の
admiral（名詞）,（しばしば Admiral で）提督、海軍将官、艦隊司令官
contemplate（他動詞）,…をじっくり考える、…を熟考する、…を意図する
disastrous（形容詞）,大失敗の、災害を引き起こす、破滅を招く
picturesque（形容詞）,絵のように美しい
panorama（名詞）,パノラマ、全景、回転画
dazzle（他動詞）,…を感嘆させる、（強烈な光などが）…の目をくらませる
dazzle（自動詞）,（光に）目がくらむ
deem（他動詞）,（deem that … で）…だと考える、（deem … [to be] ～ で）…を～だと考える
alteration（名詞）,変更、改変、修正、寸法直し
pipeline（名詞）,パイプライン、輸送管路
differentiate（自動詞）,（正確に）区別［差別］する
differentiate（他動詞）,…を（正確に）区別［識別］する
consonant（名詞）,子音、子音字
consonant（形容詞）,一致する、調和する、協和音の
incessant（形容詞）,絶え間のない、ひっきりなしの（限定用法が多い）
distract（他動詞）,（気持ち・注意など）を散らす、…をそらす、…を紛らす、…を取り乱させる
foresee（他動詞）,…を予感する、…を見越す、…を予見［予知］する
epoch（名詞）,新時代、時代、時期、画期的な出来事
archaeology（名詞）,考古学
colonel（名詞）,大佐
glare（自動詞）,にらみつける、（太陽などが）ぎらぎら光る
glare（他動詞）,にらみつけて（怒りなど）をあらわにする
glare（名詞）,ぎらぎらする光、にらみつける視線
seaman（名詞）,船員、上等水兵
indignant（形容詞）,怒った、憤った
alcoholism（名詞）,アルコール依存症、アルコール中毒
heed（他動詞）,…に注意を払う、…に気をつける
heed（名詞）,（通常 give [pay] heed to …［…に注意を払う］で）注意
rash（名詞）,発疹、吹き出物
rash（形容詞）,軽率な、向こう見ずな、無分別な
itch（自動詞）,かゆい、欲しくてたまらない
itch（他動詞）,…をイライラさせる
itch（名詞）,かゆみ、かゆいこと
lotion（名詞）,ローション、化粧水、（皮膚病治療用の）水薬
lament（他動詞）,…を悲しむ、…を嘆く、…を後悔する
lament（自動詞）,悲しむ、嘆く
lament（名詞）,悲しみ、悲嘆
sergeant（名詞）,巡査部長、軍曹
calamity（名詞）,災難、不幸、苦難、大災害
sociologist（名詞）,社会学者
meditate（自動詞）,熟考する、深く考える
meditate（他動詞）,…を企てる
alternate（形容詞）,代わりの、交代の、（物事が）交互に起こる
alternate（名詞）,代理人、補欠
alternate（自動詞）,交互に起こる
propaganda（名詞）,（主義・思想などの）組織的な宣伝、プロパガンダ、宣伝された主義
muse（自動詞）,熟考する、物思いにふける
cordial（形容詞）,誠心誠意の、心のこもった
cordial（名詞）,元気づける飲食物、（英）コーディアル（非アルコール飲料）
attorney（名詞）,弁護士、法定代理人
simultaneous（形容詞）,同時に起こる、同時の
paralyze（他動詞）,…をまひさせる、…を無力にする
presume（他動詞）,…と思う、…と考える、…を推定する、…を仮定する
presume（自動詞）,推測する、仮定する
friction（名詞）,摩擦、衝突、不和
hindrance（名詞）,障害、邪魔（になるもの）、妨害、障害となる人
reckon（他動詞）,…と思う、…と考える、…と推定する、…をざっと数える、…を評価する
reckon（自動詞）,数える、計算する
assertion（名詞）,主張、断言
recollect（他動詞）,…を思い出す
recollect（自動詞）,思い出す
caravan（名詞）,キャラバン、隊商、（大型の）ほろ馬車
eastward（副詞）,東方へ［に］、東へ［に］
eastward（形容詞）,東への（限定用法が多い）
eastward（名詞）,（the eastward で）東方
navigator（名詞）,航海士、操縦者、ナビゲーター
repent（他動詞）,…を悔やむ
repent（自動詞）,悔い改める、悔やむ、後悔する
thoughtless（形容詞）,軽率な、不注意な、思いやりのない、不親切な
steward（名詞）,客室乗務員、執事、給仕長
stiffen（自動詞）,（体・態度などが）こわばる、硬直［硬化］する、（筋肉が）こる
stiffen（他動詞）,（体・態度など）をこわばらせる、…を硬くさせる、…を硬直［硬化］させる、…を強める
fright（名詞）,（突然の）恐怖、ぞっとさせるような人［もの］
gunshot（名詞）,銃声、発砲音、発砲、砲撃、射程
gunshot（形容詞）,（傷などが）弾丸による
waver（自動詞）,心が揺らぐ、動揺する、揺れ動く、ぐらつく
waver（名詞）,動揺
semifinal（名詞）,準決勝（戦）
semifinal（形容詞）,準決勝の
canary（名詞）,カナリア、カナリア色
crab（名詞）,カニ
leopard（名詞）,ヒョウ、ヒョウの毛皮
rooster（名詞）,おんどり、うぬぼれの強い男、気取った男
slug（名詞）,ナメクジ
slug（他動詞）,…を強打する
snail（名詞）,カタツムリ
swarm（名詞）,（昆虫などの）群れ、大群、群衆
swarm（自動詞）,群がる、いっぱいになる
avoidance（名詞）,回避、避けること
continuity（名詞）,連続、継続性、（連続した）一続き
contraction（名詞）,収縮、短縮、不況、（文法で）短縮（形）
conversion（名詞）,変換、転換、変化、改装、改造
disappearance（名詞）,見えなくなること、失踪、消失、消滅
emergence（名詞）,出現、発生、脱出
emission（名詞）,放出（量）、放射、排出
omission（名詞）,脱落、遺漏、記入漏れ、省略、怠慢
relay（名詞）,交代（要員）、リレー、中継
relay（他動詞）,…を中継する
rotation（名詞）,回転（運動）、（季節などの）循環、自転、（米）（3者以上の）交代
wrestling（名詞）,レスリング、格闘、相撲
bellybutton（名詞）,へそ
bosom（名詞）,胸、胸の中、心
disposition（名詞）,（時に a disposition）気質、性質、傾向、性格
eyelash（名詞）,まつげ
eyelid（名詞）,まぶた
eyesight（名詞）,視力、視覚、視界
incidence（名詞）,（通常 an [the] incidence で）発生（率、範囲）、出現（率、範囲）
injection（名詞）,注射、注入、（資金の）投入
knuckle（名詞）,指関節、（通常 knuckles で）げんこつ
knuckle（他動詞）,…をげんこつで殴る
poisoning（名詞）,中毒
sexuality（名詞）,性欲、性的能力、性的関心
swelling（名詞）,はれ、膨れ、隆起、膨張
swelling（形容詞）,増大する、はれた
thigh（名詞）,もも、大腿部、（鶏の）もも肉
vein（名詞）,静脈、血管、葉脈、鉱脈
bias（名詞）,偏見、偏向、先入観
bias（他動詞）,…に偏見を抱かせる、…を偏らせる
bliss（名詞）,無上の喜び、至福
discomfort（名詞）,不快、痛み、つらさ、不愉快なもの
discouragement（名詞）,落胆、がっかりさせること［もの］
dismay（名詞）,ろうばい、仰天、落胆
dismay（他動詞）,…をうろたえ［落胆］させる
fascination（名詞）,魅力、魅了された状態、魅了するもの
greed（名詞）,強欲、貪欲、欲張り
humility（名詞）,謙遜、謙虚、卑下
indignity（名詞）,侮辱、冷遇、無礼
innocence（名詞）,無邪気（な人）、無罪、潔白
malice（名詞）,悪意、敵意、恨み
meditation（名詞）,瞑想、黙想、熟慮
motivation（名詞）,意欲、自発性、動機付け、刺激
negligence（名詞）,怠慢、不注意、怠慢な行為
outrage（名詞）,激怒、（激しい）怒り、暴力、暴行
reluctance（名詞）,（時に a reluctance で）気が進まないこと、嫌気
reproach（名詞）,非難、恥辱、小言
reproach（他動詞）,…を非難する、…のあらを探す、…の不名誉となる
reverence（名詞）,敬意、尊敬、畏敬の念、敬礼
ridicule（名詞）,嘲笑、あざけり、冷やかし
ridicule（他動詞）,…をあざける
texture（名詞）,質感、きめ、手触り
zeal（名詞）,熱意、熱心（さ）、熱中
adaptation（名詞）,脚色、改作、適応、順応
audition（名詞）,オーディション
audition（自動詞）,オーディションを受ける
audition（他動詞）,…のオーディションをする
autobiography（名詞）,自伝、自叙伝
caption（名詞）,（写真・イラストに添える短い）説明文、キャプション
encore（名詞）,アンコール（曲）、再演奏、再放送
genre（名詞）,ジャンル、類型、分野
projection（名詞）,映写、投影、発射、突出、見積もり、見通し
satire（名詞）,風刺、皮肉、風刺劇［映画、小説］
abbreviation（名詞）,省略、短縮、略語、省略形
advancement（名詞）,（学問などの）促進、前進、進歩、昇進
anthropology（名詞）,人類学、人間学
correspondence（名詞）,文通、通信（文）、往復書簡、一致
dialect（名詞）,方言、なまり、地方語
diploma（名詞）,卒業［修了］証書、学位、公文書
domain（名詞）,（活動・思想・知識などの）分野、領域、（コンピューターで）ドメイン
exclamation（名詞）,感嘆、感嘆の声、感嘆文、感嘆詞
gospel（名詞）,（the gospel で）福音、（the Gospel で）福音書、（音楽の）ゴスペル
handwriting（名詞）,手書き（の文字）、筆跡、肉筆
overview（名詞）,（通常単数形で）概観、通覧
pronoun（名詞）,（文法で）代名詞
quotation（名詞）,引用（文）、見積もり、相場（表）
rationality（名詞）,合理性、良識
realization（名詞）,理解、認識、実現、成就
rhetoric（名詞）,修辞法、修辞学、レトリック、美辞麗句
slang（名詞）,俗語、スラング
utterance（名詞）,（言葉を）発すること、発声、（口から発した）言葉
duration（名詞）,（the duration で）継続、継続時間
punctuality（名詞）,時間厳守、時間に遅れないこと
timing（名詞）,タイミング、好機の選択、時間調整、計時
calcium（名詞）,カルシウム
dusk（名詞）,夕暮れ、たそがれ
hydrogen（名詞）,水素
latitude（名詞）,緯度、（緯度から見た）地方、自由（裁量）
mercury（名詞）,水銀
reed（名詞）,アシ、ヨシ、（楽器の）リード
shrub（名詞）,（庭の生け垣用）低木
skyline（名詞）,スカイライン（空を背景とした輪郭）
sunbeam（名詞）,日光、太陽光線
vapor（名詞）,蒸気
willow（名詞）,ヤナギ、柳細工
chore（名詞）,（chores で）雑用、日課、毎日の仕事
clockwork（名詞）,時計仕掛け、ぜんまい仕掛け
confirmation（名詞）,確認、確信、立証、確認書［状］
cultivation（名詞）,耕作、栽培、教養
dependency（名詞）,依存状態、依存症、従属関係、属国
dining（名詞）,ディナーを食べること、食事
fasting（名詞）,断食、絶食
flattery（名詞）,お世辞、へつらい、追従、ごますり
handshake（名詞）,握手、（通信で）ハンドシェイク
homecoming（名詞）,同窓会、帰郷、帰宅
inclusion（名詞）,含有、算入、加入、含まれるもの
inconvenience（名詞）,不便、不自由、迷惑、面倒な人［もの］
inconvenience（他動詞）,…に迷惑をかける
installation（名詞）,取り付け、（取り付けた）装置、設備、（コンピューターで）インストール
interaction（名詞）,相互作用、交流、言葉のやりとり
livelihood（名詞）,（通常 a [one's] livelihood で）生計（の手段）、暮らし
mentality（名詞）,（物の）考え方（以上は通常単数形で）、知能、知力、精神
modification（名詞）,変更、修正、制限、限定
refinement（名詞）,改良、改善、精製、洗練、上品
revelation（名詞）,意外な新事実、暴露、啓示、黙示
seam（名詞）,縫い目、閉じ目
seam（他動詞）,…を縫い合わす、…にしわをつける
stance（名詞）,（通常 a [one's] stance で）立場、姿勢、（ゴルフ・野球などでの）スタンス
tribute（名詞）,賛辞、感謝［賞賛］の印、貢ぎ物
accordance（名詞）,（法律・習慣などの）一致、合致、調和
adoption（名詞）,採用、選択、養子縁組
agenda（名詞）,（通常単数扱い）協議事項、議事（日程）、議題
attachment（名詞）,付属物［品］、（コンピューターで）添付ファイル、愛着、愛情
auction（名詞）,競売、オークション
auction（他動詞）,…を競売にかける
backing（名詞）,援助、後援、支援、裏張り
ballot（名詞）,無記名投票、投票用紙
ballot（自動詞）,投票する
bid（名詞）,付け値、入札、試み
bid（自動詞）,値を付ける
bid（他動詞）,（値）を付ける
census（名詞）,人口調査、国勢調査、一斉調査
citizenship（名詞）,市民としての身分、市民権、公民権
commonwealth（名詞）,連邦、（the Commonwealth で）英連邦
communism（名詞）,共産主義体制、共産主義
concession（名詞）,譲歩、容認、承認
corps（名詞）,（集合的に）軍団、兵団、（複合語で）…団
directive（名詞）,（公式の）指示、指令、命令
directive（形容詞）,指示的な、指導的な
disarmament（名詞）,軍備縮小、武装解除
dishonor（名詞）,不名誉、侮辱、不名誉となること［物、人］
dishonor（他動詞）,…の名誉を汚す
dismissal（名詞）,解雇、解散、放棄
disposal（名詞）,処分、処理、除去、売却
dividend（名詞）,（株の）配当（金）、被除数
enforcement（名詞）,（法律などの）施行、実施、強制、主張
exclusion（名詞）,排除、排斥、除外（者）
execution（名詞）,死刑執行、遂行、実行、出来栄え
exile（名詞）,（時に an exile で）国外追放、亡命
exile（動詞）,（通常受身で）…を追放する
expenditure（名詞）,支出、経費、費用、支払い
inability（名詞）,（時に an inability で）無能、できないこと、無力
incentive（名詞）,動機、刺激、誘因
incentive（形容詞）,刺激的な、奨励する
injustice（名詞）,不当、不公平、不正（行為）、不法
interference（名詞）,妨害、邪魔、干渉
kernel（名詞）,中心部、核心、（外皮の中の）種子、実、（コンピューターでOS中の）カーネル
lease（名詞）,賃貸借契約、賃貸期間
lease（他動詞）,…を賃貸する
liability（名詞）,（法的）責任、（liabilities で；複数扱い）負債、（通常 a liability）不利となるもの
lottery（名詞）,くじ引き、宝くじ、抽選、（a lottery で）運次第で決まるもの
mainstream（名詞）,（the mainstream で）主流、本流
mainstream（形容詞）,主流の（限定用法が多い）
mantle（名詞）,責任、（権威の象徴としての）マント、覆い、（地球内部の）マントル
memorandum（名詞）,覚書、備忘録、メモ
menace（名詞）,危険、脅迫、脅威、（通常 a menace で）厄介者
menace（他動詞）,…を脅迫する
monarchy（名詞）,君主制、君主政治（以上は通常 the monarchy で）、君主国
mortgage（名詞）,抵当（権）、住宅ローン、融資
nationalism（名詞）,国家主義、国民意識、愛国心、民族主義
oath（名詞）,誓い、誓約、宣誓、断言
oppression（名詞）,圧政、抑圧、圧迫
persuasion（名詞）,説得（力）、納得、確信、信念
petition（名詞）,請願（書）、嘆願（書）
petition（他動詞）,…に請願する
prestige（名詞）,名声、威信、威厳
prestige（形容詞）,名のある、一流の（限定用法）
reconciliation（名詞）,和解すること、（単数形で）和解、調停、一致
renewal（名詞）,更新、再開、再生、復活
setup（名詞）,（コンピューターで）セットアップ、わな、機構、配置
snare（名詞）,わな、誘惑
snare（他動詞）,…をわなにかける、…を誘惑する
socialism（名詞）,（時に Socialism で）社会主義、社会主義運動［政策］
sponsorship（名詞）,財政［資金］援助、後援、名付け
submission（名詞）,降伏、屈服、服従、提出、提案
subsidy（名詞）,助成金、補助金、報酬金
suppression（名詞）,抑圧、鎮圧、弾圧、抑制、禁止
suspension（名詞）,保留、差し止め、停職、停学、ぶら下げること
toll（名詞）,通行料、使用料、（通常 the [a] toll で）被害、犠牲（者）
toll（他動詞）,（鐘）を鳴らす
toll（自動詞）,（鐘が）鳴る
turnover（名詞）,売上高、（商品の）回転率、（従業員の）入れ替え、離職率
turnover（形容詞）,折り返された
tyranny（名詞）,専制政治、暴政、圧制
uniformity（名詞）,均一性、画一性、一様、不変性
warfare（名詞）,（しばしば複合語で）戦争、戦争状態、交戦、武力衝突
appetizer（名詞）,（主に米）アペタイザー、前菜、食前酒、食欲をそそるもの
bait（名詞）,（釣り針などに付ける）餌、おとり
bait（他動詞）,…に餌を付ける
barley（名詞）,オオムギ
beverage（名詞）,（しばしば beverages で）（水以外の）飲み物
crust（名詞）,パンの皮［耳］、パイの皮、地殻
crust（他動詞）,…を外皮で覆う
leftover（名詞）,（通常 leftovers で）料理の残り物、余り
leftover（形容詞）,食べ［売れ］残りの（限定用法）
potluck（名詞）,有り合わせの食べ物［料理］
potluck（形容詞）,みんながごちそうを持ち寄る
seasoning（名詞）,調味料、味付け、興趣
altitude（名詞）,（通常 an [the] altitude で）高度、高さ、海抜、標高
density（名詞）,密度、密集（状態）
diameter（名詞）,直径、差し渡し、倍率
magnitude（名詞）,規模、大きさ、マグニチュード
maturity（名詞）,成熟、円熟、完成（期）
mileage（名詞）,（時に a mileage で）総マイル数、燃費
quart（名詞）,クオート（液量・乾量の単位）
sublime（名詞）,（the sublime で）崇高、荘厳、極致
sublime（形容詞）,崇高な（限定用法が多い）
trifle（名詞）,つまらないもの、（a trifle で）少量、少し
trifle（自動詞）,粗末に扱う、冗談を言う
airway（名詞）,航空路、気道、気管
axis（名詞）,軸、軸線、（the Axis で）（第二次世界大戦での）枢軸国
birthplace（名詞）,（通常 one's [the] birthplace で）出生地、生まれ故郷、発祥地
buffet（名詞）,（列車などの）ビュッフェ、ビュッフェスタイルの食事、（米）食器棚
bypass（名詞）,バイパス、迂回路
bypass（他動詞）,…を迂回する、…にバイパスを付ける
cellar（名詞）,地下貯蔵室、ワイン貯蔵室
churchyard（名詞）,教会付属の墓地、教会に隣接する敷地
cloakroom（名詞）,（劇場などの）クローク、携帯品預かり所、議員控え室
compartment（名詞）,区画、分室、仕切り客室、コンパートメント、（自動車の）小物入れ
den（名詞）,（獣の）巣穴、（身を隠す）洞穴、（悪人などの）巣、巣くつ
dormitory（名詞）,（大学などの）寄宿舎、寮
enclosure（名詞）,囲い地、包囲、同封
hostel（名詞）,ホステル、簡易宿泊所
intersection（名詞）,交差点、交差すること
junction（名詞）,連絡点［駅］、合流点、連結、接合
rim（名詞）,（通常 the rim で）縁、枠、へり
rim（他動詞）,…を縁取る
slot（名詞）,細長い穴［すき間］、狭い区画、時間枠
threshold（名詞）,入り口、敷居、始め、出発点、基準点
vacancy（名詞）,空き室、空き地、空位、欠員、放心
aide（名詞）,（政府高官などの）補佐官、側近、（主に米；通常複合語で）助手
ancestry（名詞）,（集合的に）先祖、祖先
bachelor（名詞）,独身者、未婚男子、（通常 Bachelor で）学士（号）
chap（名詞）,①やつ、男、（呼び掛けで）やあ ②亀裂
clown（名詞）,道化役者、ピエロ、おどけ者
clown（自動詞）,道化を務める、おどける
comrade（名詞）,同志、同僚、組合員、党員
controller（名詞）,（会計）検査官、監査官、制御装置
feeder（名詞）,飼育者、餌入れ、食べる人、供給装置
forefather（名詞）,（通常 forefathers で）先祖、祖先
guardian（名詞）,保護者、守護者、保管者、管理者
householder（名詞）,家屋所有者、戸主、世帯主
kin（名詞）,（集合的に；複数扱い）親族、親類、血縁
kin（形容詞）,親族の、同類の
landlord（名詞）,家主、主人、地主
mediator（名詞）,仲介者、媒介者、調停者
mover（名詞）,動かす［動く］人［物］、引っ越し業者
optimist（名詞）,楽天家、のんき者
patriot（名詞）,愛国者、憂国の士
payer（名詞）,（手形などの）支払人、払い渡し人
pessimist（名詞）,悲観的な人、厭世主義者
referee（名詞）,審判員、主審、調停者
referee（自動詞）,調停者を務める
seeker（名詞）,探求者、探し求める人、捜索装置
striker（名詞）,ストライキ参加者、（サッカーの）ストライカー、（時計の）打器
supplier（名詞）,供給者［会社］、原料供給国
teller（名詞）,（銀行の）窓口係、金銭出納係、現金自動預入支払機、語り手
tradesman（名詞）,職人、熟練工、（小売）商人、御用聞き
traitor（名詞）,裏切り者、反逆者
bedding（名詞）,寝具、下地
brochure（名詞）,パンフレット、小冊子
cardboard（名詞）,ボール紙、厚紙、段ボール
cartridge（名詞）,カートリッジ、爆薬筒
chariot（名詞）,（一人乗り）二輪戦車、荷馬車
coffin（名詞）,棺、ひつぎ
complement（名詞）,補完物、（文法で）補語
complement（他動詞）,…のよさを引き立てる、…を補足する
crumb（名詞）,（通常 crumbs で）かけら、くず
crutch（名詞）,松葉づえ（以上は通常 crutches で）、支え、支柱
fabric（名詞）,織物、布地、構造
fringe（名詞）,房飾り、（通常 fringes で）（場所の）周辺、二次的なもの
fringe（形容詞）,二次的な
furnace（名詞）,炉、かまど、ひどく暑い場所
grease（名詞）,グリース、潤滑油、油脂
grease（他動詞）,…にグリースを塗る
handicraft（名詞）,手工芸品（以上は handicrafts で）、手先の熟練［器用さ］
hearth（名詞）,暖炉、いろり、炉辺
hive（名詞）,ハチの巣（beehive）、群衆
hive（他動詞）,（hive off で）…を分離独立させる
hurdle（名詞）,障害物、ハードル
hurdle（他動詞）,（障害など）を飛び越す、…を乗り越える
indicator（名詞）,表示器、指し示す人［もの］、指標、（英）方向指示器
jug（名詞）,水差し、つぼ、ジョッキ
knob（名詞）,（ドアなどの）ノブ、（ラジオなどの）つまみ、スイッチ
leaflet（名詞）,（広告の）ちらし、リーフレット、小冊子
outfit（名詞）,服装の一そろい、一団
outfit（他動詞）,（服装・用具など）を提供する、（旅行など）の支度を整える
pail（名詞）,バケツ、手おけ
pebble（名詞）,（丸い）小石
peg（名詞）,くぎ、くい、掛けくぎ、フック、（英）洗濯ばさみ
peg（他動詞）,…にくぎを打つ
pottery（名詞）,陶器、陶磁器類、陶芸、製陶
pouch（名詞）,小物入れ、ポーチ、（動物の体にある）袋
rake（名詞）,くま手、レーキ、草かき
rake（他動詞）,…をくま手で集める、…を除く
rein（名詞）,（馬などの）手綱、（the reins で）制御、統御（力）
rein（他動詞）,…を抑制する
roller（名詞）,ローラー、キャスター、足車
rug（名詞）,（床の一部を覆う）敷物、じゅうたん、（英）ひざ掛け用
shaft（名詞）,（エレベーターの）シャフト、柄、軸、矢、（一条の）光線
specimen（名詞）,標本、実例、見本、（形容詞を伴って）…なやつ
spike（名詞）,大くぎ、（spikes で）スパイク、（価格などの）急上昇
spike（他動詞）,…を大くぎで止める
spoke（名詞）,（車輪の）スポーク、輪止め、はしごの段
spur（名詞）,拍車、刺激、激励
spur（他動詞）,…に拍車を掛ける、…を刺激する
staple（名詞）,ホチキスの針、ステープル
staple（他動詞）,…をホチキスで留める
staple（形容詞）,基本的な、主要な（限定用法）
stapler（名詞）,ホチキス
stopper（名詞）,栓、詰め、止める人、（野球の）リリーフ投手
stopper（他動詞）,…に栓をする
strand（名詞）,より糸、編んだ髪の毛、ひもに通したもの
strand（他動詞）,…を座礁させる
submarine（名詞）,潜水艦
submarine（形容詞）,海底の、海中の（限定用法）
textile（名詞）,布地、織物
timer（名詞）,タイマー、計時装置、ストップウォッチ、時計係
valve（名詞）,弁、バルブ、（心臓などの）弁膜
wallpaper（名詞）,壁紙、壁新聞
wallpaper（他動詞）,…に壁紙を張る
ware（名詞）,（複合語で）…用品、…商品、（産地名の後で）…陶器、…焼き
yarn（名詞）,（編み物用の）糸、紡ぎ糸、（誇張のある）作り話
advantageous（形容詞）,有利な、利益のある、都合のよい
centered（形容詞）,中心をもつ、中央にある、（複合語で）…中心の
hind（形容詞）,後ろの（限定用法）
identical（形容詞）,（the identical で）全く同じ、同一の（以上は限定用法）、一致する
lofty（形容詞）,非常に高い、高位の、高貴な、威厳のある
premier（形容詞）,第1位の、最初の（限定用法）
premier（名詞）,総理大臣、首相
respective（形容詞）,それぞれの、各自の（限定用法）
roundabout（形容詞）,回り道の、遠回りの、間接の（限定用法が多い）
roundabout（名詞）,メリーゴーランド、ロータリー
uphill（形容詞）,（道が）上りの、（限定用法が多い）（仕事などが）困難な
uphill（副詞）,上の方へ
uphill（名詞）,上り坂
vertical（形容詞）,垂直の、直立した
vertical（名詞）,垂直線［面］
conceptual（形容詞）,概念の、考え方の
cultivated（形容詞）,教養のある、洗練された、耕作された
knowledgeable（形容詞）,博識な、精通している、理解力のある
linguistic（形容詞）,言語（学）の（限定用法が多い）
papal（形容詞）,ローマ教皇の、ローマカトリック教会の（限定用法）
stylistic（形容詞）,文体（論）の（限定用法が多い）
theoretical（形容詞）,理論上の、理論好きな、架空の（限定用法が多い）
barefoot（形容詞）,はだしの、素足の
barefoot（副詞）,はだしで、素足で
breathless（形容詞）,息切れした、息もつけない
brisk（形容詞）,元気のよい、きびきびした、活発な、（風などが）心地よく冷たい
challenged（形容詞）,（主に米；副詞を伴って）ハンディを負った、身体に障害のある
clinical（形容詞）,臨床の、病床の（限定用法が多い）
developmental（形容詞）,発達上の、発育上の、開発的な
feverish（形容詞）,熱のある、熱っぽい、（限定用法）興奮した、大急ぎの
husky（形容詞）,①しゃがれ声の、ハスキーな ②大柄で強い、たくましい
husky（名詞）,大柄で強い人、エスキモー犬
invalid（形容詞）,①病弱な ②無効な
invalid（名詞）,病弱者
limp（形容詞）,力のない、弱々しい
limp（自動詞）,足を引きずる、のろのろ進む
limp（名詞）,足を引きずること
skinny（形容詞）,骨と皮ばかりの、皮質の、けちな
unhealthy（形容詞）,健康的でない、病身の、健康によくない、不健全な
wholesome（形容詞）,健康によい、ためになる、健全な
alarming（形容詞）,人を驚かせる、急を知らせる、憂慮すべき
amazed（形容詞）,驚いた、びっくりした
appetizing（形容詞）,食欲をそそる、人の気をそそる
comforting（形容詞）,気分が安らぐ、（言葉などが）慰めとなる、元気づける
disagreeable（形容詞）,嫌な、好みに合わない、不愉快な
disgusted（形容詞）,むかついた、うんざりした
dismal（形容詞）,陰気な、憂うつな、見るに耐えない
dismal（名詞）,憂うつ
dreamy（形容詞）,夢のような、夢を見る、素晴らしい
drowsy（形容詞）,眠たい、鈍い
furious（形容詞）,激怒した（叙述用法）、猛烈な（限定用法）
hearty（形容詞）,心からの、心の温かい、豊富な
insane（形容詞）,正気でない、狂気の（叙述用法が多い）
ironical（形容詞）,皮肉な、当てこすりの、反語の
lonesome（形容詞）,（主に米）独りで寂しい、孤独の、心細い、（場所が）孤立した、人里離れた
pitiful（形容詞）,かわいそうな、哀れを催す、痛ましい、情けない
playful（形容詞）,遊び戯れる、はしゃぐ、陽気な、こっけいな
regrettable（形容詞）,悲しむべき、残念な、痛ましい
sane（形容詞）,正気の、分別ある
senseless（形容詞）,意識を失った、感覚のない（以上は叙述用法が多い）、無分別な、非常識な
sentimental（形容詞）,感傷的な、感傷をそそる、感情的な、心情的な
subjective（形容詞）,主観的な、個人的な、本来備わっている
tearful（形容詞）,涙を誘う、涙でいっぱいの、泣いている
wretched（形容詞）,不幸な、悲惨な、（限定用法）嫌な、むかつく
burnt（形容詞）,焼けた、焦げた、（色が）普通より濃い、ネズミ色がかった
chaotic（形容詞）,大混乱の、混沌とした、雑然とした
cracked（形容詞）,ひびの入った、砕いた、砕けた
distorted（形容詞）,ゆがんだ、曲げた、ひずんだ
edible（形容詞）,食べられる、食用の
edible（名詞）,食料品
erotic（形容詞）,（作品などが）性愛を扱った、官能的な
existent（形容詞）,現存する、既存の
existent（名詞）,存在するもの
forbidding（形容詞）,不気味な、怖い、危険な
formidable（形容詞）,恐るべき、ぞっとするような、手ごわい
functional（形容詞）,機能の、職務の、作動する
furnished（形容詞）,家具付きの、（店などが）在庫のある
hairy（形容詞）,毛深い、毛で覆われた、困難な
identifiable（形容詞）,同一であると証明できる、（身体上の特徴などが）身元を確認できる
imposing（形容詞）,（風ぼう・建物の造りなどが）堂々とした、（大きくて）印象的な、壮大な
ingenious（形容詞）,独創的な、創意工夫に満ちた、巧妙な、器用な
intact（形容詞）,損なわれていない、完全な、変わっていない（叙述用法が多い）
linear（形容詞）,直線状の、長さの（限定用法が多い）
messy（形容詞）,乱雑な、汚い、（状況が）面倒な、混乱を起こす
monstrous（形容詞）,奇怪な、恐ろしい、巨大な（限定用法が多い）
motionless（形容詞）,動かない、じっとしている（叙述用法が多い）
mute（形容詞）,沈黙した、無言の
mute（他動詞）,…の音を消す、（色調など）を弱める
operating（形容詞）,手術の、動いている、作用する、経営上の（限定用法）
quaint（形容詞）,古風な趣がある、風変わりで面白い
queer（形容詞）,奇妙な、（主に男性が）同性愛の
queer（名詞）,（男性の）同性愛者、変人
resistant（形容詞）,（しばしば複合語で）抵抗力のある、耐…
resistant（名詞）,抵抗者
restrictive（形容詞）,制限［限定］する、制限的な
rotten（形容詞）,腐った、不快な、ひどい
rugged（形容詞）,ごつごつした、しわの寄った、厳しい、無骨な
scarlet（形容詞）,緋色の、深紅色の、（顔が）赤い
scarlet（名詞）,緋色、深紅色、緋色の服
shadowy（形容詞）,謎に包まれた、陰になった、あいまいな、幻の
shining（形容詞）,光る、きらめく、明るい、（限定用法）目立つ、優れた
silky（形容詞）,絹のような、光沢のある、柔らかな
sown（形容詞）,植え付けられた、（宝石などを）ちりばめた
sparkling（形容詞）,輝く、火花を出す、発泡性の（限定用法）
spotted（形容詞）,斑点のある、まだらの、ぶちの、染みの付いた（限定用法が多い）
sprung（形容詞）,ばね付きの、ばねの入った
static（形容詞）,静的な、静電気の、静止した
static（名詞）,静電気
tasteful（形容詞）,上品な、趣味のよい
tranquil（形容詞）,静かな、落ち着いた、平静な
traveling（形容詞）,旅行の、巡回の、移動する（限定用法）
traveling（名詞）,巡業
tricky（形容詞）,手の込んだ、ずるい、油断のならない
unchanged（形容詞）,変化していない、元のままの
variable（形容詞）,変わりやすい、移り気な、（数学で）変数の
variable（名詞）,変化するもの、（数学で）変数
weird（形容詞）,風変わりな、奇妙な、超自然的な
belated（形容詞）,遅れた、時期遅れの（限定用法が多い）
bimonthly（形容詞）,ひと月おきの、隔月の
bimonthly（副詞）,ひと月おきに、隔月に
bimonthly（名詞）,隔月刊行物
consequent（形容詞）,引き続いて起こる、結果として起こる
descendent（形容詞）,先祖伝来の、降下する、派生した
eventual（形容詞）,結果として生ずる、究極的な（限定用法）
hourly（形容詞）,1時間ごとの（限定用法）
hourly（副詞）,1時間ごとに
innumerable（形容詞）,数え切れないほどの、無数の（限定用法が多い）
perpetual（形容詞）,永久の、果てしない（限定用法が多い）
prior（形容詞）,（時間・順序が）前の、（prior to … で）…に優先する
subsequent（形容詞）,後の、次の、続いて起こる（限定用法）
abusive（形容詞）,口汚い、悪口を言う
affectionate（形容詞）,情愛の深い、愛情のこもった、優しい
aimless（形容詞）,目的のない（限定用法が多い）
applicable（形容詞）,適用できる、適切な（叙述用法）
blunt（形容詞）,（口調が）ぶっきらぼうな、そっけない、（刃などが）鈍い
blunt（他動詞）,…を鈍らせる
boastful（形容詞）,自慢する、自慢好きの
clumsy（形容詞）,ぎこちない、扱いが下手な、不器用な
communicative（形容詞）,話好きな、隠し立てのない（以上叙述用法が多い）、（限定用法が多い）伝達の、通信の
courteous（形容詞）,礼儀正しい、丁寧［いんぎん］な
crude（形容詞）,粗野な、下卑な、未完成の、天然の
destined（形容詞）,運命にある、…行きの
dutiful（形容詞）,忠実な、本分を尽くす、義務を果たす、礼儀正しい
easygoing（形容詞）,のんきな、のんびりした、安易な
elastic（形容詞）,ゴムの、弾性のある、しなやかな、伸縮自在の
elastic（名詞）,ゴムひも
eloquent（形容詞）,雄弁な、能弁な、（目などが）表情豊かな、よく表している
engaging（形容詞）,魅力のある、人を引き付ける
feminine（形容詞）,女性の、女性らしい、優しい（限定用法が多い）
feminine（名詞）,（文法で）女性、女性形
gracious（形容詞）,親切な、優しい、上品な
instinctive（形容詞）,天性の、本能的な、本能から起こる
liable（形容詞）,（通常好ましくない事柄について）…しがちで、法的に責任がある（叙述用法）
masculine（形容詞）,男性の、男性らしい、力強い（限定用法が多い）
masculine（名詞）,（文法で）男性、男性形
merciful（形容詞）,慈悲深い、情け深い
obstinate（形容詞）,頑固な、意固地な、（英；限定用法）執拗な、（病気などが）しつこい
outgoing（形容詞）,外向的な、社交的な
outgoing（名詞）,（通常 outgoings で）費用、出費
pious（形容詞）,信心深い、敬虔な、偽善的な
responsive（形容詞）,すぐ反応する（叙述用法が多い）、敏感な
sly（形容詞）,ずるい、意味ありげな、こそこそした
spontaneous（形容詞）,自発的な、任意の、自然に起こる、無意識の
straightforward（形容詞）,（発言・姿勢などが）率直な、単刀直入な、正直な、（仕事が）分かりやすい、容易な
sullen（形容詞）,不機嫌な、むっつりした、黙り込んだ、（空の色・天候が）暗い、うっとうしい
talkative（形容詞）,話好きな、口数の多い
tireless（形容詞）,根気強い、疲れない、不断の、衰えない
tolerant（形容詞）,寛容な、耐える、耐性がある
virtuous（形容詞）,高潔な、徳の高い、高徳者ぶった、独り善がりな
vulgar（形容詞）,卑猥な、粗野な、育ちのよくない
advisory（形容詞）,顧問の、忠告の、助言的な（限定用法が多い）
allied（形容詞）,同盟している、協同の、結び付いた（限定用法）
armored（形容詞）,武装した、よろいを着た（限定用法）
binding（形容詞）,（契約などが）拘束力のある、結合する
binding（名詞）,結合、束縛
comprehensive（形容詞）,広範囲な、包括的な、理解力のある
factual（形容詞）,事実の、事実に基づく［関する］
idealistic（形容詞）,理想主義の、理想家の
inactive（形容詞）,活動していない、（市場などが）不活発な
lawful（形容詞）,法の認めた［定めた］、合法の、正当な（限定用法が多い）
legislative（形容詞）,立法上の、立法権のある、立法府の（限定用法）
legitimate（形容詞）,合法の、適法の、正当の
patriotic（形容詞）,愛国的な、愛国心の強い
payable（形容詞）,支払い可能な、支払い満期の（叙述用法が多い）
qualified（形容詞）,資格のある、有能な、適任の
revealing（形容詞）,啓蒙的な、（服などが）露出度の高い、明らかにする
unanimous（形容詞）,満場一致の、同意見の
unofficial（形容詞）,正式でない、非公式な、非公認の
warring（形容詞）,交戦中の、いがみ合う、戦っている（限定用法）
wholesale（形容詞）,卸売りの、卸の、大量の（限定用法）
wholesale（名詞）,卸売り
wholesale（副詞）,卸売りで
arctic（形容詞）,（Arctic で）北極（地方）の、（arctic で）ひどく寒い
arctic（名詞）,（the Arctic で）北極地方
atmospheric（形容詞）,大気の（限定用法が多い）、雰囲気のある
foggy（形容詞）,霧の深い、（しばしば foggiest で）ぼんやりした、はっきりしない
geographical（形容詞）,地理的な、地理学上の（限定用法が多い）
humid（形容詞）,（不快に感じるほど）湿った、むしむしする
inland（形容詞）,内陸の、内地の（限定用法）
inland（副詞）,内陸に［へ］
inland（名詞）,内陸
planetary（形容詞）,惑星の、惑星に関する（限定用法が多い）
polar（形容詞）,極地（方）の、南極［北極］の（以上は通常 the polar で）、（電気で）極の
seasonal（形容詞）,季節の、ある季節に限った（限定用法）
supernatural（形容詞）,超自然の、信じられないほどの、神業の
temperate（形容詞）,（気候が）温暖な（限定用法が多い）、（性格が）温和な、控えめな
tidal（形容詞）,潮の、干満の、周期的な
abnormal（形容詞）,異常な、基準から外れた
approximate（形容詞）,おおよその、近似の
approximate（他動詞）,おおよそ…になる、…を概算する
commonplace（形容詞）,ごく普通の、ありふれた、平凡な、つまらない
commonplace（名詞）,ありふれたもの、平凡なこと
concise（形容詞）,（言葉などが）簡潔な、簡明な
confidential（形容詞）,秘密の、極秘の、親展の
eminent（形容詞）,著名な、高名な、地位の高い
Fahrenheit（形容詞）,カ氏の（限定用法）
Fahrenheit（名詞）,カ氏
faultless（形容詞）,申し分のない、欠点がない、無傷の
forceful（形容詞）,力にあふれた、強力な、有力な
given（形容詞）,定められた、一定の、特定の（限定用法）
improper（形容詞）,適切でない、不作法な、（使用法などが）妥当でない、間違った
inclusive（形容詞）,含めた、すべてを含んだ、包括的な
inconvenient（形容詞）,不便な、不自由な、都合の悪い
indispensable（形容詞）,必須の、不可欠の、無視できない
insignificant（形容詞）,重要でない、わずかばかりの、取るに足らない、ささいな
intelligible（形容詞）,分かりやすい、理解しやすい、明瞭な
miraculous（形容詞）,奇跡の、超自然的な、驚くべき
monotonous（形容詞）,単調な、変化のない、つまらない
notable（形容詞）,注目に値する、著しい、有名な、重要な
notable（名詞）,（通常 notables で）著名人
orderly（形容詞）,規則正しい、整頓された、整然とした
orderly（名詞）,病棟勤務員
prospective（形容詞）,見込みのある、未来の、期待される（限定用法が多い）
scanty（形容詞）,乏しい、わずかな、露出度の高い
selective（形容詞）,慎重に選択する、えり好みする、えり抜きの、選択の
steadfast（形容詞）,確固とした、不変の、しっかりした
sunk（形容詞）,救いようがない、すっかり駄目な（叙述用法）
surplus（形容詞）,余った、残りの、余分の
surplus（名詞）,残り、余り、黒字
tolerable（形容詞）,耐えられる、（演奏・料理・収入などが）悪くない、まあまあの
understandable（形容詞）,理解できる、予想された、分かりやすい、無理からぬ
undesirable（形容詞）,望ましくない、不快な、厄介な
undesirable（名詞）,好ましくない人
unpopular（形容詞）,人気がない、はやらない、嫌われる
hereafter（副詞）,今後は、これから先
hereafter（名詞）,（通常 the hereafter で）今後、将来
invariably（副詞）,いつも、例外なく決まって、変わることなく
ordinarily（副詞）,通常、通例、普通は、たいてい
subsequently（副詞）,その後に、その次に、続いて
broadly（副詞）,概して、幅広く、広範囲に
decidedly（副詞）,明らかに、断然
heartily（副詞）,心から、誠実に、思う存分
oddly（副詞）,奇妙に、妙に、余分に
vaguely（副詞）,漠然と、あいまいに、おぼろげに
hopefully（副詞）,うまくいけば、願わくは、できれば
incidentally（副詞）,ちなみに、ところで（以上は通常文頭で）、付随的に、偶然に
respectively（副詞）,（通常文末で）それぞれ、めいめいに、各自
virtually（副詞）,実質的には、事実上、ほぼ、（コンピューターで）仮想的に
notwithstanding（前置詞）,…にもかかわらず
notwithstanding（副詞）,それにもかかわらず
amen（間投詞）,アーメン（キリスト教で祈りの最後に唱える言葉）
buffalo（名詞）,バッファロー
abound（自動詞）,たくさんいる［ある］
prairie（名詞）,（しばしば prairies で）（特に米国ミシシッピ川流域の）大草原（地帯）
conspicuous（形容詞）,人目を引く、よく見える、目につきやすい
sticker（名詞）,ステッカー
adhere（自動詞）,張り付く、付着する、忠実である、固執する
bumper（名詞）,（自動車の）バンパー、（列車の）緩衝装置
bumper（形容詞）,ばかでかい、豊作の（限定用法）
displeasure（名詞）,不満、不機嫌、立腹、不安
workplace（名詞）,職場
ascribe（他動詞）,（ascribe … to ～ で）…（の原因）を～に帰する、（性質など）が～に備わっていると考える、（作品など）を～の作とする
gender（名詞）,性、性別
inequality（名詞）,不平等、不均衡、不公平
colonize（他動詞）,…を植民地にする、…を新しい地域に移植する
shoreline（名詞）,海岸線
aboriginal（形容詞）,先住（民）の、土着の、（通常 Aboriginal で）オーストラリア先住民の、アボリジニの
aboriginal（名詞）,（通常 Aboriginal で）オーストラリア先住民、アボリジニ
computerize（他動詞）,…をコンピューターで処理する、…をコンピューター化する
computerize（自動詞）,コンピューターを使用する
shipment（名詞）,出荷品、（船の）積み荷、船積み、積み込み、出荷、発送
warehouse（名詞）,倉庫
consolidate（他動詞）,…を強化する、…を合併する、…を整理統合する
sensor（名詞）,感知装置、センサー
bishop（名詞）,（しばしば Bishop で）司教、主教、（チェスで）ビショップ
dignify（他動詞）,…に威厳を与える、…をおごそかにする、…を高貴にする、…にもったいをつける
discredit（他動詞）,…を信頼できないものとする、…の信用を落とす
discredit（名詞）,不信、疑惑
eyewitness（名詞）,目撃者
testimony（名詞）,宣誓証言、証拠、公式の発表
consistency（名詞）,一貫性、堅さ、一致、調和
dramatize（他動詞）,…を劇にする、…を脚色する
online（形容詞）,オンラインの
online（副詞）,オンラインで
protein（名詞）,タンパク質
endanger（他動詞）,…を危険にさらす、…を危うくする
bully（名詞）,ごろつき、いばり散らす人、いじめっ子
bully（他動詞）,…をいじめる、…を脅す、（bully … into doing で）…を脅して～させる
escalate（自動詞）,エスカレートする、段階的に拡大［増大］する
escalate（他動詞）,…をエスカレートさせる、…を段階的に拡大［増大］させる
assault（名詞）,襲撃、猛攻撃、激しい非難、暴行、婦女暴行（rape の婉曲表現として用いられる）
assault（他動詞）,…を激しく攻撃する、（婦女）を暴行する
passerby（名詞）,通行人
washer（名詞）,洗濯機、（ボルトの）座金、ワッシャ
expire（自動詞）,期限が切れる、終了する、満期になる
facilitate（他動詞）,…を容易にする、…を促進する、…を手助けする
coordination（名詞）,調整、一致、対等、同格
donor（名詞）,（臓器などの）提供者、ドナー、寄贈者
recipient（名詞）,（臓器などの）提供を受ける人、被提供者、受領者、容器
generalize（自動詞）,一般化する、一般論を言う
generalize（他動詞）,…を一般化する、…を総合する、…を普及させる
operational（形容詞）,操作［使用］上の、操作［使用］できる、作戦上の
reactor（名詞）,原子炉（nuclear reactor）、反応体質
necktie（名詞）,ネクタイ、タイ
harmonize（自動詞）,調和する、一致する
harmonize（他動詞）,…を調和させる、…を一致させる、（曲など）に和音を付ける
industrialize（他動詞）,…を工業化する、…を工業主義に転換する
habitat（名詞）,（動物たちの）生息地、生育環境
aristocrat（名詞）,貴族、特権階級の人、貴族政治主義者、最高級品
spacious（形容詞）,（場所などが）広々とした、広範な
materialize（自動詞）,実現する、現れる
materialize（他動詞）,…を実現する、…に形を与える、…を体現させる
filmmaker（名詞）,映画会社、映画製作者
keenly（副詞）,熱心に、鋭く、激しく、抜け目なく
minimize（他動詞）,…をできるだけ少なくする、…を最小限に評価する、（パソコンの画面など）を最小化する
subconscious（名詞）,潜在意識
subconscious（形容詞）,潜在意識の（限定用法）
overlap（自動詞）,重なる、一部を覆う、部分的に一致する
overlap（名詞）,重複部分
inseparable（形容詞）,切り離せない、分離できない、不可分の
privatize（他動詞）,…を民営化する
fishery（名詞）,漁業、水産業、（通常 fisheries で）水産学、漁場
recede（自動詞）,後退する、退く、薄れる、（髪の毛の生え際が）後退する
jobless（形容詞）,失業中の、仕事のない、失業者の
jobless（名詞）,（the jobless で；複数扱い）失業者
shelve（他動詞）,…を棚上げにする、…を棚に載せる
waterway（名詞）,水路、航路、運河
notably（副詞）,目に見えて、顕著に、明白に、特に
slump（自動詞）,（価格などが）落ち込む、暴落［急落］する、（気力などが）急に衰える、倒れ込む
slump（名詞）,暴落、急落、不景気、不調、スランプ
contagious（形容詞）,（病気が）（接触）伝染性の、（感情・態度などが）人に移りやすい
exotic（形容詞）,異国風の、風変わりな
pavilion（名詞）,パビリオン、（展覧会などの）展示館、（イベントなどの）大型テント
sprawl（自動詞）,（町などが）不規則に広がる、四方に広がる、手足を広げる
sprawl（名詞）,不規則な広がり
ecological（形容詞）,生態上の、環境保護の、生態学の
stabilize（他動詞）,…を安定させる、…を一定に保つ
stabilize（自動詞）,安定する
exploitation（名詞）,（営利のための）開発、開拓、売り込み、搾取
standardize（他動詞）,…を規格化［標準化］する、…を基準に照らし合わせる
interface（名詞）,（コンピューターで）インターフェース、接触面
interface（他動詞）,…をインターフェースで接続する
subside（自動詞）,（暴動などが）鎮まる、（嵐などが）静まる、収まる、（洪水などが）引く、（船が）沈む
coup（名詞）,クーデター、大当たり、大成功
plank（名詞）,厚板、支持物
suffice（自動詞）,十分である、足りる
reinforcement（名詞）,補強、強化（剤）、援軍
intricate（形容詞）,複雑な、難解な、入り組んだ（限定用法が多い）
underlie（他動詞）,…の根底［基礎］にある、…の根拠を成す
uncontrollable（形容詞）,抑制できない、手に負えない、取り扱いにくい
likelihood（名詞）,可能性、見込み、ありそうな状態
scarcity（名詞）,不足、欠乏、食糧難
worsen（自動詞）,悪化する、さらに悪くなる
worsen（他動詞）,…を悪化させる、…をさらに悪くする
advocate（他動詞）,…を主張する、…を支持する、…を弁護する
advocate（名詞）,主張者、支持者
exhaustive（形容詞）,徹底的な、包括的な
reformation（名詞）,改革、改良、矯正、感化、（the Reformation で）宗教改革
childcare（名詞）,保育、児童保護
babble（自動詞）,片言を言う、おしゃべりをする
babble（他動詞）,（無意味な音・言葉）を発する、（秘密など）を漏らす
babble（名詞）,はっきり聞き取れない言葉
godfather（名詞）,名付け親、後見人、教父
hysterical（形容詞）,ヒステリックな、狂乱の、ヒステリー症の
landowner（名詞）,地主、土地所有者
bewilder（他動詞）,…を当惑させる、…をうろたえさせる
con（他動詞）,…をだまして（金品を）巻き上げる
con（名詞）,反対論、反対票
con（副詞）,反対で
con（前置詞）,…に反対して
pirate（名詞）,海賊、著作権侵害者
pirate（他動詞）,…に海賊行為をする、…の著作権を侵害する
conspire（自動詞）,共謀する、陰謀をたくらむ［図る］
subordinate（名詞）,部下、（地位が）下級の人、従属物
subordinate（形容詞）,（地位などが）下の、下級の、副次的な、従属した
subordinate（他動詞）,…を下位に置く、…を従属させる
wrongdoing（名詞）,悪事を働くこと、非行、犯罪
disregard（他動詞）,…を無視する、…に注意を払わない、…を軽視する
disregard（名詞）,無関心、軽視
therapist（名詞）,治療専門家、セラピスト
unreliable（形容詞）,信頼できない、当てにならない
endorse（他動詞）,…を正式に認める、…を支持する、（手形など）に裏書きする
postwar（形容詞）,戦後の（限定用法が多い）
reconstruction（名詞）,復興、再建、改築、再建［復元］されたもの
enlist（他動詞）,…の助け［協力］を求める、…を軍隊に入れる
enlist（自動詞）,協力する、入隊する
novice（名詞）,新参者、新人、初心者、未熟者
veteran（名詞）,退役軍人、古参兵、（仕事などで）経験が豊富な人
veteran（形容詞）,ベテランの、歴戦の（限定用法）
interact（自動詞）,交流する、相互に作用する
tavern（名詞）,居酒屋、宿屋
intervene（自動詞）,仲裁に入る、調停する、干渉する、（2つの物事の間に）起こる、介在する
adolescent（形容詞）,思春期の、青年期の、青春期の、若々しい、青臭い（限定用法が多い）
adolescent（名詞）,青年期［思春期］の人
lure（他動詞）,…を誘い込む、…を誘惑する、…をおびき出す
lure（名詞）,引き付けるもの、魅力、おとり、（釣りの）ルアー、疑似餌
obscene（形容詞）,わいせつな、いやらしい、（道徳的に）我慢できない
pornography（名詞）,ポルノ（本・映画・画像など）、わいせつ文書
supervisor（名詞）,監督、管理者
mumble（他動詞）,…をつぶやく、…をぶつぶつ言う、…をもぐもぐかむ
mumble（名詞）,つぶやき
voucher（名詞）,領収書、商品引換券、割引券、保証人
notify（他動詞）,…に知らせる、…に報告する
processor（名詞）,（コンピューターの）プロセッサー、演算処理装置、処理プログラム、加工業者
commentator（名詞）,（実況などの）解説者、注釈者、評論家、コメンテーター
paraphrase（他動詞）,…を言い換える
paraphrase（自動詞）,言い換える
paraphrase（名詞）,言い換え
misleading（形容詞）,誤解を招く恐れのある、人を誤らせる
celebrity（名詞）,有名人、名声
rave（自動詞）,絶賛する、褒める、うわ言を言う、わめきたてる
rave（名詞）,夢中
cruiser（名詞）,クルーザー、巡洋艦、遊覧用モーターボート、（米）巡回パトカー
missionary（名詞）,宣教師、使節
missionary（形容詞）,伝道の、布教の
recount（他動詞）,…を詳しく話す、…を物語る
testament（名詞）,（the Testament で）聖書、証拠、遺言、契約
retort（他動詞）,…と言い返す、…と逆襲する
retort（自動詞）,言い返す
retort（名詞）,口答え、しっぺ返し
resentful（形容詞）,憤慨している、ひどく嫌がる、怒りっぽい
coincidence（名詞）,（偶然の）一致、合致、同時発生
waltz（名詞）,ワルツ、ワルツの曲、円舞曲
waltz（自動詞）,ワルツを踊る
socialize（自動詞）,打ち解けて交際する、社会的活動に参加する
socialize（他動詞）,…を社交的にする、…を社会生活に順応させる、…を社会主義化する
stammer（自動詞）,どもる、口ごもる
stammer（他動詞）,…をどもりながら言う
stammer（名詞）,どもり
prophecy（名詞）,予言、お告げ
underestimate（他動詞）,…を過小評価する、…を軽んじる、…を軽視する、…を見くびる
underestimate（名詞）,過小評価
enterprising（形容詞）,進取的な、積極的な
stamina（名詞）,スタミナ、体力
frantic（形容詞）,半狂乱の、取り乱した、逆上した、すごい
mob（名詞）,暴徒、群衆
mob（他動詞）,…の周りに群がって押し寄せる、…に群がって襲う
batter（他動詞）,…をめった打ちにする、…を打ち壊す、…に激しく当たる
buckle（自動詞）,留め金で留める、曲がる
buckle（他動詞）,…を留め金で留める、…を曲げる
buckle（名詞）,バックル、ゆがみ
parachute（名詞）,パラシュート、落下傘
parachute（自動詞）,パラシュートで降下する、天下りする
parachute（他動詞）,…をパラシュートで降下させる、…を天下りさせる
cockpit（名詞）,（航空機の）操縦席、コックピット、（レーシングカーなどの）運転席、（ヨットなどの）操舵席
chirp（自動詞）,チュンチュンと鳴く、にぎやかに話す
chirp（名詞）,（小鳥の鳴き声などの）甲高い音
pleasantly（副詞）,楽しく、愉快に、愛想よく
farmyard（名詞）,農家の庭
prosecutor（名詞）,検事、検察官
clench（他動詞）,（こぶし・手など）を堅く締める、…をしっかりつかむ
clench（名詞）,堅く締めること
don（他動詞）,…を着る、…を着用する
don（名詞）,首領、貴族、スペインで男性につける敬称
striped（形容詞）,しまのある、しま模様の
crater（名詞）,（火山の）噴火口、（爆発などで地面がえぐれてできた）穴、（月面などの）クレーター
emit（他動詞）,…を出す、…を放つ、…を発令する、…を口に出す
toxic（形容詞）,有毒の、中毒性の
volcanic（形容詞）,火山の、火山性の、火山の多い
gulp（他動詞）,…をぐっと飲む［飲み込む］
gulp（自動詞）,息が詰まる、むせる
gulp（名詞）,ゴクゴク飲むこと
tonic（名詞）,トニックウオーター（tonic water）、強壮剤、元気づけるもの
tonic（形容詞）,元気づける、（薬などが）強壮にする
innkeeper（名詞）,宿屋［居酒屋］の主人
gush（自動詞）,勢いよく流れ出る、わき出る
gush（名詞）,ほとばしり、噴出
hose（名詞）,ホース、長靴下
hose（他動詞）,ホースで水をかける
hitch（他動詞）,…をつなぐ、…を引っかける、…をヒッチハイクする
hitch（名詞）,支障、障害
ballad（名詞）,バラード（民間伝承の物語詩）、バラード形式の詩［曲］
jingle（自動詞）,チリンチリンと鳴る、調子よく響く
jingle（名詞）,チリンチリンと鳴る音
reddish（形容詞）,赤みを帯びた、やや赤い、赤らんだ（限定用法が多い）
mow（他動詞）,…を刈り取る、…を手当たり次第になぎ倒す
diversion（名詞）,気晴らし、娯楽、脇へそらすこと、転換、（軍事で）けん制、（主に英）回り道
quake（自動詞）,震える、おののく、揺れる
quake（名詞）,地震（earthquake）
horrified（形容詞）,恐怖に襲われた、怖がっている、恐怖を表す
quiver（自動詞）,（ブルブルと）震える、揺れる
quiver（他動詞）,…を震わせる
quiver（名詞）,震え、振動
shooting（名詞）,発砲、射撃、銃撃、（写真・映画の）撮影
windmill（名詞）,風車、風力タービン
arc（名詞）,弧、円弧、弓形、アーク
arc（自動詞）,弧状を描く
rotate（自動詞）,回転する、交代する
rotate（他動詞）,…を回転させる、…を交代でする
trailer（名詞）,トレーラー、トレーラーハウス、移動住宅（trailer house）、（映画などの）予告編
rumble（自動詞）,ゴロゴロ音を立てる、とどろく
rumble（名詞）,ゴロゴロ［ガラガラ］いう音、騒音
nightfall（名詞）,夕暮れ、日暮れ
scrub（他動詞）,…を（ごしごしと）こすり落とす、…を取りやめる
scrub（名詞）,磨くこと
dough（名詞）,パン生地、生パン
shove（他動詞）,…を（無造作に）押し込む、…を押しのける、…を（乱暴に）突く
honorary（形容詞）,名誉の、名誉を記念する、肩書きだけの
platinum（名詞）,プラチナ、白金
platinum（形容詞）,プラチナ色の、プラチナ製の
badge（名詞）,バッジ、記章、印
vegetarian（名詞）,菜食主義者
vegetarian（形容詞）,菜食主義の
shudder（自動詞）,身震いする、震える、激しく震動する
shudder（名詞）,身震い、激しい震動
fillet（名詞）,骨のない切り身［開き身］、ヒレ（肉）
fillet（他動詞）,（肉）を切り身にする
skid（自動詞）,横滑りする
skid（名詞）,横滑り、（飛行機などの着陸用）そり
narrowly（副詞）,危うく、かろうじて、間一髪で、偏狭に、綿密に、心狭く
sneer（自動詞）,あざ笑う、冷笑する
sneer（他動詞）,…とあざけって言う
sneer（名詞）,冷笑、軽蔑
melodrama（名詞）,メロドラマ、メロドラマのような出来事
disdain（名詞）,軽蔑、侮蔑
disdain（他動詞）,…を軽蔑する、（disdain to do で）…する価値がないと考える
sniff（自動詞）,においをかぐ、鼻であしらう
sniff（他動詞）,…のにおいをかぐ、（麻薬など）を鼻から吸い込む
sniff（名詞）,鼻をクンクン鳴らすこと
rusty（形容詞）,さびた、さびで覆われた、さびから生じた
dagger（名詞）,短刀、短剣、（活字の）ダガー、剣標（†）
snort（自動詞）,鼻を鳴らす
snort（他動詞）,…を鼻を鳴らして言う、（麻薬）を吸う
discontent（名詞）,不満、不平
discontent（他動詞）,…に不満を抱かせる、…を不機嫌にさせる
dummy（名詞）,マネキン、模型、模造品、ダミー
dummy（形容詞）,模型の、模造の、名義だけの（限定用法）
stroll（自動詞）,散歩する、ぶらつく
stroll（名詞）,ぶらぶら歩き、散歩
pastoral（形容詞）,田園の、のどかな、羊飼いの、牧師の（限定用法が多い）
pastoral（名詞）,田園詩［画］
luminous（形容詞）,発光する、光を出す、明るい、（表現などが）明快な（限定用法が多い）
swirl（自動詞）,渦巻く、ぐるぐる回る、飛び跳ねる
swirl（他動詞）,…に渦巻きを起こす
swirl（名詞）,回転、渦巻き
guru（名詞）,導師、グル、教祖的存在
initiation（名詞）,（加入・入会などの）儀式、加入、入会、入社
snapshot（名詞）,スナップ写真、寸評
tilt（他動詞）,（首など）をかしげる、…を傾ける、（意見・論調など）をある方向へ向ける
tilt（自動詞）,傾く、（文書などで）非難する
tilt（名詞）,傾き、傾斜、攻撃
tow（他動詞）,…を（鎖［綱］で）引っ張る、（車）をレッカー移動する
tow（名詞）,（鎖・綱で）引く［引かれる］こと、引き船、けん引車
raft（名詞）,いかだ、救命ゴムボート、（水泳者用の）浮き台
raft（他動詞）,…をいかだで輸送する
trot（自動詞）,速足で駆ける、急ぐ
downhill（副詞）,下方へ、一層悪く
downhill（形容詞）,下り坂の
downhill（名詞）,下り坂、衰退
tug（自動詞）,強く引く、ぐいと引っ張る
tug（他動詞）,…を強く引く、…をぐいと引っ張る
tug（名詞）,強く引くこと、努力、引き船（tugboat）
mesh（名詞）,網の目（をかがった糸）、メッシュ
scroll（名詞）,巻物、渦巻き模様
scroll（自動詞）,スクロールする
scroll（他動詞）,（画面）をスクロールする
untie（他動詞）,（結んだ物）をほどく、…を解く、（困難など）を解決する
gale（名詞）,強風
uproot（他動詞）,…を根こそぎにする、…を引っこ抜く、…を立ち退かせる
cramp（名詞）,けいれん、引きつり、激しい腹痛
vomit（自動詞）,食物を吐く、嘔吐する
vomit（他動詞）,（食べ物など）を吐く
vomit（名詞）,吐くこと、噴出
disciplined（形容詞）,よく訓練された、厳しくしつけられた
wag（他動詞）,…を振る、…を揺する
wag（自動詞）,しきりに動く
limousine（名詞）,リムジン、大型高級乗用車、（空港・バスターミナルなどから発着する）リムジンバス
expressway（名詞）,（主に米）高速道路
accelerate（自動詞）,速度を上げる、加速する、促進される
accelerate（他動詞）,…の速度を上げる、…を加速する、…を促進する、…の時期を早める
allocate（他動詞）,…を割り当てる、…を計上する、…の位置を定める
terrorism（名詞）,テロリズム、テロ行為［計画］、（テロによる）恐怖状態
turmoil（名詞）,騒動、混乱、不安
arise（自動詞）,起こる、生じる
solemn（形容詞）,厳粛な、儀式ばった、宗教上の
rite（名詞）,（通常 rites で；単数扱い）儀式、典礼、習慣
investigator（名詞）,調査官［者］、捜査官、取調官
ascertain（他動詞）,…を確かめる、…を確定する、…を突き止める
breach（名詞）,違反、破棄、切り目、突破口
breach（他動詞）,（契約・約束など）を破る
reformer（名詞）,改革論者、改良者
assassinate（他動詞）,…を暗殺する、（名誉など）を傷つける
merciless（形容詞）,無慈悲な、残酷な、無情な、（天候などが）過酷な
dictator（名詞）,独裁者、（横暴な）指令者、（ローマ帝国の）執政官、口述者
audit（他動詞）,…を検査［監査］する、（米）…を聴講する
audit（名詞）,会計監査、監査報告書
pharmacy（名詞）,薬局、薬学、調剤術
brace（他動詞）,…を補強する、…を支える、…を奮い立たせる、（brace oneself で）身構える
brace（名詞）,締め金、補強材
wicket（名詞）,くぐり戸、小門、（駅などの）改札口、（クリケットの）三柱門
brew（他動詞）,（コーヒー・紅茶など）を入れる、…を醸造する、（陰謀など）をたくらむ
brew（自動詞）,（コーヒー・紅茶などが）入る、（好ましくない事態が）起こりかけている
brew（名詞）,醸造酒
hangover（名詞）,二日酔い、副作用、残存物
shellfish（名詞）,貝、甲殻類
cleanse（他動詞）,…を洗浄する、（人・心）を清める、…を浄化する
reportedly（副詞）,伝えられるところによると
collide（自動詞）,衝突する、ぶつかる、（意見などが）一致しない
runway（名詞）,滑走路、通路、水路、通り道
casualty（名詞）,（事故・災害の）死傷者、被害者、（casualties で）死傷者数、大事故、惨事
buddy（名詞）,（男の）仲間、相棒
commute（自動詞）,通勤［通学］する
commute（他動詞）,…を代える、…を変化させる、…を取り換える
bulky（形容詞）,持て余すほど大きい、かさばった
compile（他動詞）,…を編集する、…を一冊にまとめる、…を集める
directory（名詞）,人名簿、住所氏名録、指導書、規則書、（コンピューターの）ディレクトリ
directory（形容詞）,指揮の、管理の
retailer（名詞）,小売商人［業者］、小売店、受け売りする人
comply（自動詞）,従う、応じる
customary（形容詞）,習慣的な、しきたりの、慣例の、（行為が）常習的な
compress（他動詞）,…を圧縮する、…を押しつける、…を詰め込む
encyclopedia（名詞）,百科事典、百科全書、専門事典［辞典］、（the Encyclopedia で）フランス百科全書
compute（他動詞）,…を計算する、…を算定する、…をコンピューターで計算する
condominium（名詞）,コンドミニアム、分譲マンション
waterfront（名詞）,（通常 a [the] waterfront で）海岸の土地、海岸沿いの通り
conserve（他動詞）,…を保存する、…を節約する
conserve（名詞）,ジャム
ranger（名詞）,（森林・国立公園などの）保護官、警備官、監視員、（米）騎馬警察官
extravagant（形容詞）,度を越した、浪費する、途方もなく高い
fertilizer（名詞）,肥料、化学肥料、受精媒介者［物］
contaminate（他動詞）,…を汚染する、…を不純にする
cram（他動詞）,…を詰め込む
cram（名詞）,詰め込み式の受験勉強、超満員
accumulation（名詞）,蓄積、蓄積したもの
attic（名詞）,屋根裏部屋
delete（他動詞）,…を削除する、…を消す
unwanted（形容詞）,不要な、無用の、望まれていない
desktop（形容詞）,（コンピューターが）デスクトップの（限定用法）、机上［卓上］用の
desktop（名詞）,机の作業面、デスクトップコンピューター、デスクトップ画面
biographer（名詞）,伝記作家
depict（他動詞）,…を描く、…を描写する、…を表現する
sculptor（名詞）,彫刻家
designate（他動詞）,…を指定する、…を指摘する、…を指名する、…を任命する
designate（形容詞）,指名［任命］された
prehistoric（形容詞）,先史時代の、有史以前の（以上は限定用法で）、全く時代遅れの
mound（名詞）,塚、古墳、小山、盛り土
landmark（名詞）,歴史的建造物、（旅行者のための）陸標、画期的な出来事［発見］、目印
tornado（名詞）,竜巻、暴風雨、（感情の）爆発
devastate（他動詞）,…を壊滅させる、…を荒廃させる、…を圧倒する、…をくじけさせる
locality（名詞）,地方、場所、付近、現場、土地勘
disarm（他動詞）,…の武器を取り上げる、…の武装を解除する
disarm（自動詞）,武装解除する
smuggler（名詞）,密輸業者、密輸船
custody（名詞）,拘留、監禁、保管、管理、保護
ecologist（名詞）,生態学者、環境保護活動家
discern（他動詞）,…を見つける、…を明確に理解する、…の差異を認識する
conflicting（形容詞）,矛盾する、相反する
discontinue（他動詞）,…をやめる、…を中止する、（訴訟）を取り下げる
aviation（名詞）,航空機産業、飛行（術）、航空学
periodical（名詞）,定期刊行物、雑誌
periodical（形容詞）,定期刊行の（periodic）（限定用法）
discriminate（自動詞）,差別する、正しく区別する
discriminate（他動詞）,…を区別する
discriminate（形容詞）,差別的な
biased（形容詞）,偏った、偏見を抱いた
unstable（形容詞）,情緒不安定な、じっとしていない、（状況・状態などが）不安定な、ぐらついている
disobey（他動詞）,…に服従しない、…に違反する、…に背く、…に従順でない
dispense（他動詞）,…を施す、…を分配する、（法律）を施行する、（義務などから）…を免ずる
humanitarian（形容詞）,人道主義の
humanitarian（名詞）,人道主義者
disrupt（他動詞）,…を中断させる、…を台無しにする、…を混乱させる、…を崩壊させる
recital（名詞）,リサイタル、独奏［独唱］会、（詩などの）朗読、長くて退屈な話
liberation（名詞）,解放、釈放、解放運動
dodge（他動詞）,…を巧みに逃れる、…をごまかす、…から素早く身をかわす
dodge（名詞）,身をかわすこと、巧妙な方策
query（名詞）,質問、疑問、（コンピューターで）クエリー、問い合わせ
query（他動詞）,…を尋ねる、…を質問する
embroider（他動詞）,…に刺しゅうを施す、（物語など）を潤色する
decorative（形容詞）,装飾的な、装飾本位の
emigrate（自動詞）,移住する
emigrate（他動詞）,…を移住させる
planter（名詞）,農園主、植民者、植え付ける人、栽培者
endow（他動詞）,…に授ける、…を寄付する
aesthetic（形容詞）,美的な、美の、美学の、審美眼のある、感覚的な
aesthetic（名詞）,美学
sensibility（名詞）,感覚、感性、感受性、敏感さ
enroll（自動詞）,登録する、入学する、加入する
enroll（他動詞）,…を登録する、…を入会させる
prestigious（形容詞）,有名な、名声のある、一流の
magistrate（名詞）,判事、行政官、執政官
allegedly（副詞）,伝えられるところによると、申し立てによると
entangle（他動詞）,…を巻き込む、…をもつれさせる、…を引っ掛ける
bribery（名詞）,贈賄［収賄］行為
exalt（他動詞）,…を得意にさせる、…を高める、…を高尚にする、…を褒める
dramatist（名詞）,劇作家、戯曲作家
expel（他動詞）,…を追い出す、…を除名する、…を免職にする
homeland（名詞）,母国、自国、故国
bungalow（名詞）,（小さな）平屋
extinguish（他動詞）,…を消す、…を失わせる、…を絶滅させる、…を圧倒する
fertilize（他動詞）,…に肥料をやる、…を豊かにする、…を受精させる
turnip（名詞）,カブ
serial（形容詞）,連続した、連続的に起こる、（番号が）通しの、（小説などが）連載の、逐次刊行の
serial（名詞）,（小説・テレビ番組などの）続き物、連載物
prostitute（名詞）,売春婦
prostitute（他動詞）,（才能・能力など）を金のために使う、（prostitute oneself で）売春する
horrify（他動詞）,…をぞっとさせる、…を怖がらせる、…をあきれさせる
wasp（名詞）,スズメバチ、ジガバチ
hospitalize（他動詞）,…を入院させる
guerrilla（名詞）,ゲリラ兵
hostage（名詞）,人質、人質になった状態
humiliate（他動詞）,…に屈辱を与える、…に恥をかかせる
immerse（他動詞）,…を浸す、…を沈める
avocado（名詞）,アボカド
immigrate（自動詞）,移住する
persecution（名詞）,迫害、虐待
pretentious（形容詞）,うぬぼれた、もったいぶった、大げさな
inhibit（他動詞）,…を妨げる、…を抑制する
inject（他動詞）,…を注射する、（人など）に注射をする、…を注入する、…を差しはさむ
medication（名詞）,薬、薬剤、薬物
integrate（他動詞）,…を統合する、…をまとめる、…を完全なものにする
integrate（形容詞）,複合体の
casino（名詞）,カジノ、賭博場
mammoth（形容詞）,巨大な（限定用法）
mammoth（名詞）,マンモス
intercept（他動詞）,…を途中で取り押さえる、…を封じる、（敵機・ミサイルなど）を迎撃する
heroin（名詞）,ヘロイン
pier（名詞）,桟橋、防波堤、橋脚
broker（名詞）,仲介業者、株式仲買人
liberate（他動詞）,…を釈放する、…を解放する、…を自由にする
bail（名詞）,保釈、保釈金、保釈保証人
bail（他動詞）,…の保釈を認める、…を委託する
filthy（形容詞）,汚い、汚れた、不潔な、下品な
filthy（副詞）,非常に
bum（名詞）,放浪者、怠け者
bum（自動詞）,放浪生活をする
bum（他動詞）,…をせびる
lurk（自動詞）,潜む、こそこそ歩き回る、潜在する
slum（名詞）,スラム街、汚い部屋
mar（他動詞）,…を傷つける、…を台無しにする、…の完全さを損なう
sideboard（名詞）,食器棚、サイドボード、側面板
screwdriver（名詞）,ねじ回し、（カクテルの）スクリュードライバー
hardworking（形容詞）,勤勉な、よく働く［勉強する］
sociable（形容詞）,社交的な、社交好きな、（集まりなどが）和やかな
meddle（自動詞）,干渉する、余計な世話を焼く、いじくり回す
mediate（他動詞）,（争いなど）を調停する、（協定など）を調停で成立させる
mediate（自動詞）,調停する、仲介する
mediate（形容詞）,調停の
congressional（形容詞）,（Congressional で）米国議会の、（一般に）国会［議会］の、会議の、集会の
faction（名詞）,（政治の）派閥、党派、派閥争い
apparel（名詞）,アパレル、衣料品、衣服、服装
apparel（他動詞）,（人）を（衣装で）飾る
merge（自動詞）,合併する、吸収される、溶け込む
merge（他動詞）,…を合併する、…を溶け込ませる
strategic（形容詞）,戦略（上）の、戦略的な、戦略上重要な、戦争遂行上不可欠の
settler（名詞）,開拓者、移住者
barren（形容詞）,（土地などが）不毛の、（女性・動物が）不妊の、内容のない、退屈な
barren（名詞）,やせ地
migrate（自動詞）,移住する、移民する、移動する
southward（副詞）,南へ向かって
southward（形容詞）,南へ向かう、南向きの
nurture（他動詞）,…を育てる、…を養育する、…を助長する
nurture（名詞）,滋養物
courtyard（名詞）,（特に四方を建物・塀で囲まれた）中庭
immigration（名詞）,移民、移住、入植、出入国管理（immigration control）
offset（他動詞）,…を相殺する、…を埋め合わせる、…をオフセット印刷にする
offset（名詞）,相殺するもの、オフセット印刷
offset（形容詞）,（印刷が）オフセットの（限定用法）
reduced（形容詞）,（数量・割合が）減少した、縮小した
birthrate（名詞）,出生率
governmental（形容詞）,政府の、政治の、統治の、行政機関の、国営の（限定用法）
outlaw（他動詞）,…を追放する、…を不法とする、…を禁止する
outlaw（名詞）,無法者、お尋ね者
outlaw（形容詞）,非合法の（限定用法）
juvenile（名詞）,青少年、未成年者
juvenile（形容詞）,青少年の、未成年者の、少年少女向きの
harassment（名詞）,悩ます［悩まされる］こと、悩みの種
spotlight（名詞）,スポットライト、（通常 the spotlight で）世間の注目
spotlight（他動詞）,…にスポットライトを当てる
overdo（他動詞）,…をやり過ぎる、…を誇張する
overpower（他動詞）,…を圧倒する、…を征服する、…に過度の力を加える
crushing（形容詞）,圧倒的な、痛烈な、決定的な（限定用法が多い）
fascism（名詞）,（しばしば Fascism で）ファシズム
persecute（他動詞）,…を迫害する、…をうるさく悩ます、…にしつこくせがむ
poach（他動詞）,…を密猟する、…に侵入する
ostrich（名詞）,ダチョウ
trout（名詞）,マス
pollute（他動詞）,…を汚染する、…を汚す、…を堕落させる
tribal（形容詞）,部族の、種族の（限定用法が多い）
populate（他動詞）,…に住む、…に住みつく、…の住民である、…に人を居住させる
blacksmith（名詞）,かじ屋
artisan（名詞）,職人、熟練工
propel（他動詞）,…を前進させる、…を推進する、…を駆り立てる
aerospace（名詞）,航空宇宙産業［学］、大気圏および宇宙空間
prosecute（他動詞）,…を起訴する、（事業など）を遂行する
burglary（名詞）,住居侵入窃盗（事件）、強盗
reconstruct（他動詞）,（建物など）を再建する、（資料などに基づいて）…全体を復元［推測、再現］する
warship（名詞）,軍艦
rapidity（名詞）,素早さ、急速、敏速、速度
recreate（自動詞）,気晴らしをする
recreate（他動詞）,…に気晴らしをさせる
gymnasium（名詞）,体育館、屋内競技場
redefine（他動詞）,…を見直す、…を再検討する、…を再定義する
archaic（形容詞）,旧態依然とした、古風な、古代の、初期の
electoral（形容詞）,選挙（人）の、選挙人から成る（限定用法）
module（名詞）,（機械・装置・ソフトウエアなどの）モジュール、交換可能な構成部分
trigger（名詞）,起爆装置、（銃の）引き金、（物事の）誘因、きっかけ
defective（形容詞）,欠点のある、不備な、不完全な
redesign（他動詞）,…を設計し直す
redesign（名詞）,再設計
refill（他動詞）,…を詰め替える、…を再び満たす、…を補充する
refill（名詞）,リフィル、補給
cleanser（名詞）,クレンザー、洗剤、清掃係
fragrance（名詞）,香り、芳香、香水
repel（他動詞）,…を撃退する、…を防ぐ
moth（名詞）,ガ、（衣服を食う）ガの幼虫
wardrobe（名詞）,洋服だんす、（劇団などの）持ち衣装
ripple（他動詞）,…にさざ波を立てる
ripple（自動詞）,さざ波が立つ、さざ波のように広がる
ripple（名詞）,さざ波
serene（形容詞）,静かな、穏やかな、晴れた
slash（他動詞）,（予算・値段など）を大幅に下げる［削減する］、…に深く切りつける
slash（名詞）,切りつけること、（予算などの）切り下げ、削減
rouge（名詞）,ほお紅、口紅
rouge（他動詞）,…に紅をつける
slaughter（他動詞）,…を虐殺する、…を解体処理する、…を完敗させる
slaughter（名詞）,残酷な殺人、食肉解体処理、完敗
terrifying（形容詞）,非常に恐ろしい
authentic（形容詞）,信頼のおける、本物の、心からの
trio（名詞）,3人組、3個組、三重唱［奏］団、三重唱［奏］曲
smuggle（他動詞）,…を密輸する、…を密輸入［密輸出］する、…をこっそり持ち込む［持ち去る］
restricted（形容詞）,（法律などで）制限された、限られた、（書類などが）部外秘の、機密の
lodger（名詞）,下宿人、間借り人、宿泊者
sneak（他動詞）,…をくすねる、…をこっそり連れて行く［連れて来る］
sneak（自動詞）,こそこそ歩く、こっそり入る
sneak（形容詞）,予告なしの（限定用法）
supposedly（副詞）,恐らく、多分
intruder（名詞）,侵入者、乱入者、強盗
cruelly（副詞）,むごく、残酷に、ひどく
strangle（他動詞）,…を絞め殺す、…を絞めつける、…を抑圧する
landlady（名詞）,女主人、女地主
submerge（他動詞）,…を沈める、…を水中に入れる、…に水をかぶせる、…を覆い隠す
submerge（自動詞）,潜水する
ancestral（形容詞）,先祖代々の、先駆をなす
fanciful（形容詞）,非現実的な、架空の、空想にふける、気まぐれな、風変わりな
tickle（他動詞）,…を面白がらせる、…を楽しませる、…を満足させる、…をくすぐる
tickle（名詞）,くすぐったいこと、くすぐること
transplant（他動詞）,…を移植する、…を移住させる
transplant（名詞）,移植（手術）
aging（形容詞）,年老いた、高齢の、古ぼけた、老朽化した（限定用法）
aging（名詞）,老化、高齢化、熟成
traverse（他動詞）,…を横切る、…を越える、…をあちこち歩く、（山の斜面）をジグザグに登る
traverse（自動詞）,横切る、横断する、ジグザグに登る
traverse（名詞）,縦走、横断、（登山で）トラバース
marginal（形容詞）,辺境の、境界の、欄外の、ぎりぎり採算が取れる
unify（他動詞）,…を統合［統一］する、…を1つにする、…を一体化する
unify（自動詞）,1つになる、一体化する
jurisdiction（名詞）,管轄区域、司法［裁判］権、権限
frustrating（形容詞）,いらいらする、がっかりするような、失望させるような
upgrade（他動詞）,…をアップグレード［グレードアップ］する、…の等級を上げる
upgrade（自動詞）,アップグレードする
upgrade（名詞）,アップグレード、（米）上り坂
laptop（形容詞）,（コンピューターが）ラップトップの、ひざ乗せ型の
laptop（名詞）,ラップトップコンピューター、ノートパソコン
victimize（他動詞）,…を犠牲（者）にする、…に被害［損害］を与える、…をだます、…をいけにえとして殺す
irrational（形容詞）,不合理な、分別のない
unethical（形容詞）,非倫理的な
warp（他動詞）,…をゆがめる、…をねじ曲げる、…をそらせる
warp（自動詞）,ゆがむ、曲がる
warp（名詞）,縦糸、ゆがみ、ワープ
withhold（他動詞）,…を保留する、…を差し控える、（感情）を抑える
ambiguous（形容詞）,あいまいな、紛らわしい
zoom（自動詞）,ズームレンズで拡大［縮小］撮影する、（カメラで）ズームイン［アウト］する
zoom（他動詞）,…にズームレンズを調節する
jellyfish（名詞）,クラゲ、煮え切らない人
underwater（形容詞）,水中用の、水面下の（限定用法）
underwater（副詞）,水中で
addiction（名詞）,依存症、中毒
afflict（他動詞）,…をひどく苦しめる、…を悩ませる
preacher（名詞）,（プロテスタントの）牧師、説教師、教え諭す人
baron（名詞）,男爵
agonize（自動詞）,ひどく苦しむ、必死に努力する
creed（名詞）,信条、信念、教義、宗教
nationwide（形容詞）,全国的な（限定用法）
nationwide（副詞）,全国的に
aspire（自動詞）,熱望する
presidency（名詞）,（しばしば the Presidency で）米国大統領の地位［任期］、（通常 the presidency で）大統領［社長、会長］の地位［任期］
brood（自動詞）,じっと考える、卵を抱く
brood（他動詞）,（卵）を抱く
brood（名詞）,ひとかえりのひな、同族
impeachment（名詞）,弾劾、非難
cleanup（名詞）,掃除、一掃、浄化、（野球の）4番打者
profoundly（副詞）,大いに、深く、切に、心から
disillusion（他動詞）,幻滅を味わう（以上は be disillusioned で）、…に幻想を捨てさせる、…の迷いを覚ます
falter（自動詞）,くじける、よろめく、口ごもる
custard（名詞）,カスタード、カスタードソース
botany（名詞）,植物学、一地方の植物、一植物の生態
novelty（名詞）,目新しさ、斬新さ、目先の変わったこと
glaze（自動詞）,（目が）どんよりする、かすむ
glaze（他動詞）,…に板ガラスをはめる、…のつやを出す
glaze（名詞）,表面のつや、雨氷
obsess（他動詞）,…に取りつく、…を支配する
obsess（自動詞）,くよくよ心配する
mystical（形容詞）,神秘的な、神秘主義の、神秘主義的な、霊感の
demon（名詞）,悪魔、悪霊、悪の権化、超人的精力家、名人
deathbed（名詞）,死の床、臨終
authoritative（形容詞）,信頼できる、権威ある、（決定などが）当局の、（態度などが）有無を言わせぬ調子の、横柄な
documentation（名詞）,文書の利用［収集、添付］、証拠書類提示
reconsider（他動詞）,…を再考する、…を考え直す、…を再審議する
relish（他動詞）,…を（心行くまで）味わう、…を楽しむ
relish（名詞）,味わうこと、楽しむこと、風味
legendary（形容詞）,伝説的な、伝説上の、伝説に残るような、有名な
scenic（形容詞）,風景［景色］の、景色のよい、舞台の（限定用法が多い）
misty（形容詞）,霧が立ち込めた、霧状の、はっきりしない
shareholder（名詞）,（主に英）株主（［主に米］stockholder）
habitually（副詞）,習慣的に、いつも
scan（他動詞）,…にざっと目を通す、…を入念に調べる、…をスキャナーで読み取る
scan（自動詞）,ざっと目を通す、走査する
scan（名詞）,綿密検査、スキャン
tar（名詞）,（舗装用の）タール、（たばこの）タール、やに
sicken（他動詞）,…を吐き気を催させる、…をむかつかせる
sicken（自動詞）,吐き気を催す、病気になる
theorist（名詞）,理論家
smack（自動詞）,…の気味がある、…の味がする
smack（名詞）,味、風味、香り
arrogance（名詞）,おごり、横柄さ、尊大さ
speculate（他動詞）,…と推測する、…という見当をつける
speculate（自動詞）,熟考する、投機する
invader（名詞）,侵入者、侵略国、移住者
layout（名詞）,配置、レイアウト、広げる［並べる］こと
yearn（他動詞）,（yearn to do で）…することを切望する
yearn（自動詞）,あこがれる、慕う、切望する
entrepreneur（名詞）,起業家、請負人
eel（名詞）,ウナギ、捕らえどころのない人
pest（名詞）,有害な動物［虫］、厄介もの、疫病
bearing（名詞）,身のこなし、態度（以上は時に a bearing で）、結実、我慢、方向
displacement（名詞）,移動、転置、置き換え、解雇、解任
expanse（名詞）,広がり（以上はしばしば an expanse で）、膨張、拡大
rap（名詞）,軽くたたくこと
rap（他動詞）,…を（コツコツと）軽くたたく
rap（自動詞）,（コツコツと）軽くたたく
uplift（名詞）,持ち上げる［上げられる］こと、精神的高揚、知的向上
uplift（他動詞）,…を（持ち）上げる
vibration（名詞）,振動（すること）、（通常 vibrations で）（人・場所などの）感じ、雰囲気
antibody（名詞）,（通常 antibodies で）抗毒素、抗体
countenance（名詞）,顔つき、容ぼう、落ち着き、（精神的な）支持
deodorant（名詞）,デオドラント、体臭防止剤、脱臭剤
disability（名詞）,能力を欠くこと、無力、身体障害
eyeball（名詞）,眼球、目玉
fingernail（名詞）,指のつめ
immortality（名詞）,不死、不滅、不朽（の名声）
posture（名詞）,姿勢、気取った態度、（通常 a [the] posture で）考え方、心構え
skeleton（名詞）,骨格、がい骨、やせこけた人、概要
spine（名詞）,脊柱、背骨、とげ、気骨、尾根
agitation（名詞）,（人心の）動揺、興奮、扇動、アジ
anguish（名詞）,激しい苦痛、苦悩
aspiration（名詞）,（通常 aspirations で）強い願望、切望、呼吸
bewilderment（名詞）,当惑、うろたえた様子、困惑
compassion（名詞）,思いやり、あわれみ、深い同情
conceit（名詞）,うぬぼれ、自尊心、過大評価、気まぐれ
dilemma（名詞）,ジレンマ、板ばさみ、窮地
discretion（名詞）,自由（裁量）、分別、慎重さ、決定権、判断
distraction（名詞）,気を散らすこと、放心状態、注意散漫、動転
ecstasy（名詞）,無我夢中、有頂天、恍惚、大喜び
estimation（名詞）,判断、見方、概算、見積もり、尊重
gut（名詞）,根性、勇気、消化管、（guts で）内臓
humiliation（名詞）,辱められること、屈辱、不面目
hypocrisy（名詞）,偽善、見せかけ、猫かぶり
indulgence（名詞）,ふけること、耽溺、道楽、気まま、甘やかし
integrity（名詞）,正直さ、誠実さ、完全（な状態）
intuition（名詞）,直感、直覚、直観的真実
longing（名詞）,あこがれ、熱望
longing（形容詞）,あこがれに満ちた、切望する（限定用法）
lust（名詞）,（通例好ましくない）情欲、欲望、熱意
lust（自動詞）,（権力・名声などを）切望する
mockery（名詞）,あざけり、なぶりもの、模倣、ごまかし
mourning（名詞）,哀悼の意を表すこと、喪、悲嘆
mourning（形容詞）,嘆く、哀悼の
perseverance（名詞）,忍耐、粘り強さ
pretension（名詞）,うぬぼれ、自負、見せ掛け、（しばしば pretensions で）要求
rapture（名詞）,（時に raptures で）有頂天、狂喜、歓喜
sanity（名詞）,正気、（思想などの）健全さ
stimulation（名詞）,刺激、興奮、鼓舞
temperament（名詞）,気性、気質、性分
chord（名詞）,①和音、コード ②（楽器・数学の）弦
comma（名詞）,（句読点の）コンマ
commentary（名詞）,解説（書）、注釈、実況放送、時事解説
lyric（名詞）,歌詞（以上は the lyrics で）、叙情詩
lyric（形容詞）,叙情的な（限定用法）
revision（名詞）,改訂、修正、補正、改訂版
screening（名詞）,審査、選抜、ふるい分け、（映画の）上映
alpha（名詞）,アルファ（ギリシャアルファベットの第1字）、第1（のもの）
anatomy（名詞）,解剖（学）、（通常単数形で）解剖学的構造、（一般に）構造
carnival（名詞）,謝肉祭、カーニバル、（一般に）どんちゃん騒ぎ
clone（名詞）,クローン、複製生物、そっくりなもの［人］
clone（他動詞）,…の複製を作る
communion（名詞）,（Communion で）聖餐式、交際、交流、霊的交感
critique（名詞）,評論、批評（法）
dedication（名詞）,献身、専念、献納、奉納
delta（名詞）,デルタ（ギリシャアルファベットの第4字）、三角州、デルタ地帯、三角形のもの
divinity（名詞）,神性、神々しさ、神学、（the Divinity で）神
dynamics（名詞）,（通常単数扱い）力学、（複数扱い）原動力、エネルギー
enlightenment（名詞）,教化、啓発、啓蒙、（仏教などでの）悟り
festivity（名詞）,祝祭、祝い事の催し（以上は通常 festivities で）、祝いの喜び、にぎわい
formulation（名詞）,公式化、系統立てて述べること、明確な語句［記述、表現］
imagery（名詞）,心像、像、画像、比喩的描写
implication（名詞）,含み、言外の意味、密接な関係、（通常 implications で）影響
literacy（名詞）,読み書きの能力、教養があること、活用能力
materialism（名詞）,唯物論、唯物主義、物質主義
motto（名詞）,モットー、座右の銘、標語、題辞
multiplication（名詞）,掛け算、増加、増大、増量、増殖
numeral（名詞）,数字、（文法で）数詞
numeral（形容詞）,数の
parable（名詞）,寓話、比喩
dandelion（名詞）,（セイヨウ）タンポポ
eruption（名詞）,発生、爆発、噴火、発疹
fertility（名詞）,土地が肥えていること、多産、生産力（のあること）
galaxy（名詞）,銀河、星雲、（the Galaxy で）銀河系、（a galaxy で）華やかな集まり
humidity（名詞）,湿気、湿度
ivy（名詞）,ツタ、（一般に）つる植物
ozone（名詞）,オゾン、新鮮でさわやかな空気
radium（名詞）,ラジウム
spa（名詞）,鉱泉、温泉
starlight（名詞）,星の光、星明かり
absorption（名詞）,吸収（作用）、統合、没頭、熱中
adolescence（名詞）,青年期（通常12～18歳前後）、思春期
array（名詞）,配置、（an array of … で）…の列挙
array（他動詞）,…を配置する、…を盛装させる
blackmail（名詞）,ゆすり、恐喝、恐喝［ゆすり］で得た金品
blackmail（他動詞）,…を恐喝する、…に強要する
blur（名詞）,不鮮明、（霧などの）かすみ（以上は a blur で）、汚れ
blur（他動詞）,…を曇らせる、…を汚す
buttonhole（名詞）,ボタン穴
calling（名詞）,呼び声、招集、訪問、強い衝動［希望］、天職
coeducation（名詞）,男女共学
confinement（名詞）,幽閉、監禁、（時に a confinement）出産
congregation（名詞）,集まり、集会、集まった人々、信徒団
cookery（名詞）,料理術、料理業
craze（名詞）,熱狂的大流行、熱狂
decency（名詞）,（言葉遣いなどが）上品なこと、良識、（the decencies で）礼儀作法
detachment（名詞）,距離を置くこと、分離、孤立、公平、（軍隊の）派遣
drawback（名詞）,障害、故障、不利な点、欠点
eccentricity（名詞）,風変わり、奇抜、（eccentricities で）奇行
epidemic（名詞）,流行、まん延、伝染病
epidemic（形容詞）,流行性の、広まっている（限定用法）
etiquette（名詞）,礼儀、作法、エチケット、（宮廷などの）儀式
fad（名詞）,一時的流行、…熱、気まぐれ、（食べ物の好みなどの）気難しさ
fatality（名詞）,死亡者（数）、不慮の死、災害、災難、宿命
fellowship（名詞）,仲間同士、友情、分かち合うこと、共同体
footlight（名詞）,（footlights で）フットライト、脚光
gloom（名詞）,暗闇、薄暗さ、憂うつ
goodwill（名詞）,親切、善意、信用、（店などの）お得意、ひいき
hybrid（名詞）,雑種、混血、合成物
hybrid（形容詞）,雑種の、混血の、複合型の
ignition（名詞）,発火、点火（装置）、燃焼
imprint（名詞）,印、跡、印象
imprint（他動詞）,…を刻み込む、…に押す、（考えなど）をすり込む
individuality（名詞）,（時に an individuality で）個性、人格、個性的な人
infancy（名詞）,幼少、幼児、（its [the] infancy で）（発達の）初期
intercourse（名詞）,性交（sexual intercourse）
intimacy（名詞）,親密なこと、親交、詳細な知識、性的な関係
kinship（名詞）,親族関係、血族関係（以上は時に a kinship で）、関連
parting（名詞）,別れ、告別、出発、いとまごい
parting（形容詞）,別れの、最後の（限定用法）
permanence（名詞）,恒久不変、永続（性）、耐久（性）
placement（名詞）,置くこと、配置、職業紹介
potentiality（名詞）,可能性、潜在力、潜在状態、（通常 potentialities で）潜在的なもの
proficiency（名詞）,習熟していること、熟練
progression（名詞）,進歩、発達、前進、進行、連続
readiness（名詞）,準備ができていること、迅速、（時に a readiness で）快諾
relevance（名詞）,（時に a relevance で）関連性、妥当性、社会性
secrecy（名詞）,秘密にしておくこと、秘密であること、内密、口堅さ
siren（名詞）,サイレン、警笛、魅惑的な美女
sophistication（名詞）,洗練、精巧（化）、複雑（化）、知識、素養
specialty（名詞）,特技、専門、専攻、特殊性、特徴
starter（名詞）,皮切り、初心者、（コースの）最初に出る料理
stature（名詞）,名声、身長、発達
streak（名詞）,筋、しま、（脂肪などの）層
streak（他動詞）,…に筋［しま］をつける
streak（自動詞）,筋［しま］がつく
symbolism（名詞）,象徴性、象徴的表現、（しばしば Symbolism で）象徴主義
trait（名詞）,特徴、特色、特性
acknowledgment（名詞）,自認、承認、認識、感謝、（金銭などの）受領通知（書）
allegation（名詞）,（証拠のない）申し立て、主張、陳述
aristocracy（名詞）,（通常 the aristocracy で；集合的に）貴族（階級）、貴族政治
attainment（名詞）,到達、達成、獲得、（しばしば attainments で）偉業、功績
autonomy（名詞）,自治（権）、自主性、自治国家、自律性
breakthrough（名詞）,（交渉などの）打開、突破、前進
breakup（名詞）,（国家・組織などの）解体、分裂、（関係の）崩壊、別離
cancellation（名詞）,取り消し、キャンセル
captivity（名詞）,捕らわれの身、監禁状態
closure（名詞）,閉めること、閉鎖、締切、閉店、終了
coalition（名詞）,連合、連携、合同、一体化
consolidation（名詞）,合同、合併、整理統合、合同体、強化すること
constraint（名詞）,強制、制約、（感情などの）抑制、遠慮、気兼ね、強制するもの
contributor（名詞）,寄付者、貢献者、寄稿者、（好ましくない状況の）誘因
crusade（名詞）,十字軍（以上は the Crusades で）、改革［撲滅］運動
crusade（自動詞）,十字軍［反対運動］に加わる
degradation（名詞）,不名誉、体面を傷つけること、左遷、（品質などの）低下、劣化
demo（名詞）,（商品の）宣伝、実演、（ソフトウエアの）デモ版
deprivation（名詞）,（権利などの）はく奪、貧困、欠乏、喪失
disobedience（名詞）,不服従、反抗、違反
disruption（名詞）,混乱、分裂、（国家などの）崩壊
dissolution（名詞）,分解、（議会などの）解散、（契約などの）解除、解約
dominance（名詞）,支配、優勢、（遺伝子の）優性
domination（名詞）,支配（すること）、統治、優位（を占めること）
dumping（名詞）,ダンピング、（ごみなどの）投げ捨て
elimination（名詞）,除外、排出、廃絶、（競技の）予選
emigration（名詞）,移住、出稼ぎ、移民（団）
endowment（名詞）,寄付（をすること）、才能、素質、基金、基本財産
entity（名詞）,（実在する）もの、本質、実体
equity（名詞）,公平さ、正当、公明正大、無私無欲
feminism（名詞）,男女同権主義、フェミニズム
forestry（名詞）,林業、林学、森林管理、森林地
friendliness（名詞）,（または a friendliness で）友好的であること、友情
groundwork（名詞）,下地、（the groundwork で）基礎（工事）、土台
hierarchy（名詞）,階層制、階級制、ヒエラルキー
humanism（名詞）,人文主義、人間主義
idealism（名詞）,理想主義、理想化されたもの、観念論、唯心論
integration（名詞）,統合、統一、集大成、融和、人種差別の撤廃
intrusion（名詞）,侵入、不法占有、割り込み、（意見などの）押しつけ
lawsuit（名詞）,訴訟、告訴
legacy（名詞）,遺産、遺物、遺贈
lookout（名詞）,（a [the] lookout で）用心、見張り（人）、見晴らし、展望台
manifestation（名詞）,明示、表明、（霊魂の）現れ、示威運動
manpower（名詞）,人的資源
merger（名詞）,（吸収）合併、合同
migration（名詞）,移住、移動、（鳥の）渡り、移住者
mobility（名詞）,（社会階級などの）流動性、動きやすさ、移動性
observance（名詞）,（規則などに）従うこと、守ること、祝賀、（しばしば observances で）式典
orientation（名詞）,方向性、志向、入門指導、オリエンテーション
par（名詞）,等価、等位、平均、（ゴルフの）パー
par（他動詞）,（ゴルフコース）をパーで回る
plea（名詞）,弁解、口実（以上は the [one's] plea で）、申し立て
premium（名詞）,保険料、賞品、ハイオクガソリン
premium（形容詞）,上等な、割増の
pro（名詞）,①賛成論 ②プロ、専門家
pro（前置詞）,…に賛成して
pro（副詞）,賛成して
prologue（名詞）,（詩の）序の部分、序文（以上は時に Prologue で）、（事件などの）前触れ
prosecution（名詞）,訴訟、検察側、（義務などの）実行、遂行
quota（名詞）,割り当て（数量）、ノルマ、持ち分、取り分
realism（名詞）,現実主義、現実性、（しばしば Realism で）写実主義、リアリズム
recruitment（名詞）,新兵［新会員］の募集、採用、補充、リクルート
reliance（名詞）,当てにすること、依存、信用
resignation（名詞）,辞職、辞任、辞表、あきらめ
rivalry（名詞）,競争、対抗、対立関係［意識、行為］
server（名詞）,（コンピューターの）サーバー、給仕人、サーブをする人、盆
statute（名詞）,法令、制定法、規則
superiority（名詞）,上位、優越、優勢
syndicate（名詞）,シンジケート、企業連合
syndicate（他動詞）,…をシンジケートに組織する
syndicate（自動詞）,シンジケートを組織する
takeover（名詞）,買収、乗っ取り、引き継ぎ
thrift（名詞）,質素、倹約、繁茂
trademark（名詞）,（登録）商標、トレードマーク、商標権
brownie（名詞）,（米）ブラウニー（ナッツの入ったチョコレートケーキ）、ガールスカウトの幼年団員
hazelnut（名詞）,ハシバミの実、ヘーゼルナッツ
marmalade（名詞）,マーマレード
mint（名詞）,ハッカ、ミント
nourishment（名詞）,（栄養のある）食物、栄養、養育
rye（名詞）,ライムギ
abnormality（名詞）,ふつうではないこと［もの］、異常（なもの）
ambiguity（名詞）,あいまいさ、不明確さ、多義性、あいまいな語句［表現］
analogy（名詞）,類似、似かより、共通点、類推、推論
batch（名詞）,（a batch で）一束、一団、1回分
clarity（名詞）,明快さ、明瞭、透明、清澄
delicacy（名詞）,繊細さ、思いやり、ごちそう、美味
desperation（名詞）,自暴自棄、死にもの狂い
elegance（名詞）,優雅、上品（以上は時に an elegance で）、正確さ
eloquence（名詞）,雄弁、能弁、力強さ、巧みさ、力強い言葉
equilibrium（名詞）,つり合い、平静、落ち着き
eternity（名詞）,永遠、無限、不滅
fullness（名詞）,満ちていること、充満、充足、十分、ふくよかさ
generalization（名詞）,一般化、総合、概括、一般概念
imbalance（名詞）,不安定、不均衡、平衡失調、アンバランス
inadequacy（名詞）,不適切、不十分、無力さ
inferiority（名詞）,劣っていること、下級、下位
likeness（名詞）,似ていること、類似点、外観、似顔絵
mastery（名詞）,熟達、精通、専門的技能、勝利、支配
millennium（名詞）,1000年間、千年祭
obscurity（名詞）,無名（の人）、不明なもの、あいまいな状態
persistence（名詞）,固執、しつこさ、粘り強さ、永続
rarity（名詞）,希少価値、珍品、珍しさ
transparency（名詞）,透明（度）、透明性、オープン度
urgency（名詞）,緊急、切迫、（要求などの）しつこさ
velocity（名詞）,速さ、速度
brink（名詞）,（絶壁などの）縁（以上は the brink で）、瀬戸際、危機
correlation（名詞）,相互関係、相関関係、相関作用
forefront（名詞）,（the forefront で）最前部、（戦場などの）最前線
hemisphere（名詞）,（地球などの）半球、（活動・知識の）範囲、領域
interchange（名詞）,（高速道路の）インターチェンジ
interchange（他動詞）,…を入れ替える
manor（名詞）,荘園、領地、領主の邸宅
maze（名詞）,迷路、迷宮、（a maze で）当惑
segment（名詞）,部分、区分、セグメント、文節、円の弧
segment（他動詞）,…を分割する
tech（名詞）,（工業）専門学校、テクニカルカレッジ
trench（名詞）,深い溝、（しばしば trenches で）塹壕
vent（名詞）,穴、通気孔、（感情などの）はけ口
addict（名詞）,（麻薬などの）依存症の人、中毒者
bearer（名詞）,（手紙などを）運ぶ人、運搬人、（小切手・手形の）持参人
dweller（名詞）,住人、居住者
gourmet（名詞）,食通、美食家
grader（名詞）,…年生、採点者（以上は［米］）、地ならし機、グレーダー
lender（名詞）,貸す人、貸し主、金貸し
lunatic（名詞）,大ばか者、変人、精神障害者
lunatic（形容詞）,常軌を逸した（限定用法）
narrator（名詞）,（放送などの）語り手、ナレーター
pickpocket（名詞）,すり
pilgrim（名詞）,巡礼者、旅人、放浪者
plaintiff（名詞）,原告、申立人
practitioner（名詞）,開業者（特に開業医、弁護士）、専門家（以上は通常複合語で）、実践している人
presenter（名詞）,司会者、発表者、贈呈者、提出者
realist（名詞）,現実主義者、（芸術・文学などの）写実主義者、リアリスト
sovereign（名詞）,君主、主権者、統治者
sovereign（形容詞）,自治［主権］を有する、（権力が）最高の
spouse（名詞）,配偶者
weaver（名詞）,織り手、編む人
workaholic（名詞）,仕事中毒の人、仕事の虫
adapter（名詞）,アダプター、調節器
charcoal（名詞）,炭、木炭、濃い灰色（charcoal gray）
checklist（名詞）,確認リスト、一覧表
clasp（名詞）,（かばんなどの）留め金、（通常 a clasp で）握ること
clasp（他動詞）,…を握り［抱き］締める
claw（名詞）,（通常 claws で）（鳥獣の）かぎつめ、（カニの）はさみ
claw（他動詞）,…をつめで裂く［つかむ］
dice（名詞）,さいころ
dice（他動詞）,（野菜など）をさいの目に切る
dice（自動詞）,ばくちをする
dynamite（名詞）,ダイナマイト、強烈な効果を与える人［もの］
dynamite（他動詞）,…をダイナマイトで爆破する
filling（名詞）,（歯の）詰め物、（サンドイッチ・パイなどの）中身
filling（形容詞）,（食べ物が）満腹にする
foil（名詞）,金属の薄片、金属裏張り、（料理用の）ホイル
foil（他動詞）,…を失敗させる、…をくじく
gauge（名詞）,計測器、ゲージ、メーター
gauge（他動詞）,…を正確に測る、（損害など）を評価する
hinge（名詞）,ちょうつがい
hinge（自動詞）,ちょうつがいで動く
hinge（他動詞）,…にちょうつがいを付ける
hoop（名詞）,（金属・木などの）輪、たが
inscription（名詞）,記されたもの、銘、碑銘、題辞
invoice（名詞）,送り状、請求明細書、仕入れ書
litter（名詞）,ごみ、（a litter で）混乱
litter（他動詞）,（ごみなど）を散らかす
litter（自動詞）,ごみを散らかす
mop（名詞）,モップ
mop（他動詞）,…をモップでふく、（涙・汗など）をぬぐう
paddle（名詞）,櫂、パドル形のもの
paddle（自動詞）,こぐ、へらで打つ
paddle（他動詞）,…を櫂でこぐ
portfolio（名詞）,書類かばん、紙ばさみ、ポートフォリオ（金融資産の一覧）、（製品などの）品揃え
questionnaire（名詞）,アンケート、アンケート事項［用紙］
quilt（名詞）,キルト、キルトの掛け布団
radiation（名詞）,放射（エネルギー）、放射線、放射物
radiator（名詞）,放熱体、発光体、（エンジンなどの）冷却器、ラジエーター
relic（名詞）,遺物、遺品、（relics で）遺跡
socket（名詞）,（電球の）ソケット
substitution（名詞）,代用品、代理人、代用、置換
tack（名詞）,留めびょう（以上は［米］）、仮縫い、方針
tack（他動詞）,…をびょうで留める
transcript（名詞）,（タイプ・手書きによる）写し、（米）学業成績証明書
wrapper（名詞）,包むもの、包装紙、包装係、本のカバー、長くゆったりした部屋着
adverse（形容詞）,反対する、敵意に満ちた、（天候が）不都合な、不運な（限定用法が多い）
anti（形容詞）,反対の、異議のある
anti（名詞）,反対者
anti（前置詞）,反対して
borderline（形容詞）,国境線上の、どっちつかずの、不明確な（限定用法）
borderline（名詞）,境界、国境
coherent（形容詞）,密着した、結束した、首尾一貫した、筋の通った
compatible（形容詞）,（コンピューターで）互換性のある、共存できる、矛盾のない（叙述用法が多い）
corresponding（形容詞）,一致［対応］する、類似の、付随する（限定用法が多い）
incoming（形容詞）,やってくる、（潮などが）満ちてくる、（米）新入りの（限定用法）
inconsistent（形容詞）,一致しない、調和の欠けている、矛盾する、一貫性のない（叙述用法が多い）
interactive（形容詞）,相互に作用する、（コンピューターで）対話方式の、双方向の、インタラクティブな
irrelevant（形容詞）,関係のない、不適切な、見当違いの（叙述用法が多い）
lesser（形容詞）,（動物などが）より小型の、より劣った、より重要でない（限定用法）
northward（形容詞）,北へ向かう、北向きの（限定用法が多い）
northward（副詞）,北へ
parental（形容詞）,親の（ような）、親にふさわしい、母体となっている（限定用法が多い）
proportional（形容詞）,比例する、釣り合う、比例に基づく（叙述用法が多い）
proportional（名詞）,比例数［量］
removed（形容詞）,（距離・関係・時間などが）離れた、隔たった（叙述用法）、取り去られた
spatial（形容詞）,空間の、空間に存在する、空間的広がりのある（限定用法）
suburban（形容詞）,郊外の、郊外に住む、退屈な、偏狭な
unborn（形容詞）,まだ生まれていない、これから現れる、未来の、後世の
unequal（形容詞）,同等でない、等しくない、異なる、不釣り合いな、（叙述用法）適さない
unrelated（形容詞）,関係のない、親族でない
wandering（形容詞）,歩き回る、さすらう、さまよう、（考えなどが）取りとめない（限定用法）
bass（形容詞）,低音の、最低音部の、バス［ベース］（用）の
bass（名詞）,低音、バス、ベース
biographical（形容詞）,伝記の、伝記風の
descriptive（形容詞）,記述的な、説明的な、叙述的な
festive（形容詞）,祝祭の、お祭り気分の、華やいだ（限定用法が多い）
hereditary（形容詞）,遺伝性の、親譲りの、先祖代々の
illiterate（形容詞）,読み書きのできない、無学の、教養のない
introductory（形容詞）,紹介の、前置きの、導入の（限定用法が多い）
literal（形容詞）,文字通りの、逐語的な（限定用法が多い）
literate（形容詞）,読み書きができる、学識［教養］のある、洗練された
literate（名詞）,読み書きのできる人
paradoxical（形容詞）,逆説的な、矛盾した、奇妙な
philosophical（形容詞）,哲学の、哲学を研究する、理性的な、冷静な
postgraduate（形容詞）,（主に英）大学卒業後の、大学院の（限定用法が多い）
postgraduate（名詞）,（主に英）大学院生、研究科生
superstitious（形容詞）,迷信的な、迷信を信じる
amused（形容詞）,面白がっている、愉快になった、面白そうな（限定用法）
annoyed（形容詞）,困っている、悩んでいる、いらいらした、腹を立てた
appreciative（形容詞）,好意的な、真価が分かる、共感できる、感謝している
conceivable（形容詞）,考えられる、想像できる
contented（形容詞）,満足した、甘んじた
credible（形容詞）,信じられる、信用できる
detached（形容詞）,公平な、私心のない、分離した、一戸建ての
encouraging（形容詞）,激励の、勇気づける、励みになる
estimated（形容詞）,推定の、見積もりの、大体の
favored（形容詞）,好意を持たれている（以上は限定用法で）、恵まれた
hesitant（形容詞）,ためらって、ちゅうちょする
imaginable（形容詞）,（all、every、最上級の形容詞などを強調して）想像できる、考えられる限りの
impulsive（形容詞）,衝動的な、一時の感情による
incomprehensible（形容詞）,理解し難い、不可解な、無限の
involuntary（形容詞）,無意識の、何気なしの、不本意の
ironic（形容詞）,皮肉な、風刺的な、皮肉好きの
joyous（形容詞）,うれしい、喜びに満ちた
memorable（形容詞）,記憶すべき、（印象的で）記憶に残る、記憶しやすい
prickly（形容詞）,ちくちくする、（問題などが）厄介な
reminiscent（形容詞）,思い出させる、連想させる、しのばせる（叙述用法）
sarcastic（形容詞）,あざけりの、嫌みな、皮肉な
sensuous（形容詞）,感覚の、感覚を喜ばせる、官能的な
stressful（形容詞）,ストレスの多い、緊張を引き起こす
tempting（形容詞）,誘惑する、魅力的な
unforgettable（形容詞）,忘れられない、いつまでも記憶に残る
unsuspecting（形容詞）,疑わない、信用している（限定用法が多い）
adaptable（形容詞）,順応できる、順応性のある、融通の利く、柔軟な（叙述用法が多い）
adjustable（形容詞）,調節［調整］できる、順応できる
analog（形容詞）,アナログの
analytic（形容詞）,分析的な、分析に基づく（限定用法）
analytical（形容詞）,分析的な、分析に基づく、分析癖のある（限定用法）
assorted（形容詞）,各種取りそろえた、種種雑多の、調和の取れた
composite（形容詞）,各種の要素から成る、（米）合成の（限定用法が多い）
composite（名詞）,合成物、複合物
crooked（形容詞）,湾曲した、ねじれた、不正な、心の曲がった
curved（形容詞）,曲線状の、湾曲した
disabled（形容詞）,身体障害のある、（限定用法）身体障害者用の
disabled（名詞）,（the disabled で）身体障害者
disposable（形容詞）,使い捨ての、簡単に処分できる（限定用法が多い）
divided（形容詞）,分けられた、分かれた、分裂した
driven（形容詞）,追い詰められた、（複合語で）…で動く、…駆動の、…に駆られた
explanatory（形容詞）,（注釈などが）説明的な、説明のための（限定用法が多い）
extinct（形容詞）,死に絶えた、絶滅した、廃止された、廃れた
fading（形容詞）,徐々に色あせる、薄れる
finished（形容詞）,完成した、仕上がった、見事な、完全な
fragile（形容詞）,壊れやすい、もろい、つかの間の
illustrated（形容詞）,図解入りの、挿し絵［写真］がたくさん入った
implicit（形容詞）,暗黙の、暗に含まれた、潜在する、絶対の
implied（形容詞）,暗黙の、言外の
impractical（形容詞）,実用的でない、非現実的な、実践力のない、（主に米）実行不可能な
inaccessible（形容詞）,（場所などが）近づき難い、得難い、アクセスできない
inflexible（形容詞）,柔軟性がない、融通の利かない、頑固な
majestic（形容詞）,威厳のある、堂々とした、（木・山などが）雄大な
mobile（形容詞）,移動しやすい、可動性の（限定用法が多い）
mobile（名詞）,携帯電話、モビール（動く彫刻）
movable（形容詞）,動かせる、移動できる、（祝日などが）年によって日が変わる
mum（形容詞）,黙っている（叙述用法）
ongoing（形容詞）,継続している、進行中の（限定用法が多い）
raised（形容詞）,高くなった、酵母で膨らませた
recognizable（形容詞）,見分けのつく、認識［承認］できる
settled（形容詞）,固定［定着］した、（天気などが）落ち着いた、（問題などが）決着済みの
stationary（形容詞）,静止した、止まっている、固定された
superficial（形容詞）,表面的な、外見上の、浅薄な、実体のない
unbroken（形容詞）,壊れていない、完全な、連続した、（動物が）慣らされていない
underlying（形容詞）,表面下にある、内在する、基礎を成す、基本的な（限定用法）
undisturbed（形容詞）,乱されない、邪魔されない、平穏な、そのままにしてある
uneven（形容詞）,平らでない、でこぼこの、真っすぐでない、不規則な、奇数の
unfinished（形容詞）,終わっていない、未完成の、塗装していない
unsettled（形容詞）,（政情などが）不安定な、不穏な、（土地が）住民のいない、未解決の、未払いの
vulnerable（形容詞）,傷つきやすい、攻撃を受けやすい
decimal（形容詞）,小数の、十進法の
decimal（名詞）,小数
enduring（形容詞）,不朽の、永続的な、我慢強い（限定用法が多い）
quarterly（形容詞）,年4回の（限定用法）、4分の1の
unending（形容詞）,（よくないことが）いつまでも続く、果てしのない
advisable（形容詞）,望ましい、賢明な、勧められる
affirmative（形容詞）,肯定的な、賛成の、（米）積極的な（限定用法）
compelling（形容詞）,説得力のある、強制的な、やむにやまれぬ
conscientious（形容詞）,良心的な、実直な
considerate（形容詞）,思いやりのある、理解のある、察しのよい
cursed（形容詞）,のろわれた（以上は叙述用法が多い）、いまいましい（限定用法）
designing（形容詞）,腹黒い、ずるい、計画性のある、先見の明のある
designing（名詞）,設計（図）、意匠図案
disinterested（形容詞）,公平無私な、関心を持たない、冷淡な
homosexual（形容詞）,同性愛の、ゲイの
homosexual（名詞）,同性愛者、ゲイ
immoral（形容詞）,不道徳な、ふしだらな
impersonal（形容詞）,人間味のない、人格を持たない、個人的に関係ない、（文法で）非人称の
improbable（形容詞）,ありそう［起こりそう］もない、本当らしくない
indulgent（形容詞）,甘い、寛大な、大目に見る
innate（形容詞）,生まれながらの、生来の、固有の、本質的な（限定用法が多い）
inventive（形容詞）,発明の才のある、創意に富んだ
mischievous（形容詞）,いたずら好きな、茶目っ気のある、人に害を及ぼす
moody（形容詞）,気まぐれな、不機嫌な、憂うつな、ふさぎ込んだ
negligent（形容詞）,怠慢な、不注意な、無関心な、飾らない、自然のままの
predictable（形容詞）,予想［予言］できる、先の見えた
resolute（形容詞）,意志が固い、固く決心している、断固たる
shameless（形容詞）,恥知らずな、慎みのない、厚かましい
shrewd（形容詞）,抜け目のない、そつがない、鋭い
treacherous（形容詞）,不誠実な、裏切りをする、（記憶・天気などが）当てにならない、（水流などが）危険な
unfavorable（形容詞）,好ましくない、不利な、不運な
unfriendly（形容詞）,友好的でない、敵意のある
unfriendly（副詞）,非友好的に、不親切に
untrue（形容詞）,事実に反する、虚偽の、忠実でない、不正な、標準に合わない
alleged（形容詞）,申し立てられた、疑いを掛けられた、疑わしい（限定用法）
aristocratic（形容詞）,貴族の、貴族的な、貴族政治の
charitable（形容詞）,慈善（事業）の（以上は限定用法で）、寛大な、慈悲深い、情け深い
clerical（形容詞）,事務員の、書記の、（限定用法）聖職者の
clerical（名詞）,聖職者、牧師
confirmed（形容詞）,確認された、立証された、承認された（限定用法）
cosmopolitan（形容詞）,国際的な、多くの国の人から成る
cosmopolitan（名詞）,国際人、コスモポリタン
disciplinary（形容詞）,訓練の、規律上の、懲戒の、学問の（限定用法が多い）
freelance（形容詞）,自由契約［フリーランス］の
freelance（名詞）,自由契約の作家［俳優など］
freelance（副詞）,自由契約で、フリーランスで
governing（形容詞）,支配する、管理する、運営する（限定用法）
ideological（形容詞）,イデオロギーに関する、観念的な
incorporated（形容詞）,法人［会社］組織の、（米）有限責任の、合併した
informative（形容詞）,情報を提供する、知識を与える、有益な
integrated（形容詞）,統合された、完全な、差別をしない、平等の
judicial（形容詞）,裁判の、司法の、（選択などが）公正な（限定用法が多い）
licensed（形容詞）,認可された、免許を受けた、世間の認める
marketable（形容詞）,市場向きの、よく売れる、売買上の、取引の
nationalistic（形容詞）,国家主義的な、国粋主義的な
occupational（形容詞）,職業の、職業に関係のある、占領の（限定用法）
oppressive（形容詞）,圧制的な、不当に厳しい、（天候などが）不快な
organizational（形容詞）,組織に関する、組織的な、組織化する（限定用法が多い）
pending（形容詞）,未解決の、未決定の、懸案の
pending（前置詞）,…まで、…の間
pragmatic（形容詞）,実践的な、実利的な、実用主義の
preventive（形容詞）,予防の、防止に役立つ、妨害の（限定用法）
preventive（名詞）,予防薬、予防手段
problematic（形容詞）,問題のある、問題をはらむ、疑わしい
triumphant（形容詞）,勝利を収めた、成功した、勝ち誇った、意気揚々とした
aerial（形容詞）,空気の、大気の、航空機の［による］（限定用法）
bleak（形容詞）,荒涼とした、吹きさらしの、（見通しなどが）暗い
cloudless（形容詞）,一点の雲もない、晴れわたった、影のない（限定用法が多い）
leafy（形容詞）,葉の多い、葉で覆われた、葉状の
lunar（形容詞）,月の、月の運行で測った、（月のように）青白い、月に似た
sterile（形容詞）,（土地が）やせた、不毛の、不妊の、実のならない、無菌の
absorbing（形容詞）,（本などが）非常に面白い、夢中にさせる
arbitrary（形容詞）,任意の、独断的な、気ままな、（限定用法）専制的な
balanced（形容詞）,バランス［釣り合い］の取れた、安定した、公正な（限定用法が多い）
categorical（形容詞）,断定的な、絶対的な、無条件の、分類別の（限定用法が多い）
centigrade（形容詞）,（しばしば Centigrade で）セ氏の、百分度の
centigrade（名詞）,セ氏
conclusive（形容詞）,（証拠などが）決定的な、確実な、終結的な、終了させる
cubic（形容詞）,立方体の、体積の、立体の、三次元の、3乗の
deserved（形容詞）,受けて当然の、功罪に応じた、それだけの価値がある
durable（形容詞）,耐久力のある、長持ちする、丈夫な
durable（名詞）,（durables で）耐久消費財
emphatic（形容詞）,強調された、強勢のある、（人が）強調して
explicit（形容詞）,明快な、（限定用法が多い）あからさまの、露骨な
finite（形容詞）,限定された、限界のある、有限の
finite（名詞）,有限のもの
frail（形容詞）,虚弱な、ひ弱な、もろい、はかない
heavyweight（形容詞）,ヘビー級の、（目方が）普通以上に重い（限定用法）
heavyweight（名詞）,ヘビー級のボクサー、有力者
inaccurate（形容詞）,不正確な、不確かな、精密でない、ずさんな
incomplete（形容詞）,不完全な、不十分な、未完成の
ineffective（形容詞）,効果のない、無効な、無力な、役に立たない
inefficient（形容詞）,能率［効率］的でない、無能な、役に立たない
integral（形容詞）,不可欠の、肝要な、完全な、（数学で）積分の、整数の
integral（名詞）,全体、総体
intolerable（形容詞）,耐えられない、我慢できない、大変な
invaluable（形容詞）,計り知れないほど貴重な
lightweight（形容詞）,ライト級の、軽量の（限定用法）
lightweight（名詞）,ライト級のボクサー、小物
meaningful（形容詞）,意味のある、意味深長な、重要な
meaningless（形容詞）,意味のない、目的のない、無益な、価値のない
metric（形容詞）,メートル（法）の
negligible（形容詞）,無視してよい、取るに足らない、ごくわずかな
perilous（形容詞）,危険な、危険に満ちた、冒険的な
redundant（形容詞）,余分な、冗長な、余剰人員となった、過剰な、豊富な
scant（形容詞）,乏しい、…足らずの、（主に米）ぎりぎりの、不足気味の
shrill（形容詞）,甲高い、金切り声の、鋭い、（言葉などが）辛らつな
unconditional（形容詞）,無条件の、絶対的な、完全な
unfit（形容詞）,不適当な、適さない、（主に米）健康でない（叙述用法が多い）
unreal（形容詞）,実在しない、非現実的な、（信じられないくらい）素晴らしい
unsafe（形容詞）,安全でない、危険な
locally（副詞）,ある地方［場所］で、地元で、原産地で、地方的に
midway（副詞）,中途に、中程に
midway（名詞）,（米）催し物会場
hitherto（副詞）,（しばしば完了時制で）今まで、これまで
nightly（副詞）,夜に、毎夜
nightly（形容詞）,夜の、夜ごとの（限定用法）
acutely（副詞）,強く、激しく、ひどく、鋭く、敏感に
affectionately（副詞）,愛情を込めて、親しみを込めて
cleverly（副詞）,巧みに、利口に、器用に、如才なく
duly（副詞）,正当に、正しく、適切に、十分に
emphatically（副詞）,強調して、断固として、断然、徹底的に
exceptionally（副詞）,例外的に、異常に、非常に
faintly（副詞）,かすかに、少し、ぼんやりと、ほのかに
genuinely（副詞）,純粋に、本当に、心から
infinitely（副詞）,非常に、大いに、無限に、無数に
substantially（副詞）,相当、大幅に、実質的に（は）、大体は
sufficiently（副詞）,十分に、たっぷりと、足りるほど
alternatively（副詞）,（しばしば文頭で）二者択一的に、代わりに、あるいは
mutually（副詞）,互いに、相互に、共に
potentially（副詞）,潜在的に、もしかすると
purposely（副詞）,わざと、故意に
suspiciously（副詞）,疑わしげに、怪しそうに、うさんくさそうに
amid（前置詞）,…の真ん中に［で］、…に囲まれて、…の真っ最中に
versus（前置詞）,（競技・訴訟などで）…対、…に対して、…と対比して
assuming（接続詞）,…と仮定すれば、もし…とすれば
assuming（形容詞）,出しゃばった、生意気な
hurrah（間投詞）,フレー、万歳
drought（名詞）,日照り、干ばつ、欠乏
aggravate（他動詞）,…を悪化させる、（病状など）をさらに重くする、…をイライラさせる
amplify（他動詞）,…を増幅する、…を拡大する、…を拡張する
acoustic（形容詞）,音響（上）の、聴覚（上）の、楽器が生の（限定用法が多い）
animate（他動詞）,…に生気を与える、…を元気づける、…をアニメ化する
unconventional（形容詞）,型にはまらない、因習にとらわれない、自由な
assimilate（他動詞）,…を同化させる、…を融合させる、…を吸収する、…を消化する
assimilate（自動詞）,同化する
painstaking（形容詞）,骨の折れる、つらい、（人が）勤勉な（限定用法が多い）、念入りな
painstaking（名詞）,苦心
automate（他動詞）,（製造工程・工場・施設など）をオートメーション化する、…を自動化する、（製品）をオートメーションで製造する
automate（自動詞）,オートメーション化される、自動化される
semiconductor（名詞）,半導体
blacken（他動詞）,…を黒くする、…を暗くする、…を汚す
blacken（自動詞）,黒くなる、暗くなる
steeple（名詞）,（教会などの）尖塔、塔状の建物
crumble（他動詞）,…を粉々にする、…を砕く
crumble（自動詞）,粉々に崩れる
crumble（名詞）,（果物菓子の）クランブル
quartz（名詞）,石英
ore（名詞）,鉱石、原鉱、原石
gunpowder（名詞）,火薬
badger（名詞）,アナグマ
badger（他動詞）,…にしつこく言う、…を困らせる
deteriorate（自動詞）,悪化する、悪くなる、退廃する
contaminant（名詞）,汚染物質
daffodil（名詞）,ラッパズイセン、カナリア色
droop（自動詞）,（草木が）しおれる、弱る、だらりと垂れる、うなだれる
droop（他動詞）,…を垂らす
droop（名詞）,垂れ（てい）ること、垂下
electrify（他動詞）,（鉄道・住宅など）を電化する、…に電力を供給する、…を感電させる
gorge（名詞）,峡谷、通り道をふさぐもの
gorge（他動詞）,（gorge oneself で）腹いっぱいに詰め込む
icon（名詞）,イコン、偶像、偶像視される人、（コンピューターの）アイコン
embody（他動詞）,…を具象化する、…を具体化する
motherhood（名詞）,母性、母であること
erupt（自動詞）,（火山が）噴火する、（溶岩などが）噴出する
erupt（他動詞）,（溶岩など）を噴出させる
reef（名詞）,岩礁、暗礁、砂州、鉱脈
humane（形容詞）,人間味のある、慈悲深い、人道的な
enmity（名詞）,憎しみ、恨み、敵意
evaporate（自動詞）,消える、消滅する、蒸発する
evaporate（他動詞）,…を蒸発させる
freshen（他動詞）,…をさっぱりさせる、…を元気づける、…を新しくする
freshen（自動詞）,新しくなる
dreary（形容詞）,わびしい、物憂い
showroom（名詞）,ショールーム、陳列室
muscular（形容詞）,たくましい、筋肉の発達した、力強い
tattoo（名詞）,入れ墨
tattoo（他動詞）,…に入れ墨をする
glisten（自動詞）,ぎらぎら光る、きらきら輝く
glisten（名詞）,きらめき、閃光
manifesto（名詞）,マニフェスト、政権公約、宣言、声明
incur（他動詞）,…を被る、…に陥る、…を招く
condemnation（名詞）,（激しい）非難、有罪宣告
constituency（名詞）,支持者、後援団体、有権者、選挙区
modernize（他動詞）,…を現代風にする、…を当世風にする、…を近代［現代］化する
headdress（名詞）,頭飾り、ヘアスタイル
vogue（名詞）,（一時的な）流行、はやり、人気
constituent（名詞）,成分、構成物質［要素］、選挙有権者
constituent（形容詞）,構成する、選挙権を有する（限定用法）
cauliflower（名詞）,カリフラワー、ハナキャベツ
neutralize（他動詞）,…を無効にする、…を中和する
cholesterol（名詞）,コレステロール
vendor（名詞）,売人、物売り、行商人、売り子
outnumber（他動詞）,…を数で上回る、…に数で勝る
shopper（名詞）,買物客、宣伝ビラ
boulevard（名詞）,大通り、広い並木道
racist（名詞）,人種差別主義者
racist（形容詞）,人種差別主義者の
perpetuate（他動詞）,…を永続的な［不朽の］ものにする、…を永存させる
supremacy（名詞）,優位（性）、優越（性）、最高（級）、最高位
militant（形容詞）,好戦的な、武力［暴力］に訴える、交戦中の
militant（名詞）,闘争的［好戦的］な人
pervade（他動詞）,…中に広がる、…に充満する、…全体に普及［浸透］する
enrollment（名詞）,入学、記載、登録（者数）
preparatory（形容詞）,予備の、進学準備の、前置きの（限定用法）
plummet（自動詞）,（物価・株価などが）落ち込む、急落する、真っすぐに落ちる
intrinsic（形容詞）,本来備わっている、固有の、本質的な
kidney（名詞）,腎臓、気質
purify（他動詞）,…を浄化する、…から不純物を取り除く
tumor（名詞）,腫瘍
recur（自動詞）,再発する、（数字などが）循環する
lethal（形容詞）,致命的な、死に至る、（薬などが）致死量の、（攻撃などが）決定的な
forefinger（名詞）,人さし指、食指
redden（自動詞）,赤くなる
redden（他動詞）,…を赤くする
inflammation（名詞）,炎症
sliding（形容詞）,引いて開ける方式の、滑る
depot（名詞）,倉庫、（バスなどの）発着所、車庫
squeak（自動詞）,キーキー音を立てる、チューチュー鳴く
squeak（名詞）,きしる音
contamination（名詞）,汚染、汚濁、汚染物質
stink（自動詞）,悪臭を放つ
stink（名詞）,悪臭、悪評
sardine（名詞）,イワシ
tart（形容詞）,ぴりっとした、酸っぱい、辛辣な
muffin（名詞）,マフィン
taint（他動詞）,（食べ物）を傷ませる、（空気・水など）を汚染する、（名誉・評判など）を汚す
taint（名詞）,痕跡、汚染、汚点、不名誉
taper（自動詞）,次第に減る［小さくなる］、先細になる
taper（他動詞）,…を徐々にやめる
taper（名詞）,先細になること
unprecedented（形容詞）,前例［先例］のない、空前の
sanction（名詞）,制裁（措置）、認可
sanction（他動詞）,…を制裁する、…を認可する
chronic（形容詞）,（病気が）慢性の、（好ましくない状況が）長い間続いている、年来の（限定用法）
ailment（名詞）,病気、不快
void（名詞）,喪失感、空虚感、空間
void（形容詞）,無効の、欠けた
void（他動詞）,…を無効にする
undermine（他動詞）,（健康・体力など）を徐々に衰えさせる、（名声など）をひそかに傷つける、…の下を掘る、…に坑道を掘る
validate（他動詞）,…を法的に有効にする、…の正当性を立証する、（コンピューターで）…を認証する
segregation（名詞）,人種差別（待遇）、分離
holocaust（名詞）,大虐殺、大破壊、（the Holocaust で）ナチスによるユダヤ人虐殺
scrutiny（名詞）,精密な調査、監視
attest（自動詞）,証明する、証言する
attest（他動詞）,…を証明［実証］する、…の証拠となる
validity（名詞）,正当性、妥当（性）、効力
socioeconomic（形容詞）,社会経済の、社会経済的な
barter（他動詞）,…を物々交換する
barter（名詞）,物々交換
poultry（名詞）,家禽、飼っている鳥類（以上は複数扱い）、家禽の肉（以上は単数扱い）
collaborate（自動詞）,協力する
vegetation（名詞）,植生、植物
converse（自動詞）,談話する、意見を交わす
organizer（名詞）,主催者、組織者、（情報などを）整理するもの
malicious（形容詞）,悪意のある、意地の悪い
degrade（他動詞）,…の体面を傷つける、…の評判を落とす、…の品質［品位］を落とす
degrade（自動詞）,堕落する、品位を落とす
broadcaster（名詞）,（テレビの）キャスター、アナウンサー、放送出演者
denounce（他動詞）,…を（公然と）非難する、…を告発する
superstar（名詞）,スーパースター
misfit（名詞）,はみ出し者、よく合わないもの
dub（他動詞）,…にあだ名をつける
mindless（形容詞）,愚かな、思慮のない、容赦しない
earthworm（名詞）,ミミズ
empower（他動詞）,…に権利を与える、…の地位を向上させる
inhuman（形容詞）,非人間的な、冷酷な
sovereignty（名詞）,統治権、主権、君主であること、独立国
entice（他動詞）,…をそそのかす、…を誘惑する
meek（形容詞）,おとなしい、柔和な
prank（名詞）,（悪意のない）いたずら
northwestern（形容詞）,北西の、北西部の、（風などが）北西からの
herald（他動詞）,…の到来を告げる
herald（名詞）,王の使者、予兆、先触れ
herring（名詞）,ニシン、ニシンの肉
impeach（他動詞）,…を弾劾する、…を告発する
petty（形容詞）,ささいな、つまらない、しみったれた、卑劣な
immeasurable（形容詞）,計り知れない、計れない、広大な
constable（名詞）,巡査
interrogate（他動詞）,…を尋問する、…を問いただす、…に質問する
unidentified（形容詞）,身元不明の、未確認の、確認できない、匿名の
metro（名詞）,地下鉄、メトロ（以上は通常 the metro で）、主要都市圏の行政府
metro（形容詞）,主要都市圏の
dictatorship（名詞）,独裁政権、独裁権
intimidate（他動詞）,…を脅迫する、…を怖がらせる
stereotype（名詞）,決まり文句、固定観念、ステレオタイプ
stereotype（他動詞）,（通常 be stereotyped で）…を型にはめる
patriotism（名詞）,愛国心
freak（名詞）,熱狂的ファン、…狂、変人、麻薬中毒者
freak（形容詞）,異常な（限定用法）
mimic（他動詞）,…をまねする、…によく似る
mimic（名詞）,まねの上手な人
mimic（形容詞）,偽の（限定用法）
affected（形容詞）,気取った、きざな
disobedient（形容詞）,反抗的な、服従しない
misdirect（他動詞）,…を誤って教える、…に誤った宛名を書く、（攻撃など）の狙いを誤る
mystify（他動詞）,…を煙に巻く、…を面食らわせる、…を欺く、…を神秘的にする
incoherent（形容詞）,（話などが）支離滅裂な、つじつまの合わない、首尾一貫しない、まとまりのない
soaked（形容詞）,（英）ずぶぬれの、染み込んだ、酔っぱらった
widower（名詞）,男やもめ
pester（他動詞）,…にしつこくせがむ、…をしつこく悩ませる
publicize（他動詞）,…を発表［公表］する、…の広告を出す、…を宣伝する
merchandising（名詞）,商品化計画、販売促進戦略、（映画・アニメ・イベントなどの）キャラクター商品、プロモーション用グッズ
prototype（名詞）,プロトタイプ、原型、試作品
cameraman（名詞）,カメラマン、撮影技師
seduce（他動詞）,…を誘惑する、…を引き付ける
naive（形容詞）,世間知らずの、単純な、無邪気な
naive（名詞）,うぶな人
snub（他動詞）,…を鼻であしらう、…をわざと無視する、（たばこの火）をもみ消す
snub（名詞）,鼻であしらうこと、冷遇
psychiatry（名詞）,精神医学
assassination（名詞）,暗殺
stun（他動詞）,…に衝撃を与える、…をびっくりさせる、…を気絶［失神］させる
discoverer（名詞）,発見者、創案者
unveil（他動詞）,…を発表［公表］する、（秘密など）を明かす、…のベールをはずす
affluent（形容詞）,裕福な、富裕な、（経済的に）豊かな、豊富な
rectangular（形容詞）,長方形の、直角の
activate（他動詞）,…を作動させる、…を起動させる、…を活性化する
generator（名詞）,発電機、（ガスなどの）発生器、（コンピューターで）生成プログラム
boarder（名詞）,下宿人、寄宿生、寮生
crunch（自動詞）,ボリボリかじる［かむ］、バリバリ砕ける
crunch（名詞）,物が砕ける音、（経済・財政上の）危機
pickle（名詞）,ピクルス、ピクルスソース
pickle（他動詞）,…をピクルスにする
rocker（名詞）,揺りいす、ロック歌手
granddad（名詞）,おじいさん
cuddle（他動詞）,…を抱き締める、…にすり寄る
cuddle（自動詞）,ぴったりと寄り添う
cuddle（名詞）,抱き締めること
throng（名詞）,群衆、雑踏
throng（自動詞）,（場所に）群がる、殺到する
throng（他動詞）,（場所）に群がる、…に殺到する
encircle（他動詞）,…を取り囲む、…を取り巻く、…の周りを回る
legislature（名詞）,議会、立法機関
thrush（名詞）,ツグミ（の類）
hover（自動詞）,（空を）舞う、浮かぶ、（空中で）停止する、（ヘリコプターなどが）ホバリングする、ためらう
hover（名詞）,ホバリング
caterpillar（名詞）,毛虫、芋虫、（通常 Caterpillar で）キャタピラー、（商標）無限軌道式トラクター
psychiatrist（名詞）,精神科医
waistcoat（名詞）,（男性用の）チョッキ、ベスト
jot（他動詞）,…を（手早く）書き留める
respondent（名詞）,回答者、応答者
respondent（形容詞）,応答する、反応する
chunk（名詞）,大きい塊、かなりの量
munch（自動詞）,むしゃむしゃ食べる
munch（他動詞）,…をむしゃむしゃ食べる
nutritious（形容詞）,滋養の多い、栄養になる、健康によい
buck（名詞）,雄ジカ、ドル、金
buck（他動詞）,…に抵抗する
breeding（名詞）,繁殖、飼育、しつけ、教養
nip（他動詞）,…をかむ、…をつまむ、…をはさみ切る、…をはばむ
nip（名詞）,はさむこと、厳しい寒さ
assassin（名詞）,暗殺者
revolver（名詞）,リボルバー、回転式連発拳銃
peek（自動詞）,（そっと）のぞく、盗み見する
peek（名詞）,のぞき見（すること）
poke（他動詞）,…を突く、…をつつく、…を突っ込む
poke（名詞）,突く［つつく］こと
toothpick（名詞）,ようじ
yolk（名詞）,卵黄
pry（他動詞）,…をてこで動かす、（情報・金など）を苦労して引き出す
roadside（形容詞）,道路沿いの（限定用法）
roadside（名詞）,道端
boulder（名詞）,巨石
rehearse（他動詞）,…をけいこする、…を詳しく述べる
animated（形容詞）,生き生きとした、活気にあふれた、アニメの、動画の
monologue（名詞）,独白、一人芝居
bellboy（名詞）,（ホテルなどの）ベルボーイ（性差別語とされるため page や bellhop を用いる方がよい）
retrace（他動詞）,…を引き返す、…を注意して見直す、…を回想する、…をさかのぼって調べる
blizzard（名詞）,猛吹雪
sling（他動詞）,…を投げる、…を投げつける、…を放る
sling（名詞）,投石器、三角きん、つり革、パチンコ
snowball（名詞）,雪玉、雪だるま式に大きくなるもの
snowball（自動詞）,加速度的に大きくなる
snowball（他動詞）,…を加速度的に大きくする
rustic（形容詞）,田舎の、素朴な、粗野な（限定用法が多い）
rustic（名詞）,田舎者
intolerant（形容詞）,我慢できない、耐えられない、大変な
spank（他動詞）,（体罰として）…の尻を（平手などで）ピシャリとたたく
spank（名詞）,平手打ち
signing（名詞）,調印、署名、契約
pact（名詞）,条約、契約、約束
surge（自動詞）,（波のように）押し寄せる、打ち寄せる、（感情が）沸き上がる
surge（名詞）,殺到、電圧変化
swoop（自動詞）,急降下する、突然襲い掛かる
swoop（名詞）,不意の襲撃
reservoir（名詞）,ため池、貯水池、（知識などの）蓄積
carp（名詞）,コイ
sled（名詞）,そり
sled（自動詞）,そりで滑る
thump（自動詞）,激しく当たる、ゴツンと当たる
thump（他動詞）,…を激しくひっぱたく、…をゴツンとたたく
thump（名詞）,ゴツンという音、強打
lamppost（名詞）,街灯柱
twitch（自動詞）,（体の一部が）ぴくっと動く
twitch（他動詞）,（体の一部）をぴくっと動かす、…をぐいと引っ張る
twitch（名詞）,けいれん
pang（名詞）,（しばしば pangs で）（激しい）痛み、激痛、悲痛
forearm（名詞）,前腕
showy（形容詞）,派手な、けばけばしい、人目を引く
unbutton（他動詞）,（衣服）のボタンを外す、（ボタン）を外す、（心の内）を打ち明ける
snug（形容詞）,（衣服などが）体にぴったりの、居心地のよい、暖かくて気持ちのよい
mournful（形容詞）,悲しげな、死者を悼む、陰気な
hoot（名詞）,フクロウの鳴き声、叫び声
hoot（自動詞）,わめく、叫ぶ、やじる
wail（自動詞）,泣き叫ぶ、もの悲しい音を出す
wail（他動詞）,…と泣き叫ぶように言う
supersonic（形容詞）,超音速の
abbreviate（他動詞）,…を省略する、…を短縮する
abort（他動詞）,（計画など）を中止する、（胎児）を（人工）流産させる、（プログラム）の実行を中止する
abort（自動詞）,（計画などが）頓挫する、流産する、（コンピューターが）異常終了する
abort（名詞）,（計画などの）中止、（プログラム処理の）打ち切り
environmentalist（名詞）,環境保護主義者、環境問題専門家
affix（他動詞）,（切手・荷札など）を張る、…を添付する
affix（名詞）,接辞
censorship（名詞）,検閲（制度）
anarchist（名詞）,無政府主義者、アナーキスト
agitate（自動詞）,アジる、扇動する、世論をかき立てる
agitate（他動詞）,…をかき乱す、…をかき混ぜる、…を扇動する
commercialism（名詞）,商業主義、営利主義
alienate（他動詞）,…を遠ざける、…を疎外する
ruthless（形容詞）,情け容赦のない、残酷な、無慈悲な
allot（他動詞）,…を割り振る、…を割り当てる、…を分配する
laborious（形容詞）,骨の折れる、困難な、つらい、（作品などが）苦心の跡がある
sheriff（名詞）,（郡の）保安官、州長官
apprehend（他動詞）,…を逮捕する、…を捕える、…を懸念する
notorious（形容詞）,悪名高い、名うての
villain（名詞）,悪党、悪者、悪役
avert（他動詞）,…を防ぐ、…を避ける、（視線など）をそらす、（顔など）をそむける、…を転ずる
dynasty（名詞）,王朝、王家、王朝［王家］の統治期間、支配者層
unrest（名詞）,（社会・政治的な）不安、不穏（な状態）、社会的動揺
censor（他動詞）,…を検閲する
censor（名詞）,検閲官
pretext（名詞）,口実、名目、言い訳、弁解
oversight（名詞）,監督、監視、見過ごし、手落ち
decree（名詞）,法令、布告
decree（他動詞）,（法令で）…を命じる、…を布告する
decree（自動詞）,法令を定める
centralize（他動詞）,…を中央集権化する、…を中心に集める、…を集中させる
illogical（形容詞）,不合理な、非論理的な、筋の通らない、ばかげた
bonfire（名詞）,大かがり火、たき火
chant（他動詞）,…を唱える、…を歌う、…を詠唱する、…を繰り返し言う［叫ぶ］
chant（名詞）,歌、唱歌、シュプレヒコール
grandeur（名詞）,偉大さ、重々しさ、威厳
gravel（名詞）,砂利
pulp（名詞）,パルプ、どろどろしたもの、果肉
pulp（他動詞）,…をパルプ（状）にする
clog（他動詞）,…を詰まらせる、…の動きを妨げる
clog（名詞）,障害物、邪魔なもの
sewer（名詞）,下水管
townspeople（名詞）,町の住民、都会人
commemorate（他動詞）,…を記念する、…を祝う、…を哀悼する
bust（名詞）,胸像、胸囲
loyalist（名詞）,愛国者、忠臣
confound（他動詞）,…を混同する、…を困惑させる、…をまごつかせる
deceptive（形容詞）,当てにならない、人をだます、惑わせるような、見掛け倒しの
hypocrite（名詞）,偽善者
amenity（名詞）,娯楽、生活を楽しくする物、快適さ
dabble（自動詞）,ちょっと手を出す、かじる
dabble（他動詞）,…に水をはねかける
billiards（名詞）,ビリヤード（単数扱い）
billiards（形容詞）,（billiard で）ビリヤードの
stepmother（名詞）,継母
darn（他動詞）,…を繕う、…をのろう
zigzag（形容詞）,ジグザグの（限定用法）
zigzag（名詞）,ジグザグ
zigzag（自動詞）,ジグザグに進む
nick（名詞）,切り込み、（目印としてつける）刻み目、（小さな）切り傷、欠けたところ
nick（他動詞）,…に刻み目をつける
extended（形容詞）,延長した、伸びた、広範な、広大な
deduct（他動詞）,…を差し引く、…を推論する
tuition（名詞）,授業料（tuition fee）、教育
loading（名詞）,荷重、荷積み、ローディング、（データの）読み込み
deform（他動詞）,…を変形させる、…を奇形にする
detain（他動詞）,…を拘留する、…を引き留める
solicitor（名詞）,事務弁護士、法務官、勧誘員
cocaine（名詞）,コカイン
insecurity（名詞）,不安感、不安定、頼りなさ
deter（他動詞）,…を思いとどまらせる、…を抑止する
heiress（名詞）,女子相続人
extravagance（名詞）,浪費、乱費、行き過ぎ
contestant（名詞）,出場者、競技［競争］者
devalue（他動詞）,…の価値を落とす、…の平価を切り下げる
myriad（形容詞）,無数の（限定用法）
myriad（名詞）,無数
diffuse（他動詞）,…を放出する、…を発散する、…を広める
diffuse（自動詞）,拡散する、普及する
diffuse（形容詞）,広がった、拡散した
dioxide（名詞）,二酸化物
dilute（他動詞）,…を薄める
dilute（形容詞）,薄い、あせた（限定用法）
porridge（名詞）,かゆ、ポリッジ
trolley（名詞）,路面［市街］電車、トロッコ、（食事を運ぶ）ワゴン車
disconnect（他動詞）,…を切り離す、…を分離する、…の接続を断つ
upland（形容詞）,高地の、高地にある（限定用法）
upland（名詞）,高地、高原地方
conditioner（名詞）,（髪の）コンディショナー、薬剤、調節器
disfigure（他動詞）,…の外観を損なう、…に傷をつける
allergic（形容詞）,アレルギーの、アレルギー体質を持った、大嫌いな
distill（他動詞）,…を蒸留する、…の要点を抜き出す
prohibition（名詞）,禁止、酒類の製造販売禁止、（しばしば Prohibition で）禁酒法
tribunal（名詞）,法廷、裁判所
diverge（自動詞）,（意見が）異なる、分岐する
diverge（他動詞）,…をそらす
verdict（名詞）,評決、判断
intern（名詞）,インターン
doze（自動詞）,うたた寝する、ぼんやりしている
doze（名詞）,居眠り、うたた寝
intermission（名詞）,休憩時間、休止、合間
enlighten（他動詞）,…を啓発する、…を教え導く、…に教える、…に知らせる
sinner（名詞）,（道徳・宗教上の）罪人
scripture（名詞）,（通常 the Scripture で）聖書、（時に Scripture で）聖句
insensitive（形容詞）,（言葉などが）無神経な、（状況・感情などに）鈍感な、（刺激などに対して）無感覚な
sarcasm（名詞）,嫌み、あざけり
enrage（他動詞）,…を激怒させる
stepfather（名詞）,継父
entrust（他動詞）,…を任せる、…を預ける
caretaker（名詞）,管理人、世話人
caretaker（形容詞）,代理の、暫定の
fixture（名詞）,備品、定着物、居座った人
evacuate（他動詞）,…を立ち退かせる、…を避難させる、（建物など）から避難する、…を排せつ［排出］する
evacuate（自動詞）,避難する、排出する
occupant（名詞）,居住者、占有者
avalanche（名詞）,雪崩、（an avalanche of … で）殺到する…
avalanche（他動詞）,…に押し寄せる
avalanche（自動詞）,押し寄せる、殺到する
evade（他動詞）,（質問など）をかわす、…をはぐらかす、（攻撃など）を避ける、…を逃れる
briefing（名詞）,簡単な報告［指令］、状況説明
layoff（名詞）,レイオフ、一時解雇、一時休止期間
marijuana（名詞）,マリファナ、インド大麻
impair（他動詞）,…を損なう、…を悪くする、…を減じる
cheeky（形容詞）,生意気な、厚かましい、ほおの垂れ下がった
infuriate（他動詞）,…を激怒させる
godmother（名詞）,名付け親、教母、後見人
irrigate（他動詞）,…をかんがいする、…に水を注ぐ、…を活性化させる
heath（名詞）,ヒースの荒野（以上は［英］）、ヒース
beet（名詞）,ビート、カエンサイ
resourceful（形容詞）,臨機の才のある、資源に富む
juggle（他動詞）,…を器用に［手際よく］こなす
juggle（自動詞）,曲芸をする
sibling（名詞）,兄弟、姉妹
aerobic（形容詞）,エアロビクスの、（細菌などが）好気性の（限定用法）
adorable（形容詞）,愛らしい、かわいい、崇拝できる
kindle（他動詞）,…に火をつける、…の火をおこす、…を燃え立たせる
kindle（自動詞）,火がつく、燃え始める
bomber（名詞）,爆撃機
localize（他動詞）,…を特定の場所［地域］に限定する、…に地方色を与える、（コンピューター）をローカライズ［現地語化］する
battlefield（名詞）,戦場
madden（他動詞）,…を激怒させる、…をかんかんに怒らせる、…の気を変にする
inning（名詞）,（野球の）回、イニング
tabloid（名詞）,タブロイド紙
tabloid（形容詞）,タブロイド判の、大衆紙の（限定用法）
defenseless（形容詞）,無防備の、無力な
manipulate（他動詞）,…を巧みに操作［処理］する、…を操る、（資料など）に手を加える、…をごまかす
subcommittee（名詞）,小委員会
chronicle（名詞）,（しばしば chronicles で）年代記、歴史、（the Chronicle で）…新聞
chronicle（他動詞）,…を年代順に記録する
pagan（名詞）,異教徒、多神教徒
pagan（形容詞）,異教の、異教的な（限定用法）
massacre（他動詞）,…を（大量に）虐殺する、…を完敗させる
massacre（名詞）,大虐殺、完敗
unification（名詞）,統合、統一、結合（状態）
maximize（他動詞）,…を最大限にする、…を極限まで増す
exemption（名詞）,控除（額）、免除（する［される］こと）
misuse（他動詞）,…を誤用する、…を悪用する
misuse（名詞）,悪用、誤用
pesticide（名詞）,殺虫剤、除草剤
robin（名詞）,コマドリ、コマツグミ
regiment（名詞）,連隊、（通常 regiments [of …] で）（…の）大群
mobilize（他動詞）,…を（戦時）動員する、…を結集する、…を準備する
monopolize（他動詞）,…を独占する
petroleum（名詞）,石油
phenomenal（形容詞）,並でない、驚くべき
moor（他動詞）,…を停泊させる
moor（名詞）,荒れ地、湿原地
steamboat（名詞）,蒸気船
hazy（形容詞）,もやのかかった、かすみがかった、ぼんやりした
gravestone（名詞）,墓石、墓碑
obstruct（他動詞）,…をふさぐ、…を通りにくくする、…を妨げる、…を妨害する
bog（名詞）,沼地、湿地帯
opt（自動詞）,選ぶ、決める
renowned（形容詞）,有名な、高名な
recreational（形容詞）,娯楽の、気晴らしの、休養の（限定用法が多い）
auditor（名詞）,監査役、会計検査官、聴講生
overestimate（他動詞）,…を高く見積もり過ぎる、…を過大評価する、…を買いかぶる
overestimate（名詞）,過大評価
duchess（名詞）,公爵夫人、女性の公爵
superintendent（名詞）,指導監督者、管理者
oversee（他動詞）,…を監督する、…をこっそり見る
spinner（名詞）,紡績工、紡績機、スピナー（水中でぐるぐる回るルアー）
reluctantly（副詞）,渋々、嫌々ながら
persevere（自動詞）,辛抱強くやり抜く、頑張って（最後まで）やり通す、耐える
diabetes（名詞）,糖尿病（通常単数扱い）
hormone（名詞）,ホルモン
pinpoint（他動詞）,…を正確に指摘［特定］する、…の位置を正確に示す
pinpoint（名詞）,ピンの先端、非常に小さいもの
pinpoint（形容詞）,正確な、精密照準の（限定用法）
extinction（名詞）,絶滅、死滅、消灯、消火
emigrant（名詞）,移民、移住者
ply（他動詞）,…に精を出す、…をせっせと働かせる、…を盛んに勧める
gutter（名詞）,溝、どん底の生活、（通常 the gutter で）貧民街
horrid（形容詞）,忌まわしい、恐ろしい、ひどく不快な
din（名詞）,（絶え間なく続く）騒音
din（他動詞）,…を騒音で悩ます
din（自動詞）,騒音を立てる
punctuate（他動詞）,…を中断させる、…に句読点を付ける、…を強調する
privileged（形容詞）,特権のある
purge（他動詞）,…を追放する、…を清める
purge（名詞）,浄化、追放
fatherland（名詞）,祖国、故国（通常単数形で；性差別語とされるため homeland を用いる方がよい）
aggressor（名詞）,侵略者、攻撃者
ravage（他動詞）,…を略奪する、（戦争・天災などが）…を破壊する
ravage（名詞）,破壊、損傷、損壊
rearrange（他動詞）,…を配置［配列］し直す、…を再整理する
partition（名詞）,パーティション、仕切り、分割
partition（他動詞）,…を分割する、（部屋など）を仕切る
rebuke（他動詞）,…をしかる、…を強く非難する
rebuke（名詞）,叱責、非難
chauffeur（名詞）,お抱え運転手
chauffeur（自動詞）,お抱え運転手として働く
chauffeur（他動詞）,…を車で案内して回る
indecent（形容詞）,下品な、不作法な、わいせつな
squad（名詞）,一団、チーム、特殊部隊、特捜班
pickup（名詞）,（貨物などの）積み込み、（荷物の）集配、（セックスが目的の）一夜だけの女性
pickup（形容詞）,間に合わせの（限定用法）
recapture（他動詞）,…を再逮捕する、…を再び捕らえる、…を取り戻す、…を思い出す
recapture（名詞）,回復、再逮捕
rectify（他動詞）,…を修正［訂正］する、…を調整する
warranty（名詞）,（品質の）保証（書）
thermostat（名詞）,サーモスタット、温度自動調節器
redeem（他動詞）,…の名誉を挽回する、（欠点など）を補う、（人の罪）を償う、（商品券などを商品など）と引き換える
armful（名詞）,腕いっぱいの量、一抱え
blooming（形容詞）,花の咲いた、若々しく美しい、盛りの、（英）ひどい
pensioner（名詞）,年金受給者［生活者］
reenter（他動詞）,…に入り直す、…を再記入する
biotechnology（名詞）,生命［生物］工学、バイオテクノロジー
reestablish（他動詞）,…を再建する、…を回復する
prewar（形容詞）,戦前の（限定用法が多い）
parish（名詞）,教区、行政区
renounce（他動詞）,…を断念する、…を放棄する、…と関係を断つ
exertion（名詞）,（権力などの）行使、努力、骨折り、激しい活動
justifiable（形容詞）,正当と認められる、弁護できる
lighthearted（形容詞）,愉快な、のんきな、気楽な
jest（名詞）,冗談、しゃれ、冷やかし
jest（自動詞）,からかう
jest（他動詞）,…をからかう
repress（他動詞）,…をこらえる、…を抑制する
retrieve（他動詞）,…を検索する、…を取り戻す、…を回復する、（猟犬が獲物）を捜して取ってくる
retrieve（名詞）,回収、回復
inventory（名詞）,在庫（以上は［米］）、目録、在庫品一覧、棚卸し表
woodwork（名詞）,木工品、木工技術
admittedly（副詞）,確かに、認めざるを得ないことだが
rig（他動詞）,…を不正に操作する、（船など）に取り付ける、…を装備する
rig（名詞）,掘削装置、（船の）帆装
anarchy（名詞）,無政府状態、政治的［社会的］混乱
breeder（名詞）,畜産家、ブリーダー、増殖炉
segregate（他動詞）,（病人・感染者など）を隔離する、…を分離する、…を（人種）差別する
segregate（自動詞）,分離する
rascal（名詞）,悪がき、いたずら者、わんぱく小僧、悪漢
shoplift（自動詞）,万引する
shoplift（他動詞）,…を万引する
shun（他動詞）,…を避ける
unavailable（形容詞）,人に会えない、入手できない、利用できない、（人が）手がふさがっている
sift（自動詞）,詳しく調べる、精査する、吟味する、ふるいにかける
sift（他動詞）,…を詳しく調べる、…を精査する、…を吟味する、…をふるいにかける
sampling（名詞）,標本、標本抽出、サンプリング、試食
parasite（名詞）,寄生生物、寄生虫、ヤドリギ
inexplicable（形容詞）,説明がつかない、不可解な
smelt（他動詞）,（鉱石）を溶解する
solicit（他動詞）,…を嘆願する、…を懇願する、…を誘う、…をそそのかす
solicit（自動詞）,懇願する
transfusion（名詞）,輸血（blood transfusion）、注入
distracted（形容詞）,取り乱した、気を散らされた
stifle（他動詞）,…を窒息させる、（笑い・あくびなど）を抑える、（反乱など）を鎮圧する
sickly（形容詞）,病気がちの、病弱な
sickly（副詞）,病的に
subscribe（自動詞）,（新聞・雑誌などを）予約購読する
jigsaw（名詞）,ジグソーパズル（jigsaw puzzle）、糸のこ
lovable（形容詞）,愛らしい、かわいい、愛すべき
penguin（名詞）,ペンギン
adversity（名詞）,逆境、不運、不幸な出来事
swap（他動詞）,…を交換する
swap（名詞）,交換
banjo（名詞）,バンジョー
synthesize（他動詞）,…を合成する、…を総合的に扱う
vaccine（名詞）,ワクチン
immunity（名詞）,免疫、免除、免責
terminate（他動詞）,…を終わらせる、…を終結させる、（契約）を解除する
terminate（自動詞）,終わる、終結する
uninterrupted（形容詞）,途切れない、連続する
siege（名詞）,包囲攻撃
linguist（名詞）,言語学者、数カ国語に通じた人
transcribe（他動詞）,…を書き換える、（録音など）を文字に起こす、（曲）を（他の楽器で演奏するように）編曲する
dogma（名詞）,教義、教理、定説、独断
fingertip（名詞）,指先、指サック
pane（名詞）,窓ガラス、窓枠、羽目板
trickle（自動詞）,したたり落ちる、漏れる
trickle（名詞）,しずく、少量
unleash（他動詞）,…を解き放つ、（抑えていたもの）を爆発させる、…の革ひもを解く
egoistic（形容詞）,利己的な
barbarism（名詞）,野蛮、未開（な状態）、野蛮な行為
unpack（他動詞）,（包み・容器など）を開ける、…の中身を出す、…を分析する
bin（名詞）,ふた付きの容器、（ワインなどの）貯蔵所
mayonnaise（名詞）,マヨネーズ
verify（他動詞）,…を確かめる、…を実証する、…を照合する
copyright（名詞）,著作権、版権
copyright（形容詞）,版権で保護された
linguistics（名詞）,言語学（単数扱い）
programmer（名詞）,プログラマー
browse（自動詞）,目を通す、拾い読みする、（インターネットで）閲覧する
browse（他動詞）,…に（ざっと）目を通す、…を拾い読みする、（ウェブサイトなど）を閲覧する
specification（名詞）,設計明細書、仕様書（以上は通常 specifications で）、明細事項
knockout（名詞）,すごい美人、素晴らしいもの、たたきのめすこと、（ボクシングで）ノックアウト
knockout（形容詞）,猛烈な、魅惑的な、（打撃などが）決定的な（限定用法）
captivate（他動詞）,…の心を奪う、…を魅了する、…を夢中にする
playwright（名詞）,劇作家
crave（他動詞）,…を切望する、…を要求する
crave（自動詞）,切望する
renown（名詞）,名声、有名、高名
cynical（形容詞）,皮肉っぽい、冷笑的な、疑う、認めない、ひねくれた
denote（他動詞）,…を意味する、…を示す、…という名称である
gratification（名詞）,満足、大喜び、満足を与えるもの
epic（形容詞）,壮大な、叙事詩の
epic（名詞）,叙事詩、長編英雄小説
evoke（他動詞）,（感情・記憶など）を呼び起こす、…を呼びさます、…を喚起させる、…を誘い出す
reminiscence（名詞）,思い出、記憶、（通常 reminiscences で）思い出話
sage（名詞）,賢者
sage（形容詞）,賢い、厳粛な
antiquity（名詞）,大昔、古代、（通常 antiquities で）古代の遺物
foretell（他動詞）,…を予言する、…を予告する
hospice（名詞）,ホスピス、宿泊所
harass（他動詞）,…を（繰り返し）悩ます、…を絶えず困らせる、…を苦しめる
hygiene（名詞）,衛生（状態）、健康法、衛生学
infer（他動詞）,…と推論する、…と結論する
speck（名詞）,しみ、少量
butler（名詞）,執事
cult（名詞）,カルト教団、狂信的教団、崇拝
cult（形容詞）,（特定の人々の間で）人気のある、カルトの（限定用法）
infuse（他動詞）,…に（考えなどを）吹き込む、…を注ぎ込む、…を煎じる
conformity（名詞）,服従、順応、画一、類似
alpine（形容詞）,高山（性）の、非常に高い、（Alpine で）アルプスの（限定用法）
alpine（名詞）,高山植物（alpine plant）
intrigue（他動詞）,…の好奇心［興味］をそそる
intrigue（自動詞）,計略で達成する、陰謀を企てる
botanist（名詞）,植物学者
archbishop（名詞）,（しばしば Archbishop で）大司教
ponder（他動詞）,…について（じっくり）考え込む、熟考する
ponder（自動詞）,考え込む
discord（名詞）,不和、不一致
discord（自動詞）,不和である、一致しない
childless（形容詞）,子供のない
rediscover（他動詞）,…を再発見する
lengthy（形容詞）,長くて退屈な、非常に長い
marital（形容詞）,結婚の、結婚した、夫婦の
surmise（他動詞）,…を推測する、…を推量する
surmise（名詞）,推測、推量
runaway（名詞）,逃亡者、家出人
runaway（形容詞）,逃亡した、楽勝の、（状況などが）手に負えない
boarding（名詞）,乗船、乗車、板張り、寄宿
enlargement（名詞）,拡大、増大、写真の引き伸ばし、引き伸ばした写真
unsettle（他動詞）,…を不安にする、…を不安定にする、…の調子を悪くする
placid（形容詞）,静かな、穏やかな、落ち着いた、自己満足した
commune（名詞）,生活共同体、コミューン
dreamer（名詞）,夢想家、夢を見る人
visualize（他動詞）,…を思い浮かべる、…を心に描く、…を目に見えるようにする、…を視覚化する
utopia（名詞）,理想郷、ユートピア
flea（名詞）,ノミ、くだらないやつ
grasshopper（名詞）,キリギリス・バッタ・イナゴなどの総称、グラスホッパー（カクテルの一種）
lioness（名詞）,ライオンの雌
mare（名詞）,雌馬、母馬、雌ロバ
reindeer（名詞）,トナカイ
acceleration（名詞）,促進、加速（度）、加速力
casting（名詞）,投げること、鋳造、配役、キャスト
distortion（名詞）,ゆがめること、ゆがみ、ねじれ、（事実の）歪曲
elasticity（名詞）,弾力性、伸縮性、融通性、順応性
momentum（名詞）,はずみ、勢い、運動量
mountaineering（名詞）,登山
takeoff（名詞）,（飛行機の）離陸、出発、踏み切り、除去、物まね、風刺画
transit（名詞）,通過、通行、運送、運輸、移り変わり
allergy（名詞）,アレルギー、異常敏感症、反感、嫌悪
childbirth（名詞）,出産、分娩
colon（名詞）,①結腸 ②コロン（句読点の一つ［：］）
germ（名詞）,細菌（以上は通常 germs で）、胚、（the germ で）芽生え
heredity（名詞）,遺伝（形質）、遺伝傾向、性格、世襲
intestine（名詞）,（通常 intestines で；単数扱い）腸
longevity（名詞）,長生き、寿命、生存期間、（勤務の）長期在任
nudity（名詞）,裸、赤裸々、むき出し（の状態）
receptor（名詞）,受容器官、感覚器官、受容体、受信機、（コンピューターの）レセプター
recurrence（名詞）,再発、再現、反復、繰り返し、回帰
stimulant（名詞）,興奮剤、覚せい剤、興奮させるもの、動機
stimulant（形容詞）,刺激性の、励ます
syndrome（名詞）,症候群、シンドローム、（一群の）関連のあるもの、行動様式
abstraction（名詞）,抽象概念、抽象化、放心（状態）、抽象主義（の作品）
alienation（名詞）,疎んじること、疎外（感）、仲たがい、譲渡
apathy（名詞）,冷淡、無関心、無感動
compulsion（名詞）,衝動強迫、無理強い、強制、強制すること
conjecture（名詞）,推測、憶測
conjecture（他動詞）,…を推測する
conjecture（自動詞）,推測する
consolation（名詞）,慰めること、慰め、安らぎ、（形容詞的に）敗者復活の
cowardice（名詞）,臆病、小心
daze（名詞）,（a daze で）ぼうっとした状態、ぼうぜん、当惑
daze（他動詞）,（人）をぼうっとさせる
distaste（名詞）,（時に a distaste で）嫌悪、嫌気、嫌うこと
inference（名詞）,推論、推測、推理、（推論による）結論
mistrust（名詞）,（時に a mistrust で）不信、疑惑
mistrust（他動詞）,…を信用しない、…を疑う
objectivity（名詞）,客観性、客観的であること、客観主義
obsession（名詞）,執念、強迫観念、妄想、頭にこびり付いて離れないもの
repentance（名詞）,良心の呵責、後悔、悔い改め
retrospect（名詞）,回想、追想、追憶、思い出
tact（名詞）,如才なさ、臨機応変の才、機転、こつ、感触
tumult（名詞）,大騒ぎ、騒動、混乱、心の乱れ、興奮
willingness（名詞）,（時に a willingness で）意欲、乗り気であること
woe（名詞）,悲哀、苦悩、悲痛、（通常 woes で）苦痛［悩み］の種
yearning（名詞）,切ない思い、あこがれ、切望
yearning（形容詞）,あこがれの、切望している
anecdote（名詞）,逸話、秘話
aptitude（名詞）,（時に an aptitude で）才能、適性、素質、傾向
collaboration（名詞）,合作、協同、協力、コラボレーション、共同作品
elaboration（名詞）,入念に作り上げること、推敲、精巧、労作
excerpt（名詞）,（本文からの）抜粋、引用、抄録
excerpt（他動詞）,…を抜粋する
footnote（名詞）,脚注、尾ひれ、補足説明
footnote（他動詞）,…に脚注を付ける
italic（名詞）,（通常 italics で）イタリック体、斜字体
italic（形容詞）,イタリック体の、斜字体の
motif（名詞）,主題、モチーフ、テーマ、（デザインなどの）基調、動機
photocopy（名詞）,写真複写（物）
photocopy（他動詞）,…を写真複写する
photocopy（自動詞）,写真複写する
punctuation（名詞）,句読点、句読法、中断
sequel（名詞）,続編、後編、結果、帰結
sonata（名詞）,ソナタ、奏鳴曲
beta（名詞）,ベータ、予備段階、2番目（のもの）、（Beta で）ベータ星
canon（名詞）,①規範、原則、（教会の）戒律、公認正典 ②大聖堂参事会員
carol（名詞）,聖歌、賛美歌、（鳥の）さえずり
carol（自動詞）,聖歌を歌って回る
coherence（名詞）,首尾一貫性、一致、理路整然性、結合、密着
discourse（名詞）,会話、講演、論文、論説、話法
discourse（自動詞）,話をする、講演する
ethic（名詞）,倫理、道徳、価値体系
ethic（形容詞）,倫理の、道徳的な
flair（名詞）,（天賦の）才能、こつ、勘、鋭い眼識、スマートさ
illiteracy（名詞）,読み書きができないこと、非識字、無学、書き［言い］間違い
ingenuity（名詞）,発明の才、工夫、巧妙さ、精巧にできたもの
laser（名詞）,レーザー（光線）、レーザー装置
maxim（名詞）,格言、金言、処世訓、行動原理
mechanics（名詞）,力学、機械学、システム、構造、方法
mythology（名詞）,神話（学）、神話集
participle（名詞）,分詞
piety（名詞）,信心深さ、敬愛、献身、忠誠
predicate（名詞）,述語、述部
predicate（他動詞）,…に基礎を置く、…を含意［暗示］する、…と断言する
providence（名詞）,神意、（神の）摂理、（Providence で）神
salvation（名詞）,（魂の）救い、救済、救出、保護
skepticism（名詞）,懐疑的な態度、懐疑論、無神論
spectrum（名詞）,スペクトル、（活動などの）領域、範囲、連続体
syllabus（名詞）,（講義などの）概要、要旨、教授細目、判例の要旨
synonym（名詞）,同義語、類義語、同じ概念を表すもの
wording（名詞）,（a [the] wording で）言い回し、表現、言葉遣い
cedar（名詞）,ヒマラヤスギ、シーダー
coastline（名詞）,（海から見た）海岸線
crescent（名詞）,三日月、新月、三日月形の物、（しばしば Crescent で）（旧トルコ帝国の）新月旗
ebb（名詞）,引き潮、衰退、減退
ebb（自動詞）,（潮が）引く、衰退する
eclipse（名詞）,（太陽・月の）食、光の消滅、（名声などの）失墜
eclipse（他動詞）,…に影を投げる
gust（名詞）,一陣の風、突風、噴出、（感情の）激発
gust（自動詞）,（風が）急に吹く
haze（名詞）,もや、かすみ、（a haze で）（精神が）もうろうとした状態
haze（自動詞）,かすむ、ぼんやりする
holly（名詞）,モチノキ、ヒイラギ、（赤い実の付いた）モチノキの枝葉（クリスマスの飾り用）
irrigation（名詞）,かんがい、注水、注流、洗浄（法）
peat（名詞）,泥炭、ピート、泥炭塊
plume（名詞）,（通常 plumes で）羽毛、大羽、羽飾り
plume（他動詞）,（鳥が）（羽毛）を整える
puddle（名詞）,（汚れた）水たまり
puddle（自動詞）,水たまりを作る、水たまりのようになる
sap（名詞）,樹液、お人よし、元気
sap（他動詞）,（活力など）を徐々に奪う、…から（体力などを）奪う
silicon（名詞）,シリコン、ケイ素（非金属元素）
splinter（名詞）,とげ、添え木、破片
splinter（他動詞）,…をばらばらにする
splinter（自動詞）,破片になる
absurdity（名詞）,不合理、不条理、ばからしさ
actuality（名詞）,現実（性）、実在、（実際の事件の）記録映画、（actualities で）現状
admittance（名詞）,入場（許可）、アドミタンス（電気の流れやすさを示す量）
affirmation（名詞）,確約、断言、肯定、（判決などの）容疑
apprenticeship（名詞）,見習い（期間）、徒弟の身分
bondage（名詞）,緊縛、束縛、奴隷の境遇［状態］
camouflage（名詞）,偽装、変装、迷彩（服）
camouflage（他動詞）,…をカモフラージュする
camouflage（自動詞）,カモフラージュする
cleanliness（名詞）,潔癖、清潔、きれいなこと、きれい好き
conditioning（名詞）,条件付け、（空気の）調節、空調、（動物の）調教
contour（名詞）,輪郭、等高線、概略
contour（形容詞）,輪郭を示す
contour（他動詞）,…の輪郭を描く
credibility（名詞）,信頼性、威信、確実性
designation（名詞）,指定、指示、指名、称号、名称
detection（名詞）,発見、探知、発覚、露見
disclosure（名詞）,発覚、暴露、公表、発覚したこと、打ち明け話
evacuation（名詞）,避難、疎開、撤退、空にすること
feat（名詞）,離れ業、功績、偉業、妙技
flashing（名詞）,閃光、雨押さえ、水切り、（下水掃除の）放水
heroism（名詞）,英雄的資質［行為］、勇敢さ、勇気
homosexuality（名詞）,同性愛、ホモ
honk（名詞）,警笛の音、ガンの鳴き声
honk（自動詞）,（警笛が）鳴る、（ガンが）鳴く
honk（他動詞）,（警笛）を鳴らす
misbehavior（名詞）,不作法、非行、不正行為、不品行
ordeal（名詞）,厳しい試練、苦しい体験、難儀、神判
pollutant（名詞）,汚染物質
preview（名詞）,下見、下調べ、試写（会）、（映画・テレビの）予告編
preview（他動詞）,…の試写を見る［見せる］
redemption（名詞）,償い、贖罪、救い、救出、解放
reminder（名詞）,（思い出させるための）注意、合図、暗示、督促状
reunion（名詞）,同窓会、再会、再結合
reversal（名詞）,逆転、反転、転倒、挫折、（判決の）取り消し
setback（名詞）,妨げ、逆行、後退、ぶり返し、失敗、挫折
silhouette（名詞）,シルエット、影絵、輪郭
silhouette（他動詞）,…をシルエットで描く、…の輪郭を見せる
simulation（名詞）,模擬実験、シミュレーション、ふりをすること、まねること
spontaneity（名詞）,自然さ、自発性
temperance（名詞）,節制、禁酒、節度、自制
wiring（名詞）,（電気）配線（工事）、針金（接合）
wiring（形容詞）,配線の
allocation（名詞）,割り当て、分配、配置、割当額［量］
boon（名詞）,恩恵、利益
boon（形容詞）,愉快な
clearance（名詞）,取り除くこと、撤去、在庫一掃、清算、整理
computing（名詞）,コンピューター利用
contention（名詞）,主張、論争、争い、口論、闘争
curfew（名詞）,（戒厳令下の）夜間外出禁止令、消灯令、門限
deduction（名詞）,差し引き（高）、控除（額）、推論、演繹（法）
deposition（名詞）,免職、宣誓証言［証書］、堆積（物）、沈殿（物）
dissent（名詞）,意見の相違、異議、反対意見
dissent（自動詞）,異議を唱える、承知しない
downfall（名詞）,失墜、転落、落下、（大量の）降雨、仕掛けわな
endorsement（名詞）,支持、裏書、保証、承認、是認
flaw（名詞）,欠陥、欠点、ひび、傷
flaw（他動詞）,…を駄目にする
flaw（自動詞）,傷物になる
fusion（名詞）,溶解、融合、混合、核融合、（音楽の）フュージョン
fusion（形容詞）,折衷の
gentry（名詞）,紳士階級、貴族、連中
imperialism（名詞）,帝国主義、帝政、領土拡張主義
inconsistency（名詞）,矛盾、不一致、不調和
individualism（名詞）,個人主義、利己主義、個性、独自性
inefficiency（名詞）,非能率（なもの）、無能（者）、無効果
infrastructure（名詞）,基盤、基幹施設、下部構造、インフラ
legitimacy（名詞）,合法（性）、適法、正当（性）、嫡出、正系
liberalism（名詞）,自由主義、寛大さ、（通常 Liberalism で）自由党の政策
lordship（名詞）,君主［貴族］の地位、支配、統治権、（his Lordship などで）閣下
maneuver（名詞）,作戦行動、大演習、術策
maneuver（他動詞）,…に作戦行動を取らせる
maneuver（自動詞）,作戦行動を取る
manipulation（名詞）,上手な扱い、巧みな操作、市場操作、ごまかし
matrix（名詞）,行列、配列、マトリックス、母体、基盤
Messrs.（名詞）,Mr. の複数形（主に人名の入った社名に用いる）
milestone（名詞）,マイル標石、（人生・歴史の）画期的な出来事、（進行の）重要段階
morale（名詞）,士気、元気、意気込み、風紀
neutrality（名詞）,中立（状態）、中立政策、中性
precedent（名詞）,前例、慣例、判例法
protocol（名詞）,外交儀礼、条約議定書、条約原案、プロトコル（コンピューターの通信接続手順）
racism（名詞）,人種差別（主義）、人種的偏見、民族主義政策
refund（名詞）,払い戻し（金）、弁償、返済（金）
refund（他動詞）,…を払い戻す、返済する
repression（名詞）,制止、抑制、抑圧、鎮圧、（抑圧された）感情
repute（名詞）,世評、評判、好評、名声
retention（名詞）,保有、保存、保持、記憶（力）
seizure（名詞）,差し押さえ、押収（物）、つかむ［捕まえる］こと、発作、急病
shipbuilding（名詞）,造船（業）、造船術
spinning（名詞）,紡績、回転すること、投げ釣り
subgroup（名詞）,下位集団、下位［従属］群、亜族
tactics（名詞）,作戦、方策、戦略、戦法、駆け引き
torrent（名詞）,急流、激発、連発、（通常 torrents で）土砂降り
trump（名詞）,（トランプの）切り札（trump card）、奥の手、最後の手段
turf（名詞）,（やくざなどの）縄張り、芝生、泥炭、（the turf で）競馬
uranium（名詞）,ウラン（放射性の金属元素）
valuation（名詞）,評価（額）、査定（額）、見積もり、価値判断
bran（名詞）,ふすま、ぬか、もみ殻
champagne（名詞）,シャンパン（フランスのシャンパーニュ地方原産の発泡酒）
coke（名詞）,①（Coke で；商標）コカコーラ ②コカイン（cocaine）
cuisine（名詞）,（時に a cuisine で）（独自の）料理法、料理
gravy（名詞）,グレービーソース、肉汁、楽して得た金、あぶく銭
lime（名詞）,①ライム（ミカン科の植物）、ライムの実、ライムの飲み物 ②石灰
nutrient（名詞）,（通常 nutrients で）栄養物、栄養素、栄養剤
nutrient（形容詞）,栄養を含む、滋養になる
sherbet（名詞）,（米）シャーベット（果汁で作る氷菓）、（英）シャーベット水（果汁で作る清涼飲料）
soybean（名詞）,大豆
starch（名詞）,でんぷん、洗濯用のり、堅苦しさ
starch（他動詞）,…にのりを付ける
yeast（名詞）,イースト、パン酵母（菌）、（特にビールの）泡、きっかけ
adequacy（名詞）,適切さ、妥当性、適性、十分であること
adherence（名詞）,密着、忠実、固執、信奉、支持
congestion（名詞）,密集、（交通などの）混雑、充満、充血、詰まること
digit（名詞）,アラビア数字、けた、（人・動物の）指、指幅
enrichment（名詞）,豊かにする［される］こと、濃縮、強化物
highness（名詞）,高いこと、（Highness で）殿下
imperfection（名詞）,不完全、不十分、欠点、欠陥
interim（名詞）,合間、しばらくの間、仮協定［決定］
interim（形容詞）,仮の、中間の（限定用法）
intolerance（名詞）,不寛容、（食物・薬などの）不耐性、アレルギー
intricacy（名詞）,複雑さ、込み入っていること［事情］、入り組んだもの
irrelevance（名詞）,不適切、的外れ、筋違い、意味［重要性］のないもの
jackpot（名詞）,特賞、大成功、（ポーカーの）積立賭け金、積立賞金
jackpot（形容詞）,大当たりの
monotony（名詞）,単調さ、変化のなさ、退屈
norm（名詞）,標準、模範、基準、典型、平均、ノルマ
oblivion（名詞）,忘れられている状態、忘却、無意識、人事不省、恩赦
pinnacle（名詞）,絶頂、頂点、（教会などの）小尖塔、尖峰
preoccupation（名詞）,没頭、夢中（にさせるもの）、先取り、優先事
radius（名詞）,半径（の長さ）、放射状のもの、（行動などの）範囲、圏
redundancy（名詞）,過剰、余剰（の人員）、余剰人員の解雇、余分（なもの）
residue（名詞）,残り、残留分、残された物
severity（名詞）,厳格、簡素、激烈、激しさ、重大性
subtlety（名詞）,巧妙さ、希薄（であること）、繊細さ、微妙、鋭い考え
trillion（名詞）,1兆、何兆億、無数
watt（名詞）,ワット（電力の単位）
crest（名詞）,山頂、頂上（以上は the crest で）、尾根、（鳥の）とさか、（馬などの）たてがみ
curb（名詞）,歩道の縁（石）、抑制、制限
curb（他動詞）,…を抑制する
fore（名詞）,（the fore で）前面、前部
fore（形容詞）,前に位置している、前方の（限定用法）
foreground（名詞）,（the foreground で）最前面、最も目立つ位置、前景
haven（名詞）,港、避難所、安息の地
haven（他動詞）,…を停泊［避難］させる
kiosk（名詞）,キオスク、売店
ledge（名詞）,水平の出っ張り、壁に取り付けた棚、岩層、岩棚、鉱脈
midweek（名詞）,週の中ごろ
midweek（形容詞）,週の中ごろの
midweek（副詞）,週の中ごろに
nucleus（名詞）,中心部分、核心（以上は通常 the nucleus で）、原子核
observatory（名詞）,天文台、観測所、気象台、展望台
plateau（名詞）,高原、台地（以上はしばしば plateaus で）、停滞状態
ramp（名詞）,斜面、（高速道路の）ランプ、タラップ、（空港の）エプロン
rink（名詞）,アイススケート場、ローラースケート場
sanctuary（名詞）,鳥獣保護区、（罪人などの）保護、聖域、教会、避難所
stairway（名詞）,階段
suite（名詞）,一そろい、一続きの部屋、特別室、1組の家具、組曲
verge（名詞）,縁、境界、端、瀬戸際
verge（自動詞）,（verge on … で）…に近い、ほとんど等しい
authoritarian（名詞）,権威主義者、独裁主義者
authoritarian（形容詞）,独裁政治の、権威主義的な、ワンマンの
bitch（名詞）,嫌な女、あばずれ、雌犬、（オオカミなどの）雌、不快なもの
bowler（名詞）,ボウリングをする人、クリケットの投手
communicator（名詞）,伝える人、伝達者、通報器
cultivator（名詞）,耕作者、耕運機、養成者、向上させるもの
devotee（名詞）,心酔者、愛好者、献身する人、敬虔な信者
egoist（名詞）,自分本位の人、利己的な人、利己主義者
empress（名詞）,（通常 the Empress で）女帝、皇后
hippie（名詞）,ヒッピー
humanist（名詞）,人道主義者、人文主義者、古典研究者
idealist（名詞）,理想主義者、空想家、観念主義者［論者］
interviewee（名詞）,面接を受ける人、インタビューされる人
janitor（名詞）,用務員、管理人、門番
layman（名詞）,素人、門外漢、専門でない人、（聖職者に対して）平信徒
miser（名詞）,守銭奴、欲張り
negotiator（名詞）,交渉者、協議者、（手形などの）譲渡者
posterity（名詞）,（集合的に）後世、後代（の人々）、子孫
snob（名詞）,俗物、お高く止まった人、学識［知識］を鼻に掛ける人
spokesperson（名詞）,スポークスマン、代弁者、代表者
subscriber（名詞）,（予約）購読者、加入者、会員、寄付する人、著名［記名］人
adornment（名詞）,装飾（品）、飾り立てること
barometer（名詞）,気圧計、晴雨計、（動向を示す）指標、バロメーター
binder（名詞）,バインダー、（新聞などの）帯封、縛る道具［人］、製本屋、接合材
duplicate（名詞）,複製、複写、類義語
duplicate（他動詞）,…を複製する、…の写し［コピー］を作る
harness（名詞）,（集合的に）馬車馬の引き具（一式）、引き具に似たもの
harness（他動詞）,…を利用する
hoe（名詞）,（西洋）くわ
hoe（他動詞）,…をくわで掘る［耕す］
hoe（自動詞）,くわを使う
jack（名詞）,ジャッキ、起重機、（トランプの）ジャック
jack（他動詞）,…をジャッキで上げる
latch（名詞）,（ドア・門などの）掛け金、かんぬき
latch（他動詞）,…に掛け金を掛ける
modem（名詞）,（コンピューターの）モデム、変復調装置（電話回線を通じてインターネットに接続する）
mosaic（名詞）,寄せ木細工、モザイク（模様）、寄せ集め
obstruction（名詞）,障害物、妨害（物）、妨げ、反対、（スポーツの）オブストラクション
oddity（名詞）,異常なもの［事、行為］、風変わりな人、奇異な出来事
pedestal（名詞）,（円柱・彫像などの）台座、（花瓶などを載せる）台
placard（名詞）,張り紙、掲示、ポスター、ビラ、名札
plaque（名詞）,飾り額［板］、バッジ、記章、斑点、歯垢
propeller（名詞）,（飛行機の）プロペラ、（船の）スクリュー、推進器
rectangle（名詞）,長方形
remnant（名詞）,残部、残り、残存者（以上は remnants で）、断片、名残、遺物
replica（名詞）,レプリカ、写し、複製、模写
shoelace（名詞）,靴ひも
signpost（名詞）,道標、案内標識、手掛かり、指針
slab（名詞）,（石・木・金属などの）広い厚板、（パン・肉などの）厚切り
spiral（名詞）,らせん状のもの、ぜんまい
spiral（自動詞）,らせんを描いて上がる［下がる］
spiral（形容詞）,らせん形の（限定用法が多い）
spreadsheet（名詞）,集計表、スプレッドシート、簿記用紙
thong（名詞）,革ひも、ひも式のビキニ［下着］、（thongs で）サンダル
transmitter（名詞）,送信機、（電話の）送話器、伝達者、伝達装置
yoke（名詞）,くびき、てんびん棒、（the yoke で）束縛、服従
yoke（他動詞）,（牛など）にくびきをかける
adjacent（形容詞）,近くの、隣接した、近隣の、直前の
akin（形容詞）,同種の、同族の、血族の、類似した（叙述用法）
analogous（形容詞）,似ている、類似した、相似の（叙述用法が多い）
contradictory（形容詞）,矛盾する、正反対の、（人が）議論好きな
differential（形容詞）,区別を示す、差別的な、格差のある、微分の
differential（名詞）,差異、差額、微分
downstream（形容詞）,流れに沿った、流れを下った、下流の
downstream（副詞）,流れに沿って、下流に
frontal（形容詞）,正面［前面］の、（気象で）前線の（限定用法）
incidental（形容詞）,偶然の、付随して起こる、ありがちな
incompatible（形容詞）,互換性のない、気が合わない、両立しない、相容れない
maternal（形容詞）,母の、母らしい、母としての、母方の（限定用法が多い）
median（形容詞）,中央の、中間の、二等分する面の、左右対称に分ける面の（限定用法）
northeastern（形容詞）,北東の、北東への、北東部の、（風が）北東からの
predominant（形容詞）,支配的な、有力な、主な、顕著な
reciprocal（形容詞）,お返しの、代償の、相互関係を表す、対等の（限定用法が多い）
separable（形容詞）,分離［区分］できる
southeastern（形容詞）,南東の、南東への、南東部の、（風が）南東からの
southwestern（形容詞）,南西の、南西への、南西部の、（風が）南西からの
supplementary（形容詞）,補足の、追加の、付録の
supplementary（名詞）,補充となるもの
evolutionary（形容詞）,進化の、進化論による、発展の
fictional（形容詞）,架空の、作り事の、小説的な、虚構の
geological（形容詞）,地質学（上）の（限定用法が多い）
lyrical（形容詞）,詩的な、叙情的な、熱烈な
notional（形容詞）,概念の、抽象的な、想像上の、名目上の、非現実的な
optical（形容詞）,視覚［視覚］の、光学（上）の、視力を助ける（限定用法が多い）
orchestral（形容詞）,オーケストラ（用）の（限定用法が多い）
phonetic（形容詞）,音声（学）の、音声を表す（限定用法が多い）
scholarly（形容詞）,学術的な、学者の、学者らしい、学識のある
secular（形容詞）,世俗の、世俗的な、非宗教的な、修道院外の
secular（名詞）,俗人
surgical（形容詞）,外科の、外科手術の、外科用の、（攻撃が）局所の（限定用法）
tutorial（形容詞）,家庭教師の［に関する］、個人指導の
tutorial（名詞）,個別指導時間、個別指導書
utopian（形容詞）,ユートピアの、理想上の、非現実的な、夢物語の
agonizing（形容詞）,苦しい、苦悶させる、苦痛を与える
awesome（形容詞）,畏敬の念を起こさせる、素晴らしい、恐ろしい、すごい
cheery（形容詞）,上機嫌の、活気づける、陽気な
complacent（形容詞）,悦に入った、愛想のよい、無関心な、自己満足の
conceited（形容詞）,うぬぼれた、思い上がった
contemptuous（形容詞）,軽蔑を示す、さげすんだ、軽蔑して
damned（形容詞）,のろわれた、いまいましい、ひどい、非難された
damned（副詞）,ひどく、全く
desirous（形容詞）,望む、切望している（叙述用法）
dubious（形容詞）,怪しい、疑う、半信半疑の、あいまいな
ecstatic（形容詞）,われを忘れた、恍惚とした、熱狂的な、有頂天の
foreseeable（形容詞）,予知できる、予見できる
hospitable（形容詞）,温かく［親切に］もてなす、（環境・天気などが）快適な、適した
intuitive（形容詞）,直感的に認識する、直感力のある、（ソフトウエアなどが）使いやすい（限定用法が多い）
platonic（形容詞）,観念的な、プラトニックな、精神的恋愛の、（Platonic で）プラトンの
puzzling（形容詞）,不可解な、困惑させる、まごつかせる
radiant（形容詞）,晴れやかな、うれしそうな、光［熱］を放つ（限定用法）
radiant（名詞）,光点
retrospective（形容詞）,回顧的な、追想にふける、回想の（限定用法が多い）
retrospective（名詞）,回顧展
sensory（形容詞）,知覚の［に関する］、感覚の（限定用法が多い）
speechless（形容詞）,強い感情でものが言えない、口が利けない、言葉で表せないほどの、無言の
stirring（形容詞）,感動的な、奮起させる、活発な（限定用法が多い）
stirring（名詞）,（感情などの）揺れ動き、動揺
subdued（形容詞）,落ち着いた、沈んだ、無口な、活気のない、征服された
unintentional（形容詞）,故意でない、何気ない、うかつな
unloved（形容詞）,愛されていない、好かれていない
unnoticed（形容詞）,気付かれない、注目されない、省みられない（叙述用法が多い）
unwelcome（形容詞）,歓迎されない、気に食わない、ありがたくない
angelic（形容詞）,天使のような、天使の、無垢な（限定用法）
automotive（形容詞）,自動車の、自動（推進）の
circumstantial（形容詞）,状況の、付随的な、重要でない、詳細な
compulsive（形容詞）,強制的な、何かにとりつかれたような、人の心をとらえて離さない
connected（形容詞）,結合［接続］した、関連した、筋の通った、（通常複合語で）縁故［コネ］がある
crimson（形容詞）,深紅色の、紅潮した、血なまぐさい
crimson（名詞）,深紅色
devoid（形容詞）,欠いている、全くない（叙述用法）
erroneous（形容詞）,間違った、誤りのある、誤った
fishy（形容詞）,魚の、魚くさい、魚の多い、疑わしい、うさんくさい
floating（形容詞）,浮いている、（うわさなどが）広まっている、流動的な、変動する
fragrant（形容詞）,よいにおい［香り］の、芳香性の、楽しい
grotesque（形容詞）,奇怪な、グロテスクな、異様な、風変わりな
handmade（形容詞）,手作りの、手製の
insecure（形容詞）,不安な、安全でない、心もとない、不安定な
jointed（形容詞）,継ぎ目のある、継ぎ目が動く、節でできた、（チキンが）小さく切った
lifelike（形容詞）,生きているような、実物そっくりな、生き写しの、真に迫った
loaded（形容詞）,弾薬を込めた、（荷物などを）詰め込んだ、フィルムを装てんした、わなにかけるような
occidental（形容詞）,（通常 Occidental で）西洋（人）の、西洋風の、西方の
occidental（名詞）,（通常 Occidental で）西洋人
packed（形容詞）,人でいっぱいの、すし詰めの、荷造りした、ひとまとめにした
polished（形容詞）,磨き上げた、光沢［つや］のある、洗練された、上品な
precarious（形容詞）,不安定な、いい加減な、運次第の、危険な
radioactive（形容詞）,放射能をもった、放射能による、放射性の
reproductive（形容詞）,再生の、繁殖の、生殖の、複写の（限定用法が多い）
seeming（形容詞）,うわべの、外見だけの、見せ掛けの（限定用法）
seeming（名詞）,うわべ、見せ掛け
shaped（形容詞）,（しばしば複合語で）…の形をした、…の体型をした、（髪が）まとまった
silvery（形容詞）,銀の（ような）、銀鈴を鳴らすような、銀を含有する、銀で飾った（限定用法が多い）
sinister（形容詞）,邪悪な、悪意のある、不気味な、不吉な、運［縁起］の悪い
slack（形容詞）,緩い、不注意な、怠慢な
slack（名詞）,緩い部分、停滞、不況
slack（自動詞）,緩む、たるむ
specialized（形容詞）,特殊化した、専門化した、分化した
sturdy（形容詞）,頑丈な、不屈の、丈夫な、勇敢な
suggestive（形容詞）,連想させる、示唆に富む、挑発的な、思わせぶりな
sunken（形容詞）,沈んだ、水中の、下がった、落ち込んだ
swollen（形容詞）,はれ上がった、膨れた、増水した、誇張した
synthetic（形容詞）,合成の、統合的な、作り事の、本物でない
synthetic（名詞）,合成品［物質］、模造品
tasteless（形容詞）,味のない、まずい、趣味の悪い、退屈な
thermal（形容詞）,熱の、温度の、温泉の、体温を保つ、保温用の（限定用法が多い）
thunderous（形容詞）,雷のような、とどろき渡る、途方もない、非常に怒った
turbulent（形容詞）,荒れ狂う、乱暴な、動揺した、混乱した
undone（形容詞）,未完成の、ほどけた、破滅した、落ちぶれた（叙述用法）
wanting（形容詞）,欠けている、足りない（叙述用法）
watertight（形容詞）,水を通さない、防水の、（議論などが）すきのない
watery（形容詞）,淡い、水の（多い）、じめじめした、迫力のない、水色の
yielding（形容詞）,柔軟な、譲歩しやすい、従順な、豊かな
ceaseless（形容詞）,絶え間ない、不断の
instantaneous（形容詞）,瞬間的な、即座の、同時の
overdue（形容詞）,（しばしば long overdue で）期日［定刻］を過ぎた、出産予定日を過ぎた、過度の
periodic（形容詞）,定期的な、周期的な、断続的な、時々の（限定用法）
populous（形容詞）,人口の多い、数が多い、混雑している
premature（形容詞）,早過ぎる、時期尚早の、早まった、早産の
premature（名詞）,未熟児
temporal（形容詞）,①時間の、現世の、世俗の、一時の、つかの間の（限定用法が多い） ②側頭部の
transitional（形容詞）,暫定の、過渡的な、移り変わる（限定用法）
treble（形容詞）,①3倍の ②高音の、ソプラノの
treble（他動詞）,…を3倍にする
treble（自動詞）,3倍になる
unprepared（形容詞）,用意ができていない、準備なしの、即席の
addicted（形容詞）,中毒になっている、依存症の、病みつきの（叙述用法）
addictive（形容詞）,（薬物が）中毒性の、習慣性の、病みつきになる、人をとりこにする
amiable（形容詞）,社交的な、感じのよい、愛想のよい、好意的な
artful（形容詞）,巧妙な、器用な、悪賢い、ずるい（限定用法が多い）
assertive（形容詞）,断定的な、はきはきした、正当に主張する、積極的な
behavioral（形容詞）,行動の［に関する］
carefree（形容詞）,のんきな、心配のない、楽しい、無責任な
compassionate（形容詞）,思いやりのある、哀れみ深い
discreet（形容詞）,思慮［分別］のある、慎重な、控えめの
faithless（形容詞）,忠実でない、不誠実な、信仰心［宗教心］のない、当てにならない
frivolous（形容詞）,つまらない、取るに足らない、浅はかな、軽薄な
gifted（形容詞）,優れた才能に恵まれた、天賦の才がある
immune（形容詞）,免疫の（ある）、免除された、影響を受けない（叙述用法が多い）
imprudent（形容詞）,軽率な、無分別な、不謹慎な
inappropriate（形容詞）,不適切な、妥当でない、ふさわしくない
inborn（形容詞）,先天的な、持って生まれた、生まれつきの、生来の（限定用法が多い）
inconclusive（形容詞）,決定的［確定的］でない、結論の出ない
insincere（形容詞）,不誠実な、本心を表していない、偽りの、ふまじめな
lavish（形容詞）,気前のよい、ぜいたくな、豊富な、豪華な
lavish（他動詞）,…を惜しみなく与える
lesbian（形容詞）,（女性の）同性愛の、レズビアンの
lesbian（名詞）,同性愛の女性
martial（形容詞）,戦争の、好戦的な、勇敢な、軍の（限定用法が多い）
misguided（形容詞）,誤り導かれた、見当違いの、心得違いの
perverse（形容詞）,つむじ曲がりの、ひねくれた、邪悪な、道理に反する
prone（形容詞）,…しがちな、（…の［する］）傾向がある、うつぶせの（叙述用法が多い）
psychic（形容詞）,心霊（現象）の、霊能力を持った、超自然的な、精神的な
renewable（形容詞）,再生可能な、更新できる、回復できる、延長できる
rigorous（形容詞）,厳格な、厳しい、正確な、厳密な
skeptical（形容詞）,懐疑的な、疑い深い、（Skeptical で）懐疑派の、懐疑論の
submissive（形容詞）,服従的な、従順な
suicidal（形容詞）,自殺（用）の、自暴自棄な、自殺志願の
unconcerned（形容詞）,関係していない、無頓着な、心配しない、平気な
debatable（形容詞）,異論［問題］のある、論争可能な、未解決の
exempt（形容詞）,免除されている、（…の）ない（叙述用法）
exempt（他動詞）,…を免除する
feudal（形容詞）,封建制度の、封建的な、封土の
illegitimate（形容詞）,非嫡出の、私生の、違法の、規則違反の
illegitimate（名詞）,私生児
judiciary（形容詞）,裁判の、司法の
judiciary（名詞）,（the judiciary で）司法部、司法制度、（集合的に）裁判官
lucrative（形容詞）,もうかる、金になる、有利な、得な
materialistic（形容詞）,実利主義の、物質主義の、唯物論の
multinational（形容詞）,多国籍（企業）の、多国籍から成る
multinational（名詞）,多国籍企業
negotiable（形容詞）,交渉の余地がある、委細面談の、譲渡できる、通行可能な（叙述用法が多い）
operative（形容詞）,稼動している、効力がある、最も適切な、手術の
operative（名詞）,熟練工、職工、刑事、工作員
receivable（形容詞）,受領し得る、債権のある、受け取るべき、信用できる
receivable（名詞）,（receivables で）受取勘定
repressive（形容詞）,弾圧的な、抑圧的な、（感情を）抑えた
rogue（形容詞）,（動物が）群を離れた、集団に従わない（限定用法）
rogue（名詞）,いたずらっ子、はみ出し者
sociological（形容詞）,社会環境論的な、社会学的な、社会学の（限定用法）
speculative（形容詞）,思索的な、理論的な、投機的な、危険な
taboo（形容詞）,タブーの、禁制の、（慣習として）禁止された
taboo（名詞）,禁止、禁制、タブー、忌み言葉
tyrannical（形容詞）,圧政的な、暴君の、暴君的な、専制君主の、暴虐な
unsold（形容詞）,売れない、売れ残りの
vocational（形容詞）,職業の［に関する］、職務上の、職業指導の（限定用法が多い）
aquatic（形容詞）,水の、水生の、水上の（限定用法のみ）
celestial（形容詞）,天の、天体の、神聖な（限定用法が多い）
cosmic（形容詞）,宇宙の、天体の、宇宙飛行の、無限の（限定用法が多い）
evergreen（形容詞）,常緑の、新鮮さ［人気］の衰えない（限定用法が多い）
evergreen（名詞）,常緑樹
freezing（形容詞）,凍えるような、氷点に近い、ひどく寒い、極寒の
freezing（名詞）,冷凍、氷結、氷点
astronomical（形容詞）,けた外れに大きい、天文学的な、天文（学上）の
bizarre（形容詞）,奇妙な、怪奇な、とっぴな、アンバランスな
bottomless（形容詞）,底知れぬほど深い、不可解な、無限の
burdensome（形容詞）,厄介な、つらい、重荷となる
comprehensible（形容詞）,（たやすく）理解できる（叙述用法が多い）
congenial（形容詞）,適した、性分に合った、同じ性質［趣味］の、気心の合った
disruptive（形容詞）,破壊的な、分裂を伴う、分裂性の
effortless（形容詞）,努力を要しない、楽な、簡単な
elemental（形容詞）,基本的な、初歩的な、全く単純な、要素の
eventful（形容詞）,出来事の多い、多事な、波乱に富んだ、重大な結果をもたらす
exceeding（形容詞）,過度の、非常な、異常な
fabulous（形容詞）,驚くべき、とても素晴らしい、法外な、伝説の
forcible（形容詞）,力ずくの、強制的な、力強い、強力な（限定用法が多い）
frugal（形容詞）,つましい、費用の掛からない、倹約する、簡素な
futile（形容詞）,役に立たない、効果のない、無駄な、くだらない
generic（形容詞）,一般的な、総称の、無印の、ノーブランドの、属の（限定用法）
hazardous（形容詞）,危険な、有害な、冒険的な
hectic（形容詞）,非常に忙しい、てんてこ舞いの、ひどく興奮した、消耗性の
impotent（形容詞）,無力な、無能力な、虚弱な、性交不能の
inconceivable（形容詞）,信じられない、想像もできない、思いも寄らない
inescapable（形容詞）,免れ得ない、避けられない、回避できない、不可避の
infrequent（形容詞）,めったに起こらない、珍しい、不定期の、まれな
irresistible（形容詞）,非常に魅力的な、抵抗できない、抑えられない
lukewarm（形容詞）,生ぬるい、微温の、いい加減な、不熱心な
meager（形容詞）,わずかな、劣る、やせた、貧弱な、乏しい
mediocre（形容詞）,二流の、可もなく不可もない、並みの
noteworthy（形容詞）,注目に値する、目立つ、著しい、顕著な
obligatory（形容詞）,必須の、義務的な、強制的な、慣習になっている
obsolete（形容詞）,もう使われていない、廃れた、陳腐な、時代遅れの
outrageous（形容詞）,極めて侮辱的な、常軌を逸した、法外な、怒り狂った
overt（形容詞）,公然の、あからさまな、明白な（限定用法が多い）
passable（形容詞）,基準をかろうじて満たす、まずまずの、一応満足できる、（道路などが）通行できる
pointless（形容詞）,無意味な、無駄な、先のない、鈍い、力のない
potent（形容詞）,勢力のある、有力な、（酒などが）強い、（薬などが）効き目のある
readable（形容詞）,読みやすい、読んで面白い、判読できる
righteous（形容詞）,道理のある、もっともな、正義の、高潔な
robust（形容詞）,強い、頑健な、（経済が）活気のある、骨の折れる、荒々しい
sustainable（形容詞）,維持できる、耐え得る、立証できる、環境を破壊せずに継続できる
tangible（形容詞）,実体のある、明確な、確実な、効果的な
tentative（形容詞）,仮の、内定の、試験的な、不確かな
undeniable（形容詞）,非の打ちどころのない、否定できない、議論の余地のない、明白な
workable（形容詞）,実行可能な、加工できる、（機械などが）動く、使える
afar（副詞）,遠くに［で］、遠方に
aloof（副詞）,離れて、遠ざかって、超然として
aloof（形容詞）,よそよそしい、冷淡な
astray（副詞）,道に迷って、道を外れて
astray（形容詞）,道に迷って、道を外れて（叙述用法）
conversely（副詞）,反対に、逆に、対照的に、逆に言えば
squarely（副詞）,真正面に、四角に、まともに、直接に、公平に
anytime（副詞）,いつも、いつでも、（間投詞的に）いつでもどうぞ、（接続詞的に）…するときはいつも
indefinitely（副詞）,無期限に、漠然と、あいまいに、不定に
gaily（副詞）,陽気に、愉快に、派手に、人のことを考えずに
idly（副詞）,何もしないで、ぼんやりと、怠けて、無駄に
principally（副詞）,主に、主として
respectfully（副詞）,恭しく、丁寧に、謹んで、丁重に
whatsoever（副詞）,（no または any を伴った名詞の後で強調して）少しの…も、少しでも
alternately（副詞）,交互に、代わる代わる、互い違いに
apiece（副詞）,個々に、各人に、おのおのに、1個につき
thereby（副詞）,それによって、それについて、その近くに
variously（副詞）,さまざまに、いろいろに、さまざまな人によって
whereby（副詞）,（関係詞）（それによって）…する、…するところの、（疑問詞）どのようにして
thou（代名詞）,なんじは、そなたは（二人称単数主格）
ye（代名詞）,なんじらは、そなたたちは（thou の複数形）
ha（間投詞）,ほう、まあ、おや
ha（名詞）,ほう（という声）
