見出し語（品詞）,訳
backfire（自動詞）,（計画などが）裏目に出る、（エンジン・車が）さか火を起こす
backfire（名詞）,バックファイア、さか火、逆効果
catastrophic（形容詞）,壊滅的な、大異変の、最悪の
enigmatic（形容詞）,謎めいた、謎のような、不可解な
baffle（他動詞）,（人）をまごつかせる、…を悩ませる、（計画など）をくじく
denim（名詞）,デニム、（denimsで）ジーンズ
beset（他動詞）,…を悩ませる、…を包囲攻撃する、…を取り囲む
sluggish（形容詞）,のろい、不振の、怠惰な、活気のない
drummer（名詞）,ドラマー、ドラム奏者、泥棒
besiege（他動詞）,…を取り囲む、…を包囲する、…に（質問などを）浴びせる
ardent（形容詞）,熱烈な、熱狂的な、熱心な（限定用法が多い）
adversary（名詞）,敵、敵対者、（競争）相手
bolster（他動詞）,…を強化する、…を鼓舞する、…を支持する
bolster（名詞）,長枕
clan（名詞）,氏族、一族、大家族、仲間
coexist（自動詞）,共存する、同時に存在する
multicultural（形容詞）,多種族文化の、多文化的な
aftermath（名詞）,（戦争・事件などの）余波、結果、後遺症
turbulence（名詞）,（社会的）混乱、動乱、大荒れ、乱気流
peacekeeping（形容詞）,平和維持（活動）の（限定用法）
constrain（他動詞）,…を制限する、…を拘束する、…を抑制する
aggregate（名詞）,合計、総計、集合体
aggregate（他動詞）,…を集める、…を合計する
aggregate（自動詞）,集まる、（aggregate to …で）合計で…になる
counteract（他動詞）,（反作用で）…を阻止する、…を中和する、…を無効にする
erosion（名詞）,浸食、衰え、低下
culminate（自動詞）,結果的に（…に）なる、（…で）最高点に達する
culminate（他動詞）,…を締めくくる
demise（名詞）,崩壊、消滅、死去
bloc（名詞）,連合、圏、ブロック
chic（形容詞）,しゃれた、粋な、あか抜けた
pendant（名詞）,ペンダント、下げ飾り
dangle（自動詞）,（物が）ぶら下がる、（人を）追い回す
dangle（他動詞）,…をぶら下げる、…を見せびらかす
decease（自動詞）,死亡する、死去する
decease（名詞）,死亡、死去
coronation（名詞）,戴冠式、即位
inauguration（名詞）,就任（式）、発会、開業、除幕（式）
defer（他動詞）,…を延期する、…を延ばす
indefinite（形容詞）,無期限の、不明確な、不定の
deflect（他動詞）,…を屈折させる、…をそらす
deflect（自動詞）,屈折する、それる
ultraviolet（形容詞）,紫外（線）の、紫外線を用いた（限定用法が多い）
ultraviolet（名詞）,紫外線（ultraviolet rays）
sunburn（名詞）,日焼け
sunburn（他動詞）,…を日焼けさせる
sunburn（自動詞）,日焼けする
shuttle（名詞）,定期往復便、シャトル
shuttle（他動詞）,…を左右に動かす
shuttle（自動詞）,左右に動く
disintegrate（自動詞）,分解する、崩壊する
disintegrate（他動詞）,…を分解する、…を崩壊させる
brewer（名詞）,ビール醸造者［会社］
diversify（他動詞）,…を多様化する、…を多角的にする
diversify（自動詞）,多様化する、多角化する
lineup（名詞）,顔触れ、ラインアップ、陣容、面通し
foothold（名詞）,足掛かり、足場
graveyard（名詞）,（共同）墓地、廃棄物置場
dwindle（自動詞）,だんだん少なく［小さく］なる、縮まる、衰える
exposition（名詞）,展示会、博覧会、解説、説明
encompass（他動詞）,…を含む、…を包み込む、…を網羅する
nostalgia（名詞）,郷愁、ノスタルジア、追憶
engulf（他動詞）,（恐怖などが）（人）を包み込む、（戦争などが）…を飲み込む、…を巻き込む
volley（名詞）,一斉射撃、（悪口・質問などの）連発、（テニスなどの）ボレー
volley（他動詞）,…を一斉に射撃する、（球）をボレーで打ち返す
volley（自動詞）,（銃弾などが）一斉に発射される、ボレーをする
ensue（自動詞）,続いて起こる、結果として起こる、続く
termination（名詞）,終了、結末、解雇
entail（他動詞）,…を伴う、（論理的必然として）…を含意する、…を必要とする
penal（形容詞）,刑の、刑法の、刑罰の、処罰されるべき（限定用法が多い）
equalize（他動詞）,…を均一にする、…を等しくする、…を対等にする
showcase（名詞）,陳列用ガラス箱、展示、好見本
showcase（他動詞）,…を陳列する
inaugural（形容詞）,就任（式）の、開会の（限定用法）
inaugural（名詞）,就任演説
imperative（形容詞）,必須の、避けられない、緊急の、命令的な
imperative（名詞）,緊急になすべきこと、義務、命令
eradicate（他動詞）,…を全滅させる、…を根絶する、（汚れ・染みなど）を取る
plausible（形容詞）,もっともらしい、妥当な、納得のいく
erode（他動詞）,…を浸食する、…を腐食する、…をむしばむ
erode（自動詞）,侵食される、腐食する、むしばまれる
sandstone（名詞）,砂岩
exemplify（他動詞）,…のよい例となる、…を例証する、…を実証する
haughty（形容詞）,横柄な、高慢な（限定用法が多い）
bureaucrat（名詞）,官僚（主義者）、役人
resin（名詞）,（合成）樹脂、松やに
flare（自動詞）,（炎などが）ぱっと燃え上がる、ゆらゆらと燃える、（怒りなどが）燃え上がる、（病気などが）悪化する
flare（名詞）,照明装置、（突然の）ゆらめく炎、（flaresで）らっぱズボン
vile（形容詞）,非常に嫌な、実に不快な、下劣な
fume（名詞）,におい、ガス、煙
neon（名詞）,ネオン、ネオン灯（neon light [lamp]）
billboard（名詞）,掲示板、広告板
flicker（自動詞）,（光などが）明滅する、ゆらゆら揺れる、（物が）ぴくぴく動く
flicker（名詞）,明滅する光、ゆらめく炎
plumbing（名詞）,配管設備、配管工事、配管業
gush（自動詞）,勢いよく流れ出る、わき出る
gush（名詞）,ほとばしり、噴出
flooring（名詞）,床板、床張り（材）、床
implicate（他動詞）,…を関与させる、（人）を（犯罪などに）巻き込む
disgraceful（形容詞）,恥ずかしい、不名誉な
inaugurate（他動詞）,（人）を就任させる、…の落成式を行う、（時代）の始まりとなる、（事業など）を開始する
consecutive（形容詞）,連続した、（論理の）一貫した、（文法で）結果を表す
invalidate（他動詞）,…を無効にする、…の法的効力をなくす
entitlement（名詞）,資格、権利、（通常entitlementsで）特典
rebate（名詞）,還付、払い戻し、割引
blunder（名詞）,大失敗、誤り、不覚
blunder（自動詞）,大失敗する、うろうろする
jeopardize（他動詞）,…を危うくする、…を危険にさらす
undercover（形容詞）,秘密の、秘密で行われた［行う］、スパイの（限定用法）
underway（形容詞）,進行中で、航行中で（叙述用法）
lag（自動詞）,遅れる、立ち遅れる
lag（名詞）,遅延、遅滞
protectionism（名詞）,保護貿易政策、保護主義
liberalize（他動詞）,…を自由主義化する、…を緩和する、…を寛大にする
liberalize（自動詞）,自由主義化する、緩和する、寛大になる
bead（名詞）,ビーズ、じゅず玉、（汗などの）玉
perspiration（名詞）,汗、発汗（作用）
moisten（他動詞）,…を湿らせる、…をぬらす
moisten（自動詞）,湿る、ぬれる
smock（名詞）,上っ張り、スモック
necessitate（他動詞）,…を必要とする
dietary（形容詞）,食事の、食物の、食事療法の（限定用法が多い）
obliterate（他動詞）,…を消し去る、…を取り除く
predominantly（副詞）,大部分は、主に
indigenous（形容詞）,固有の、原産の、現地の、生まれながらの
theology（名詞）,神学（体系）、宗教学
ordain（他動詞）,（人）を任命する、…を定める、…を規定する
vicar（名詞）,司教［教皇］代理、代理人
beneficiary（名詞）,受益者、利益を受ける人
outweigh（他動詞）,…に勝る、…より重い
overrun（他動詞）,…を覆う、…に群がる、…を越える、…を圧倒する
outcry（名詞）,（通常the [an] outcryで）激しい抗議、絶叫、悲鳴
jargon（名詞）,専門用語、（特定の集団の）用語
pertain（自動詞）,関係する、関係がある、適用される
biochemistry（名詞）,生化学
wry（形容詞）,（顔が）しかめっ面の、皮肉たっぷりの（限定用法）
rebound（自動詞）,はね返る、反響する、立ち直る
rebound（名詞）,はね返り、反響、立ち直り
rehabilitate（他動詞）,（人）を社会復帰させる、（人）にリハビリを施す、…を回復する
narcotic（名詞）,麻薬、麻酔薬、睡眠薬
narcotic（形容詞）,麻薬の、麻酔の、催眠性の
venerable（形容詞）,尊敬すべき、立派な、由緒ある、昔からある
relegate（他動詞）,…を格下げする、…を追いやる、…を降格する
commoner（名詞）,平民、庶民、一般人
unaccountable（形容詞）,説明できない、不可解な、奇妙な、責任がない
selector（名詞）,選択者、（スポーツ委員会の）選手選考委員、分離機
relent（自動詞）,折れる、態度を軟化する、弱まる、やさしい気持ちになる
provisional（形容詞）,一時的な、仮の、条件付きの
muddle（名詞）,混乱（状態）、ごたごた、乱雑、当惑
revert（自動詞）,戻る、再び始まる、（病気が）再発する
feudalism（名詞）,封建主義［制度］
advent（名詞）,（the adventで）出現、到来、開始
revolutionize（他動詞）,…に革命をもたらす、…に大革命を起こす
saturate（他動詞）,…をずぶぬれにする、…を満たす、（人）を没頭させる
urine（名詞）,尿、小便
snowflake（名詞）,雪片、オオマツユキソウ（植物名）
shimmer（自動詞）,かすかに光る、（光などに）ゆらめく
cod（名詞）,タラ、タラの肉
spawn（自動詞）,産卵する、産む
spawn（他動詞）,…を産む、…を引き起こす
spawn（名詞）,卵、はらこ、子どもたち
sprout（自動詞）,発芽する、成長し始める、急に増える
sprout（他動詞）,…を発芽させる、…を成長させる、（ひげなど）をはやす
sprout（名詞）,芽、芽キャベツ、もやし
promenade（名詞）,散歩（道）、遊歩（道）
promenade（他動詞）,…を散歩する、（人）を連れて歩く
promenade（自動詞）,散歩する
lance（名詞）,やり、ランセット
lance（他動詞）,…を（やりなどで）突く、…を（ランセットで）切開する
spurt（自動詞）,噴き出す、噴出する、大奮闘する、スパートをかける
spurt（名詞）,噴出、ほとばしり、（競走などの）スパート
subdivide（他動詞）,…をさらに分割する、…を宅地に分ける
legality（名詞）,合法性、適法性、法律厳守、法的義務
questionable（形容詞）,疑わしい、不確かな、いかがわしい、不審な
glamorous（形容詞）,魅力的な、華やかな、魅惑的な
allure（名詞）,魅力、魅惑（するもの）
allure（他動詞）,…を魅惑する
transcend（他動詞）,…を超える、…を超越する、…をしのぐ
melodramatic（形容詞）,メロドラマの（ような）、芝居がかった
undercut（他動詞）,…を損なう、…に傷をつける、…より安く売る
authenticity（名詞）,真実味、本物であること、信頼性、信憑性
flawless（形容詞）,傷のない、非の打ちどころがない、完全な
acclaim（他動詞）,…を称賛する、…を歓迎する
acclaim（自動詞）,拍手喝采する
acclaim（名詞）,拍手喝采、称賛
incomparable（形容詞）,比類のない、ずば抜けた、比較できない
saga（名詞）,冒険談、英雄物語、大河小説（saga novel）
pacifist（名詞）,平和主義者、無抵抗主義者
pacifist（形容詞）,平和主義（者）の（限定用法）
allude（自動詞）,ほのめかす、それとなく言う
shortcoming（名詞）,（通常shortcomingsで）欠点、短所
bureaucratic（形容詞）,官僚的な、官僚政治の
methodology（名詞）,方法論、手順、方法学
lousy（形容詞）,ひどい、見下げ果てた、不潔な、悪質な、シラミだらけの
bastard（名詞）,（無礼な）やつ、私生児、非嫡出子、偽物
bellow（他動詞）,…と大声でどなる
bellow（自動詞）,（牛などが）大声で鳴く、どなる、うめく
concur（自動詞）,同意見である、意見が一致する、同時に起こる
concur（他動詞）,…ということに同意する
supposition（名詞）,仮定、想定、推測
causal（形容詞）,原因の、因果関係の
elicit（他動詞）,（情報・返答など）を引き出す、…を聞き出す
candid（形容詞）,率直な、遠慮のない、気取らない
fruitless（形容詞）,無益な、無駄な、実りのない
culprit（名詞）,（通常the culpritで）犯人、罪人、刑事被告人
haunted（形容詞）,幽霊のよく出る、とりつかれた、おびえた
motel（名詞）,モーテル（街道沿いの簡易ホテル）
fabricate（他動詞）,（言い訳など）を作り上げる、…をでっち上げる、…を組み立てる
alibi（名詞）,アリバイ、現場不在証明、（失敗などの）言い訳
treatise（名詞）,専門書、（学術）論文
overstate（他動詞）,…を大げさに述べる、…を誇張して話す
instability（名詞）,不安定（な状態）、変わりやすさ
purport（他動詞）,…だと称する、…と主張する
purport（名詞）,趣旨、意味
definitive（形容詞）,決定的な、最終的な、最も信頼のおける、限定的な（限定用法が多い）
duo（名詞）,二重唱（の二人）、二重奏（の奏者）、デュオ
ramble（自動詞）,とりとめもなく話す、散歩する、（川・道が）曲がりくねっている
plight（名詞）,（悪い）状態、苦境、窮地
disadvantaged（形容詞）,恵まれない、貧しい、不利な（限定用法が多い）
diminutive（形容詞）,小さい、小型の、かわいい
diminutive（名詞）,小さい人［物］、愛称
hue（名詞）,色、色調、種類
alight（自動詞）,（鳥などが）舞い降りる、（乗り物などから）降りる
cerebral（形容詞）,脳の、大脳の、知性的な
bash（他動詞）,…を強打する、…を打ち壊す、…を激しく非難する
bash（自動詞）,激突する
bash（名詞）,強打、へこみ、とても楽しいパーティー
skull（名詞）,頭蓋骨、頭脳
braid（名詞）,お下げ髪、三つ編み（以上通常braidsで）、組みひも
braid（他動詞）,…を編む、…を結ぶ
beckon（他動詞）,（人）に合図［手招き］する、…を差し招く
beckon（自動詞）,合図する、手招きする
buff（他動詞）,…を（布などで）磨く
buff（名詞）,ファン、…狂
boutique（名詞）,ブティック
glossy（形容詞）,光沢のある、つやつやした、もっともらしい
glossy（名詞）,高級雑誌（glossy magazine）
bustle（自動詞）,せわしく動き回る、せかせかと立ち去る
bustle（名詞）,活気
cutlery（名詞）,（ナイフ、フォーク、スプーンなど）食事用器具類、刃物類、刃物製造業
fanatic（名詞）,狂信者、過激論者、熱狂的な愛好家、マニア
chuck（他動詞）,…を投げる、…を捨てる、…をやめる
grenade（名詞）,手投げ弾、手りゅう弾（hand grenade）
havoc（名詞）,大混乱、大破壊、大損害
clamber（自動詞）,よじ登る
clamber（名詞）,よじ登ること
rung（名詞）,（はしごの）段、（いすの脚の）横木
dusky（形容詞）,薄暗い、黒ずんだ、陰気な
loft（名詞）,屋根裏（部屋）、（教会などの）ギャラリー
loft（他動詞）,（球）を高く打ち上げる
fragmentary（形容詞）,断片の、破片の、断片からなる
embed（他動詞）,…を埋め込む、…をはめ込む、…を植える
granite（名詞）,花こう岩、御影石
embroider（他動詞）,…に刺繍を施す、（物語など）を潤色する
duster（名詞）,ふきん、ほこりを払う人［もの］
faultless（形容詞）,申し分のない、欠点がない、無傷の
potter（名詞）,陶器職人、陶工
engrave（他動詞）,…を刻む、…を彫る、…を版画で刷る
dainty（形容詞）,優美な、上品な、おいしい、好みにうるさい
flick（他動詞）,…をはじき飛ばす、（テレビなど）をぱちんとつける、…を素早く動かす
flick（自動詞）,急に動く
flick（名詞）,はじくこと、軽く打つこと、ピシッという音
butt（名詞）,（タバコの）吸い殻、残り、切れ端、（道具の）太い方の端
suspender（名詞）,ズボンつり、ガーター（以上はsuspendersで）、つるす人［物］
flop（自動詞）,倒れ込む、（音を立てて）倒れる、（計画などが）失敗する
flop（他動詞）,…をどさんと落とす
flop（名詞）,失敗
fumble（自動詞）,手探りする、探し回る、しくじる
ruby（名詞）,ルビー、深紅色（ruby red）
clothesline（名詞）,物干し用ロープ
gag（他動詞）,…にさるぐつわをはめる、（人）の言論を抑圧する
gag（自動詞）,吐き気を催す
adhesive（形容詞）,粘着性の、付着する（限定用法が多い）
adhesive（名詞）,粘着性物質、接着剤、粘着テープ（adhesive tape）
gape（自動詞）,口をぽかんと開けて見る、（傷口・服などが）大きく裂ける
gape（名詞）,（口をぽかんと開けて）見とれること、裂け目
larva（名詞）,幼虫、幼生
cobweb（名詞）,クモの巣、（cobwebsで）（頭の中の）もやもや、混乱
grimace（自動詞）,顔をゆがめる、しかめっ面をする
grimace（名詞）,しかめっ面
flank（名詞）,横腹、わき腹、側面
flank（他動詞）,…を側面に配置する
wrestler（名詞）,レスラー、レスリング選手
heave（他動詞）,…を持ち上げる、…を放り投げる、…を動かす
heave（自動詞）,（波などが）うねる、上下する
aloft（副詞）,高い所に、高々と、空中に
inflate（他動詞）,…を膨らませる、（通貨など）を膨張させる、（価格など）をつり上げる
airship（名詞）,飛行船
transcontinental（形容詞）,大陸横断の（限定用法が多い）
invert（他動詞）,…を逆さまにする、…をひっくり返す、…を裏返しにする
greasy（形容詞）,油で汚れた、油を塗った、油っこい、お世辞たらたらの
mince（他動詞）,…を細かく切る、…を刻む、…を細分化する
mince（名詞）,ひき肉
prawn（名詞）,クルマエビ、エビ
prawn（自動詞）,エビを捕る
clam（名詞）,二枚貝、無口な人
clam（自動詞）,潮干狩りをする
casserole（名詞）,キャセロール（ふた付きの蒸し焼き鍋）、蒸し焼き鍋料理
bony（形容詞）,（人が）骨ばった、やせた、骨の（多い）
prowl（自動詞）,こそこそとうろつく
prowl（他動詞）,…をうろつく
consulate（名詞）,領事館、領事の職［任期］
proxy（名詞）,代理、代理権、委任状、代理人
scrawl（他動詞）,…をぞんざいに書く、…を落書きする
minimal（形容詞）,最小の、最小限度の、微量の
reimbursement（名詞）,返済、弁済、賠償
scribble（他動詞）,…を走り書きする、…をなぐり書きする
scribble（自動詞）,落書きする
autograph（名詞）,自筆、サイン
duckling（名詞）,子ガモ、アヒルの子、カモの肉
scurry（自動詞）,急いで行く、ちょこちょこ走る
asphalt（名詞）,アスファルト
sever（他動詞）,…を切断する、（関係など）を絶つ、…を不和にする
artery（名詞）,動脈、（鉄道・道路などの）幹線
coma（名詞）,昏睡（状態）
shuffle（自動詞）,足を引きずって歩く、言い抜ける、シャッフルする
shuffle（他動詞）,…を移し替える、（人）の配置転換をする、（トランプ）を切る
pulpit（名詞）,（教会の）説教壇
bridal（形容詞）,花嫁の、結婚の（限定用法）
bridal（名詞）,結婚式、婚礼
smear（他動詞）,…を塗りつける、…に塗りつける、…を汚す、…を中傷する
smear（名詞）,汚れ、染み
margarine（名詞）,マーガリン
smother（他動詞）,…にたっぷりかける、…を厚く包む、…を窒息させる、（感情など）を押し隠す
syrup（名詞）,シロップ、糖みつ
snuff（他動詞）,①（ろうそくなど）を消す、…を消滅させる ②…を（鼻で）吸う、…をかぐ
snuff（自動詞）,鼻から吸う、くんくんかぐ
mantelpiece（名詞）,マントルピース、炉棚
stoke（他動詞）,…に燃料をくべる、（火・感情など）をかき立てる
stoke（自動詞）,燃料をくべる、腹ごしらえをする
briskly（副詞）,活発に、元気よく、てきぱきと
nominee（名詞）,指名［推薦］された人、（株券などの）名義人
strut（自動詞）,気取って歩く、誇らしげに歩く
strut（他動詞）,（服などを）見せびらかす
strut（名詞）,気取って歩くこと
convoy（名詞）,大型トラックの集団、護衛（隊）、船団、護送
convoy（他動詞）,…を護送する、…を護衛する
swerve（自動詞）,車のハンドルを急に切る、急にそれる、逸脱する
swerve（名詞）,それること、逸脱
maniac（名詞）,熱狂家、マニア、狂人
tinker（自動詞）,いじくり回す、下手に修繕する
tinker（名詞）,（渡りの）鋳掛け屋、行商人
gadget（名詞）,（便利な）機械装置、気の利いた道具、部品
infantry（名詞）,（the infantryで）歩兵（隊）
wade（自動詞）,（水中を）歩いて渡る、苦労して進む
numb（形容詞）,まひしている、（寒さで）かじかんだ、呆然とした
numb（他動詞）,…をまひさせる、…を無感覚にする
weld（他動詞）,…を溶接する、…を結合する、…を統合する
alloy（名詞）,合金、非金属、混ぜ物
alloy（他動詞）,…を合金にする
stud（名詞）,（飾り）びょう、飾りボタン、（建物の）間柱
stud（他動詞）,…に飾りボタンを付ける、…にちりばめる
wince（自動詞）,顔をしかめる、尻込みする、たじろぐ
abdomen（名詞）,腹部
wrench（他動詞）,…をねじる、…をもぎ取る、…をねんざする
wrench（自動詞）,ねじれる、よじれる
wrench（名詞）,レンチ、ねんざ、ねじること
hideous（形容詞）,恐ろしい、ぞっとする、忌まわしい
wrestle（他動詞）,…を組み伏せる、…と取っ組み合う
wrestle（自動詞）,組み打ちをする、レスリングする
wrestle（名詞）,組み打ち、レスリング
infamous（形容詞）,悪名の高い、不名誉な、恥ずべき
fugitive（名詞）,逃亡者、避難民、亡命者
meticulous（形容詞）,几帳面な、細かいことにこだわる、注意深い
abide（他動詞）,…を我慢する、…に耐える
abide（自動詞）,とどまる、住む
sloppy（形容詞）,だらしない、不注意な、めそめそした、汚れたままの
abstain（自動詞）,控える、慎む
fatty（形容詞）,脂肪（質）の、油っこい
fatty（名詞）,でぶ
herbal（形容詞）,草の、草本の、薬草の（限定用法が多い）
amass（他動詞）,…を蓄える、…を蓄積する
colossal（形容詞）,巨大な、莫大な、とてつもない
maritime（形容詞）,海の、海事の、海運業の（限定用法が多い）
inmate（名詞）,（刑務所の）囚人、（精神病院などの）患者、収容者
baptize（他動詞）,（人）に洗礼を施す、（人）を…の宗派の教徒にする、（人）に…の洗礼名を付ける
versatile（形容詞）,多芸多才の、用途の広い、融通性のある
brag（自動詞）,自慢する
brag（他動詞）,…を自慢する
repertoire（名詞）,レパートリー、上演［演奏］目録
christen（他動詞）,（人）に洗礼を施す、（人）に洗礼を施して…と命名する
deceased（形容詞）,死んだ、故…
deceased（名詞）,（the deceasedで）死者、故人
coax（他動詞）,…をあやす、…をおだてる、…をまるめ込む
coax（自動詞）,あやす、なだめる
toddler（名詞）,よちよち歩きの幼児
consign（他動詞）,（人）を（…に）追いやる、…を渡す、…をしまう、…を預ける、…を託す
guiltless（形容詞）,潔白な、罪のない、経験［知識］のない
convene（自動詞）,集まる、召集される
convene（他動詞）,…を召集する
resumption（名詞）,再開、続行、回収、回復
converge（自動詞）,集まる、群がる、集中する、一つにまとまる
premiere（名詞）,初日、初演、封切り、主演女優
premiere（自動詞）,初演される
premiere（他動詞）,…を初演する
premiere（形容詞）,初日の、初演の、主要な
crucify（他動詞）,（人）を十字架にはりつけにする、…を厳しく非難する
detention（名詞）,監禁、留置、（放課後の）居残り
demolish（他動詞）,…を破壊する、（計画など）をくつがえす、…を廃止する
debris（名詞）,破片、残骸、がらくた
mediation（名詞）,調停、仲裁、取り次ぎ
deploy（他動詞）,（軍隊など）を配備する、…を配置する
deploy（自動詞）,配備する、配置する
brigade（名詞）,大部隊、旅団、団体
dismantle（他動詞）,…を分解する、…を取り壊す、…から（設備などを）取り除く
projector（名詞）,投影機、投光器、プロジェクター、計画者
soot（名詞）,すす
soot（他動詞）,…をすすだらけにする
dispel（他動詞）,…を一掃する、…を追い払う
longstanding（形容詞）,ずっと昔からの、積年の（限定用法）
misconception（名詞）,誤認、思い違い、勘違い
disperse（他動詞）,…を（追い）散らす、（知識など）を広める、（ビラなど）をまき散らす
migrant（形容詞）,移住性の（限定用法）
migrant（名詞）,渡り鳥、季節労働者、移住者
provocative（形容詞）,挑発的な、物議を醸す、（人を）刺激する
paramount（形容詞）,最高（位）の、主要な、卓越した
economize（自動詞）,節約する、倹約する
economize（他動詞）,…を節約する、…を倹約する
visibility（名詞）,視界、（大気の）透明度、知名度
eject（他動詞）,…を追い出す、…を取り出す、（液体・気体など）を噴出する
eject（自動詞）,（パイロットが）緊急脱出する
leverage（名詞）,力、影響力、てこの作用
elude（他動詞）,…を逃れる、…をうまく避ける、（考えなどが）（人）に理解できない
indictment（名詞）,起訴、告発、非難、欠陥
adoration（名詞）,崇拝、熱愛、愛慕
emulate（他動詞）,…を見習う、…と張り合う、…に匹敵する
legislator（名詞）,立法者、法律制定者
enact（他動詞）,（法律）を制定する、…を立法化する、（劇）を上演する
err（自動詞）,過ちを犯す、思い誤る
fluctuation（名詞）,（数値などの）変動、変動幅、（精神的な）動揺
demographics（名詞）,（複数扱い）人口統計（値）、人口動態
tactful（形容詞）,如才ない、機転の利く
feign（他動詞）,…を装う、…のふりをする
allegiance（名詞）,忠誠、忠実さ、献身
guild（名詞）,（同業）組合、ギルド
royalist（名詞）,王政主義者、王党員
flirt（自動詞）,浮気する、いちゃつく、（考えなどを）もてあそぶ
forge（他動詞）,…を偽造する、…をでっち上げる、（関係など）を築く、（金属製品）を鍛造する
forge（名詞）,鍛冶炉、鍛冶場、鉄工所
affidavit（名詞）,宣誓供述書
fortify（他動詞）,…の防備を固める、…を強化する、…を補強する
fortress（名詞）,要塞（都市）、堅固な場所
ammunition（名詞）,弾薬、攻撃［防衛］手段
greyhound（名詞）,グレーハウンド（猟犬）、（Greyhoundで）グレーハウンドバス会社
fracture（他動詞）,（骨）を折る、（物）を壊す
fracture（自動詞）,折れる、骨折する、壊れる
fracture（名詞）,骨折、割れ目
mishap（名詞）,不運な出来事、ちょっとした事故、災難
boastful（形容詞）,自慢する、自慢好きの
nobleman（名詞）,貴族、高貴な生まれの人
gratify（他動詞）,（願望・好奇心など）を満たす、…を満足させる、…を喜ばせる、…を楽しませる
wreckage（名詞）,（難破船の）残骸、漂流物、難破、（計画の）破たん
hamper（他動詞）,…を妨げる、…を阻止する
hamper（名詞）,束縛
ferocious（形容詞）,猛烈な、恐ろしい、凶暴な、猛烈な
hoard（他動詞）,…を蓄える、…を貯蔵する
hoard（名詞）,貯蔵
impending（形容詞）,（危険などが）差し迫った、切迫した（限定用法が多い）
camper（名詞）,キャンプする人、キャンパー、キャンピングカー
huddle（自動詞）,（人が）集まる、身を寄せ合う、体を丸める、相談する、（アメフトで）ハドルを組む
huddle（他動詞）,…を集める
huddle（名詞）,群衆、集団、協議
pleasurable（形容詞）,楽しい、愉快な、快い
wanderer（名詞）,放浪者、さすらい人、歩き回る人
implore（他動詞）,（人）に懇願する、…を請う
scam（名詞）,詐欺、ぺてん
scam（他動詞）,（人）からだまし取る、（金・物）をだまし取る
adept（形容詞）,熟達した、熟練した、精通した
improvise（他動詞）,…を即興で作る［歌う、演奏する］、（食事など）を間に合わせで作る
improvise（自動詞）,即興で作る［歌う、演奏する］、間に合わせで作る
rhyme（名詞）,韻、同韻語
rhyme（自動詞）,韻を踏む
indict（他動詞）,…を起訴する、…を非難する
atrocity（名詞）,残虐（行為）、非道、極悪
padding（名詞）,詰め物、詰めること、余計な挿入句、水増し
insulate（他動詞）,…を断熱する、…を絶縁させる、…を孤立させる
invoke（他動詞）,（法など）を発動する、…を引き合いに出す、…を祈願する
amnesty（名詞）,恩赦、大赦、特赦
dissident（名詞）,反体制者、批判者、意見が違う人
dissident（形容詞）,意見を異にする、異議のある
statutory（形容詞）,法令の、法定の、制定法の（限定用法が多い）
levy（他動詞）,（税金）を課す、…を課税する
levy（名詞）,税金の取り立て、課税、徴収
pendulum（名詞）,（時計などの）振り子、動向、動揺するもの
lull（他動詞）,…を寝かし付ける、…をあやす、…を安心させる
lull（名詞）,一時的な静止
muster（他動詞）,（勇気など）を奮い起こす、…を召集する
muster（自動詞）,集まる、集合する
courtroom（名詞）,法廷
incremental（形容詞）,徐々に増加する、漸増の、漸進の
optimize（他動詞）,（システム・プログラムなど）を最適化する、…を最大限に利用する
idleness（名詞）,怠惰、遊んでいること、無駄
orchestrate（他動詞）,…を組み合わせる、…を結集する、…を組織化する、…を画策する
continuance（名詞）,連続、存続、継続期間、続き
pandemic（形容詞）,（病気が）世界的に大流行の、感染爆発の
pandemic（名詞）,感染爆発、パンデミック
uprising（名詞）,反乱、動乱、起床、起立
oust（他動詞）,（人）を追い払う、（人）を立ち退かせる、…を取り上げる
overcrowd（他動詞）,…をいっぱいにし過ぎる、…を混雑させる
overpopulation（名詞）,人口過剰
overhaul（他動詞）,…を徹底的に点検する、…を精査する
overhaul（名詞）,点検整備、オーバーホール
jumbo（名詞）,ジャンボジェット機（jumbo jet）、巨大なもの
jumbo（形容詞）,特大の、巨大な（限定用法）
recurrent（形容詞）,頻発する、再発する、繰り返される（限定用法が多い）
barge（名詞）,はしけ、平底荷船、屋形船
overload（他動詞）,…に荷を積み過ぎる、…に負荷を掛け過ぎる
overload（名詞）,積み過ぎ、過負荷
insurer（名詞）,保険業者、保険会社
overpay（他動詞）,…に払い過ぎる、…を余分に払う
override（他動詞）,（考えなど）をくつがえす、…を破棄する、…に優先する
censure（名詞）,非難、酷評、不信任
censure（他動詞）,…を非難する、…を酷評する
liquidity（名詞）,流動性、（資産の）換金性
pep（他動詞）,…を活気づける、…を元気づける
pep（名詞）,元気、活気、気力
crafty（形容詞）,悪賢い、ずる賢い
pervert（他動詞）,…をゆがめる、…を（正しい道から）そらす、…を悪用する
pervert（名詞）,変質者、変態
pitiless（形容詞）,情け容赦のない、無情な、無慈悲な
plunder（他動詞）,…を略奪する、…を略奪して荒らす
plunder（自動詞）,略奪する
plunder（名詞）,盗品、強奪
loot（名詞）,戦利品、略奪品、不正利得
covenant（名詞）,契約、誓約、約款
preclude（他動詞）,…を不可能にする、…を妨げる、…を排除する
homestead（名詞）,家屋敷、家と敷地、（建物を含む）農場
livestock（名詞）,家畜（類）
fundraising（名詞）,資金調達、基金募集
procure（他動詞）,…を調達する、…を入手する
erection（名詞）,建設、直立、起立、勃起
monastery（名詞）,（通常男性の）修道院、僧院
prod（他動詞）,…をせかす、…を駆り立てる、…をつつく
prod（自動詞）,せかす、つつく
prod（名詞）,刺激、つつくこと
anthropologist（名詞）,（文化）人類学者
bibliography（名詞）,参考文献一覧表、図書目録、書誌学
radiate（他動詞）,…を発する、…を発散させる
radiate（自動詞）,発する、放射状に広がる、輝く
mystic（形容詞）,神秘的な、秘法の、秘儀の（限定用法が多い）
mystic（名詞）,神秘論主義者
glamour（名詞）,うっとりするような魅力、魅惑、魔法
recharge（他動詞）,…を充電する、…の元気を回復させる
trek（名詞）,（徒歩による）旅行、トレッキング
expulsion（名詞）,除名、追放、排除、排せつ
reclaim（他動詞）,…を取り戻す、…を開墾する、…を埋め立てる、…を再利用する
focal（形容詞）,焦点の、中心的な、重要な（限定用法）
incumbent（形容詞）,現職の、在職の、責務である
incumbent（名詞）,現職者、在任者
reelect（他動詞）,…を再選する
brewery（名詞）,（ビールなどの）醸造所［会社］
refurbish（他動詞）,…を改装する、…を磨き直す、…を再び明るくする
repeal（他動詞）,…を廃止する、…を取り消す、…を破棄する
surveillance（名詞）,監視、監督、見張り
tract（名詞）,（陸などの）広がり、地域、土地、器官系
resell（他動詞）,…を転売する、…を再販売する
reset（他動詞）,…をセットし直す、…を再起動する、…をゼロに戻す
reset（名詞）,再起動、リセット
blackout（名詞）,停電、停止、灯火管制、記憶喪失、意識不明
abortive（形容詞）,不成功の、水泡に帰した、早産の、流産の
restart（他動詞）,…を再出発させる、…を再始動させる
therapeutic（形容詞）,治療法の、治療できる、健康上の
retard（他動詞）,…を遅らせる、…を阻止する
asthma（名詞）,ぜんそく
punk（名詞）,パンク調、パンクロック（punk rock）、不良、ちんぴら
reunite（自動詞）,再結合する、再会する
reunite（他動詞）,…を再結合させる、…を再会させる
gig（名詞）,①（ミュージシャンの）仕事、出演、演奏 ②一頭立て二輪軽馬車
militia（名詞）,市民軍、国民軍、民兵
sabotage（他動詞）,…に破壊行為をする、…を妨害する、…をサボタージュする
sabotage（名詞）,サボタージュ、妨害行為
arsenal（名詞）,兵器庫、兵器工場、武器
devastating（形容詞）,破壊的な、壊滅的な、衝撃的な、痛烈な
scorch（他動詞）,…の表面を焼く、…を焦がす、（草木）を枯らす
scorch（自動詞）,焦げる
scorch（名詞）,焼け焦げ
hectare（名詞）,ヘクタール（面積の単位；1万平方メートル）
sear（他動詞）,…の表面を焼く、…を焦がす、…を（心に）深く焼きつける
sear（自動詞）,焼ける、焦げる
veal（名詞）,子牛の肉、食用子牛
ceramic（形容詞）,陶磁器の、セラミックの
ceramic（名詞）,（通常ceramicsで）陶磁器、セラミック
simulate（他動詞）,…をシミュレートする、…をまねる、…のふりをする
configuration（名詞）,（部品・要素などの）配列、配置、形状、星位、星座
ion（名詞）,イオン
stipulate（他動詞）,（条件として）…を明記する、…を規定する、…を要求する
appropriation（名詞）,充当、流用、（政府や団体の）支出金、専有、横領
affiliation（名詞）,提携、合併、加入、加盟
polytechnic（名詞）,技術専門学校、工芸学校、理工科学校
polytechnic（形容詞）,工芸教育の、理工科の
subsidize（他動詞）,…に助成金を支給する、…を援助する
surmount（他動詞）,…を乗り越える、…を克服する、…の上にある
recourse（名詞）,頼ること、頼みとする人［物］
pageant（名詞）,野外劇、美人コンテスト（beauty pageant）、（仮装）行列
televise（他動詞）,…をテレビ放送する
partisan（名詞）,（党派などの）熱心な支持者、同志、パルチザン
partisan（形容詞）,党派心の強い
topple（他動詞）,…を（ぐらつかせて）倒す、…を転覆する
topple（自動詞）,ぐらつく、倒れる
transact（他動詞）,…を行う、…を処理する
transact（自動詞）,（業務・取引などを）行う、処理する
impediment（名詞）,障害、妨害（物）、身体的障害
surveyor（名詞）,測量士、監視官、検査官
inadvertently（副詞）,不注意に、軽率に、うっかり
trespass（自動詞）,不法侵入する、無断で立ち入る
artillery（名詞）,砲兵隊（the artilleryで）、大砲
underwrite（他動詞）,…の財政的保証をする、…の保険を引き受ける、（株式など）を引き受ける
consortium（名詞）,合弁企業［事業］、共同企業体、協会
barbarian（名詞）,野蛮人、未開人、無教養な人
barbarian（形容詞）,未開の（限定用法が多い）
repetitive（形容詞）,繰り返しの、反復される
uproot（他動詞）,…を根こそぎにする、…を引っこ抜く、…を立ち退かせる
ventilate（他動詞）,…を換気する、…に空気を通す、…に酸素を供給する
innermost（形容詞）,一番奥の、最も内部の、内に秘めた、心の奥の（限定用法）
incense（名詞）,香、芳香
veto（他動詞）,…に拒否権を行使する、…を拒否する、…を否認する
veto（名詞）,拒否権、禁止
referendum（名詞）,国民投票、住民投票
wager（他動詞）,…を賭ける、…を保証する
wager（名詞）,賭け金、賭け
poker（名詞）,（トランプの）ポーカー
woo（他動詞）,…を得ようとする、（人）に支持をせがむ、（女性）に求愛する
electorate（名詞）,選挙民、有権者、選挙区
buildup（名詞）,増強、強化、（新製品などの）宣伝、（緊張などの）高まり
symmetry（名詞）,（左右の）対称、調和、均整
porcelain（名詞）,磁器、磁器製品
astound（他動詞）,（人）をびっくり仰天させる
archaeologist（名詞）,考古学者
bristle（自動詞）,怒る、いら立つ、（動物が）毛を逆立てる
groundless（形容詞）,根拠のない、事実無根の
contender（名詞）,競争者、ライバル
egocentric（形容詞）,自己中心的な、利己的な
egocentric（名詞）,自分中心的な人
construe（他動詞）,…を解釈する、…を説明する、…を翻訳する
outright（形容詞）,完全な、明白な、無条件の（限定用法）
outright（副詞）,公然と、徹底的に
defiance（名詞）,無視、挑戦［反抗］的な態度、挑戦
mandate（名詞）,指令、命令、委任統治、為政権
mania（名詞）,異常な熱意、熱狂、躁病
caricature（名詞）,（特徴などを誇張した）風刺（漫）画
covet（他動詞）,（他人の物）を欲しがる、…を切望する
deduce（他動詞）,…を推定する、（推論から）（結論）に達する
bacterial（形容詞）,細菌の、バクテリアの
attributable（形容詞）,起因する、（…に）帰すことができる（叙述用法）
digestive（形容詞）,消化の、消化力のある（限定用法が多い）
enzyme（名詞）,酵素
delude（他動詞）,（人）の心［判断］を惑わす、…を欺く
deficient（形容詞）,欠けている、不足した、不完全な
performing（形容詞）,舞台の、演技の、芸をするように仕込まれた
deplore（他動詞）,…を遺憾に思う、…を嘆く、…を非難する
accountability（名詞）,説明責任、アカウンタビリティー
deceitful（形容詞）,不正直な、人をだます、人を誤らせるような
entangle（他動詞）,…を巻き込む、…をもつれさせる、…を引っ掛ける
benign（形容詞）,良性の、親切な、慈悲深い
perplexity（名詞）,当惑、混乱、（通常perplexitiesで）当惑させるもの、難問
envisage（他動詞）,…を予想する、…を心に描く
autonomous（形容詞）,自治の、自治権のある、自律（性）の
viable（形容詞）,存続可能な、実行できる、成功しそうな
envision（他動詞）,…を思い描く、…を想像する、…に思いを巡らす
duet（名詞）,二重唱（曲）、二重奏（曲）、デュエット
alto（名詞）,アルト（女性の低音部）、アルト歌手
exasperate（他動詞）,（人）をいら立たせる、…を憤慨させる
erratic（形容詞）,気まぐれな、とっぴな、不規則な
ferret（他動詞）,…を突き止める、…を探し出す、（ウサギなど）を（フェレットを使って）狩り出す
ferret（名詞）,フェレット（イタチの一種）
shipwreck（名詞）,難破、沈没、難破船
detector（名詞）,探知器、検出器
debtor（名詞）,借り主、債務者
fret（自動詞）,気に病む、いらいらする、思い悩む
installment（名詞）,（ローンの1回の）支払い、（連続ものの）1回分
anchorage（名詞）,停泊（地）、固定するもの、頼みの綱
wharf（名詞）,埠頭、波止場
loom（自動詞）,ぼんやり見える、不気味に現れる
loom（名詞）,織機、はた
overhear（他動詞）,…をふと耳にする、…を立ち聞きする
franchise（名詞）,フランチャイズ、販売権、特権、（the franchiseで）公民権
franchise（他動詞）,…に特権を与える
safari（名詞）,狩猟旅行、サファリ
preoccupy（他動詞）,（人）を夢中にさせる、…の心を奪う
ratify（他動詞）,…を承認する、…を批准する
proliferation（名詞）,拡散、まん延、増殖
armament（名詞）,兵器、軍備、軍事力
councilor（名詞）,議員、評議員、顧問官
recollect（他動詞）,…を思い出す
recollect（自動詞）,思い出す
ventilation（名詞）,換気、換気状態、公開討論、自由な論議
refute（他動詞）,…を論破する、…の誤りを証明する
faulty（形容詞）,欠点［欠陥］のある、誤った
presumption（名詞）,推定、仮定、確信、推定［仮定］の根拠
resonate（自動詞）,（音が）鳴り響く、共鳴する、感銘を与える
challenged（形容詞）,（主に米；副詞を伴って）ハンディを負った、身体に障害のある
disquiet（名詞）,不安、心配、不穏
disquiet（他動詞）,（人）を不安にする
revere（他動詞）,…をあがめる、…を崇敬する
eligible（形容詞）,資格のある、適格の、適任の、望ましい
tenure（名詞）,（大学教員の）終身在職権、保有（権）、保有期間
savor（他動詞）,…を十分に味わう、…を心ゆくまで楽しむ
savor（名詞）,味、風味、特色、感じ
aroma（名詞）,香り、香気、気品、風格
sesame（名詞）,ゴマ（sesame seeds）、ごま油（sesame oil）
scrutinize（他動詞）,…を詳細に調べる、…をじっくり吟味する
treachery（名詞）,裏切り、不信、背信（行為）
bladder（名詞）,ぼうこう、袋状組織、気泡、浮き袋
throb（自動詞）,ずきずき痛む、（心臓が）脈打つ、振動する
throb（名詞）,ずきずきする痛み、動悸、振動
tingle（自動詞）,ひりひり痛む、うずく、ぞくぞくする
frosty（形容詞）,霜の降りた、凍るような、（人が）冷たい
consul（名詞）,領事、（古代ローマの）執政官
defiant（形容詞）,反抗的な、挑戦的な、けんか腰の
vex（他動詞）,（人）を怒らせる、…をやきもきさせる
fungus（名詞）,真菌、カビ
hog（名詞）,（米）（成長した）ブタ、（英）（食肉用の去勢した）雄豚、貪欲な人、大食いの人
locust（名詞）,バッタ、イナゴ、セミ
nymph（名詞）,ニンフ（山・川・木などに住む妖精）、乙女、美少女
phoenix（名詞）,フェニックス、不死鳥（不滅・復活の象徴）、不滅の人
predator（名詞）,捕食動物、略奪者
raven（名詞）,ワタリガラス、大型のカラス（不吉の兆しとされる）
raven（形容詞）,真っ黒の（限定用法）
ambush（名詞）,待ち伏せ（して奇襲すること）
ambush（他動詞）,…を待ち伏せして奇襲する
archer（名詞）,弓の射手、アーチェリーの選手
bout（名詞）,一試合、一期間、不快な状態、（病気の）発作
dexterity（名詞）,器用さ、巧妙さ、機敏さ、抜け目なさ
dullness（名詞）,のろいこと、鈍感、不景気、退屈
exodus（名詞）,（an [the] exodusで）大人数の大移動、集団移動
firing（名詞）,発砲、発射、点火、解雇
fray（名詞）,（the frayで）けんか、争い、口論
fray（他動詞）,…をすり切れさせる
gymnastics（名詞）,体育、（器械）体操、知的訓練
impetus（名詞）,起動力、勢い、（物体の運動の）駆動力
inertia（名詞）,不活発、緩慢、ものぐさ、慣性
jolt（名詞）,急激で激しい揺れ、驚き
jolt（他動詞）,…を激しく揺らす
jolt（自動詞）,（車などが）揺れる
mountaineer（名詞）,山の住人、土地の人、登山者
mountaineer（自動詞）,登山をする
racecourse（名詞）,（英）競馬場、競走場
tee（名詞）,①（ゴルフの）ティー（球を載せる台） ②（文字の）T、t、T字型のもの、Tシャツ
antibiotic（名詞）,（通常antibioticsで）抗生物質
booster（名詞）,士気［気力］を高めるもの、後援者、（効能を維持する）2回目の予防接種
burnout（名詞）,（ロケットの）燃料終了、焼損、燃え尽き、虚脱感
childbearing（名詞）,出産、分娩
childbearing（形容詞）,出産可能な、出産の
complexion（名詞）,肌の色、顔色、（通常a [the] complexionで）様子、外観
diarrhea（名詞）,下痢
extraction（名詞）,抽出（物）、抜歯、採掘、エキス、血統
gland（名詞）,腺
hype（名詞）,皮下注射（器［針］）、麻薬常用者、誇大広告
indigestion（名詞）,消化不良、胃弱、不消化
maternity（名詞）,母であること、母性、産科病院
paralysis（名詞）,まひ、まひ状態
penis（名詞）,ペニス、陰茎
piss（名詞）,小便（をすること）
piss（自動詞）,小便をする
spasm（名詞）,けいれん、ひきつけ、発作、（感情などの）爆発
sperm（名詞）,精液、精子
ulcer（名詞）,潰瘍
affinity（名詞）,強い好み、親近感、親類（関係）、類似点［性］、密接な関係
antagonism（名詞）,敵意、敵対、対立
aversion（名詞）,（通常an aversionで）反感、嫌悪
brutality（名詞）,残忍性、残虐行為
composure（名詞）,落ち着き、平静
dishonesty（名詞）,不正直、不誠実、不正（行為）、ごまかし、詐欺、盗み
fervor（名詞）,熱情、熱烈、白熱
fidelity（名詞）,忠誠、忠実、貞節
foresight（名詞）,先見の明、洞察力、見通し、展望、慎重さ
frenzy（名詞）,逆上、熱狂、狂乱
frenzy（他動詞）,（人）を逆上させる
grievance（名詞）,不平、苦情、不満の原因
heartache（名詞）,心痛、悲嘆
heartbreak（名詞）,（a heartbreakで）悲嘆、悲痛、傷心
hysteria（名詞）,病的な興奮（状態）、ヒステリー
inducement（名詞）,誘因、勧誘、動機、報酬
ingratitude（名詞）,恩知らず、感謝の気持ちがないこと
inhibition（名詞）,自制心、抑制、抑圧、禁止
leaning（名詞）,傾き、傾向、好み、偏向
outburst（名詞）,（笑い・怒りなどの）爆発、ほとばしり
poise（名詞）,平衡、つり合い、平静、（優雅な）身のこなし
reassurance（名詞）,安心、安心させるもの、元気づけの言葉
resonance（名詞）,反響、心に響くこと、共鳴
screaming（名詞）,鋭く叫ぶこと、絶叫
screaming（形容詞）,鋭く叫ぶ
solemnity（名詞）,厳粛、まじめさ、（通常solemnitiesで）荘厳な儀式式典
timidity（名詞）,臆病、小心、内気
trance（名詞）,夢うつつ、恍惚、夢中、失神、トランス（状態）
tranquility（名詞）,静けさ、平穏、冷静
whim（名詞）,気まぐれ、出来心、むら気
handiwork（名詞）,手仕事、手工芸（品）
modernism（名詞）,（芸術などの）現代主義、モダニズム、現代風
modernist（名詞）,現代主義者、モダニスト
octave（名詞）,オクターブ、8度音程、第8音
pastel（名詞）,パステル（画）、柔らかな淡い色彩
subculture（名詞）,サブカルチャー、下位文化
aesthetics（名詞）,美学
antonym（名詞）,反意語、反義語
baptism（名詞）,洗礼（式）、浸礼、バプテスマ、入会式
cliche（名詞）,使い古された［陳腐な］決まり文句、ありきたりの方法
commencement（名詞）,開始、始まり、（米）（大学の）学位授与式、（米）（高校の）卒業式
contemplation（名詞）,じっくり考えること、沈思黙考、瞑想、意図、見込み
generality（名詞）,一般性、（通常generalitiesで）一般論、（通常the generalityで）大部分
glossary（名詞）,用語解説、語彙集
martyr（名詞）,殉教者
martyr（他動詞）,…を殉教者として殺す
mosque（名詞）,モスク、イスラム教寺院
nuance（名詞）,（表現などの）微妙な差異、ニュアンス
numeral（名詞）,数字、（文法で）数詞
numeral（形容詞）,数の
orthodoxy（名詞）,正説、正教、正統性、正統な慣行［信念］
paradigm（名詞）,パラダイム、理論的枠組、模範、語形変化（表）
parenthesis（名詞）,挿入語句、（通常parenthesesで）丸かっこ
particularity（名詞）,特質、特徴、独自性、詳細
recitation（名詞）,暗唱（文）、朗読、（事実などの）列挙、詳説
reviewer（名詞）,評者、批評家、検閲者
shorthand（名詞）,速記（法）、簡潔な言い方
skeptic（名詞）,懐疑論者、疑い深い人、無神論者
synthesis（名詞）,総合、統合（体）、合成、総合法
countdown（名詞）,カウントダウン、秒読み、（大事な行事の）直前
midsummer（名詞）,真夏、盛夏
midsummer（形容詞）,真夏の
noonday（名詞）,正午、真昼
noonday（形容詞）,正午の、真昼の（限定用法）
onset（名詞）,（the onsetで）開始、始まり、到来
outset（名詞）,（the outsetで）初め、発端
peacetime（名詞）,平時
peacetime（形容詞）,平時の
showdown（名詞）,大詰め、土壇場、最後の対決、決着
ammonia（名詞）,アンモニア
biomass（名詞）,バイオマス（エネルギーとしての生物資源）、生物量
cascade（名詞）,小滝、分かれ滝、滝状の物、縦続、直列
coral（名詞）,サンゴ、サンゴ細工、サンゴ色
embryo（名詞）,胚、胚芽、胎児
gravitation（名詞）,引き寄せられること、重力、引力
iceberg（名詞）,氷山
laurel（名詞）,月桂樹、（laurelsで）月桂冠、名誉
lilac（名詞）,ライラック（の花）、リラ、薄紫色、藤色
manure（名詞）,（有機質）肥料、肥やし
manure（他動詞）,（土地）に肥料をやる
naturalist（名詞）,動物［植物］研究者、博物学者、自然主義者、ナチュラリスト
oat（名詞）,オート麦
upheaval（名詞）,大変動、激動、隆起
beige（名詞）,ベージュ色
beige（形容詞）,ベージュ色の
bingo（名詞）,ビンゴ（ゲーム）
bingo（間投詞）,やったぞ、そのとおり、当たり
coexistence（名詞）,共存
cohesion（名詞）,結束、つながり、粘着、団結、（原子・分子の）凝集（力）
compression（名詞）,圧縮（状態）、圧搾、（文章などの）要約、（コンピューターで）（ファイルの）圧縮
concord（名詞）,一致、調和、友好関係、平和、（文法で）（人称・性・数などの）一致、協和音
confidentiality（名詞）,内密であること、機密性、機密保持
connector（名詞）,結合する人［物］、連結器、連結装置、連結作業者
conveyance（名詞）,運搬、輸送（機関）、乗り物、伝達
eminence（名詞）,（地位・身分が）高いこと、名声、卓越、（Eminenceで）猊下（枢機卿の尊称）
facing（名詞）,（壁などの）表面仕上げ、化粧張り、（facingsで）（軍服などの）縁飾り
fraternity（名詞）,兄弟関係、兄弟愛、（米）（男子学生の）友愛会
furnishing（名詞）,（furnishingsで）備え付け家具、備品（カーペットやカーテンも含む）
lather（名詞）,せっけんの泡、（馬の）泡汗、興奮
lather（自動詞）,（せっけんが）泡立つ
liaison（名詞）,連絡（係）、接触、不倫、連結発音
magnificence（名詞）,壮大、豪華、荘厳な雰囲気、壮麗
millstone（名詞）,石臼、重荷
parody（名詞）,パロディー、下手な模倣
parody（他動詞）,…をもじる、…を下手にまねる
pawn（名詞）,①質入れ、質草、担保 ②（チェスの）ポーン、手先
pawn（他動詞）,…を質に入れる
payoff（名詞）,（給料・借金などの）支払い、報酬、わいろ
propriety（名詞）,作法、礼儀正しさ、礼節、妥当性
regression（名詞）,後退、退行、後戻り
regulator（名詞）,規定する人、取り締まる人、（ガス・電気などの）調節器
sedan（名詞）,（米・豪）セダン型自動車（普通の箱形自動車）
semblance（名詞）,外見、うわべ、見せ掛け、類似
stopover（名詞）,（空の旅での）旅行途中の短期滞在、途中下車
stoppage（名詞）,中止［停止］すること、障害
subdivision（名詞）,再分割、一区画、（米）分譲地
tint（名詞）,色合い、色調、ほのかな色、淡色
tint（他動詞）,…に薄い色合いを付ける
advocacy（名詞）,弁護、支持、擁護
affiliate（名詞）,支部、支社、系列会社
affiliate（他動詞）,…を提携させる
affiliate（自動詞）,加入する、提携する
affluence（名詞）,豊かさ、富、財、富裕、流入
birthright（名詞）,生得権、（長子の）相続権
borrowing（名詞）,借用、借りたもの、借金、借用語
bourgeois（名詞）,ブルジョア、中産階級の市民、資本家
bourgeois（形容詞）,中産階級の、資本主義の
centralization（名詞）,中央集権（化）、集中（化）
conjunction（名詞）,結合、連結、共同、（事件などの）同時発生、（文法で）接続詞
deterrent（名詞）,抑止するもの［手段］、妨害物、（核兵器などの）戦争抑止力
dominion（名詞）,支配（権）、領地、（土地の）所有権、（旧英連邦の）自治領
embargo（名詞）,通商停止、（商船の）出入港禁止（命令）、禁止、制限
envoy（名詞）,公使、使節、使者、特命全権大使
influx（名詞）,（通常an influxで）流入、殺到
interrogation（名詞）,尋問、取り調べ
misconduct（名詞）,非行、不品行、職権乱用、違法行為
moratorium（名詞）,一時停止、支払猶予、モラトリアム
proponent（名詞）,提案者、擁護者、支持者
rebirth（名詞）,復活、復興、再生、更生、改心
remittance（名詞）,送金、送金額
retrieval（名詞）,取り返し、回収、回復、復旧、救助、検索
socialization（名詞）,社会（主義）化
solidarity（名詞）,団結、結束、連帯意識、（利害・目的などの）一致
speculator（名詞）,投機家、相場師、思索家、理論家
unionist（名詞）,労働組合員、合同主義者、連邦主義者
additive（名詞）,（食品などの）添加物、（ガソリンなどの）添加剤
additive（形容詞）,添加の、付加の、加法の
ale（名詞）,エール（ビールの一種）
broth（名詞）,ブロス（肉・魚・野菜などを煮出したスープ）
carbohydrate（名詞）,炭水化物、（通常carbohydratesで）炭水化物食品
dripping（名詞）,したたり、水滴、（drippingsで）（焼肉の）たれ汁
fixing（名詞）,固定、取り付け、（米）修理、（fixingsで）（くぎなどの）修理用品、（料理の）付け
gin（名詞）,ジン（蒸留酒の一種）
malt（名詞）,麦芽、モルト、モルトウイスキー
malt（他動詞）,（大麦）を麦芽にする
oatmeal（名詞）,ひき割りオート麦、オートミール（麦のおかゆ）
ration（名詞）,割り当て量、定量、（食糧不足時の）配給量
ration（他動詞）,…を（一定量に）制限する
sustenance（名詞）,（生命を維持する）食物、滋養物、生計（手段）、（精神的な）支え
allotment（名詞）,割り当て（ること）、割り当てられたもの、分け前、（英）市民菜園
bulge（名詞）,出っぱり、（腹などの）脂肪、一時的増加、（価格の）急騰
discrepancy（名詞）,不一致、相違、矛盾
exaltation（名詞）,（地位などを）高めること、称賛、大得意、有頂天
expectancy（名詞）,期待、予想、予測値、期待値
gloss（名詞）,光沢、つや、（a [the] glossで）見せ掛け、虚飾
gloss（他動詞）,…のつやを出す
infinity（名詞）,無限（性）、無数、無限大
parameter（名詞）,媒介変数、パラメーター、（通常parametersで）限定要素、要因、限界
quid（名詞）,（英）1ポンド
relativity（名詞）,相対性、関連性
variant（名詞）,異なるもの、変形
variant（形容詞）,異なる、さまざまな（限定用法）
concealment（名詞）,隠すこと、隠匿、隠されている状態、潜伏
differentiation（名詞）,区分、差別、分化
facade（名詞）,（建物の）正面、前面、外見、うわべ
facet（名詞）,（問題・物事などの）面、様相、（宝石などの）小面
groove（名詞）,溝、わだち、慣例、楽しく愉快なこと、リズム（感）
midland（名詞）,（通常the midlandで）中部地方、内陸部
niche（名詞）,最も適した地位［場所・仕事］、ニッチ、壁面のくぼみ、市場のすき間
notch（名詞）,V字型の切り込み、段、級、程度
notch（他動詞）,…に（V字型の）刻み目をつける
proximity（名詞）,（時間・距離・関係などが）近いこと、接近
quarry（名詞）,採石場、（知識などの）源泉、（引用句などの）出所
quarry（他動詞）,（石）を切り出す、…を採石する
repository（名詞）,収納［保管］場所、容器、知識の宝庫
rift（名詞）,切れ目、裂け目、亀裂
shroud（名詞）,死者を包む白布、経かたびら、覆い、幕、とばり
terminus（名詞）,（鉄道・バスなどの）終点、終着駅
underside（名詞）,下側、底面、裏面
vista（名詞）,眺め、展望、（未来の）展望、（過去の）回想
adherent（名詞）,味方、支持者、信奉者
adherent（形容詞）,粘着性の、付着する、執着する
airman（名詞）,パイロット、飛行士、航空兵
antagonist（名詞）,敵対者、競争相手、ライバル、拮抗筋、拮抗剤
bloke（名詞）,（英）やつ、男
caddie（名詞）,（ゴルフの）キャディー
courier（名詞）,配達人、（国際）宅配便業者、特使、案内人
custodian（名詞）,（公共物の）管理人、用務員、守衛、後見人
forefather（名詞）,（通常forefathersで）先祖、祖先
headteacher（名詞）,（英）校長（＝［米］principal）
mentor（名詞）,（信頼のおける）助言者、指導者、師
midwife（名詞）,助産師［婦］、産婆
newsagent（名詞）,（英）新聞・雑誌販売業者（＝［米］newsdealer）
outcast（名詞）,追放された人、浮浪者、のけ者
scapegoat（名詞）,他人の罪を負う者、身代わり
seniority（名詞）,年上、年長、年功
suitor（名詞）,（男の）求婚者、企業買収を図る企業、原告
wretch（名詞）,不幸な人、（愛情を込めて）やつ
accelerator（名詞）,アクセル（ペダル）、促進剤、加速器
amber（名詞）,琥珀（樹脂の化石）、琥珀色、（交通信号の）黄色
chisel（名詞）,のみ、彫刻刀
chisel（他動詞）,…をのみで彫る、（人）をだます
churn（名詞）,（バターを作る）攪乳器
churn（他動詞）,（クリーム・牛乳）を攪乳器で激しくかき混ぜる
clothespin（名詞）,（米）洗濯ばさみ
crank（名詞）,（機械の）クランク、L字型ハンドル、変人、（米）気難し屋、覚せい剤
crib（名詞）,（米）ベビーベッド、かいば桶、（穀物用の）貯蔵箱
crib（他動詞）,…を盗用する
derivative（名詞）,派生物、派生語、デリバティブ、金融派生商品、誘導体
derivative（形容詞）,独創性のない、模倣した
diesel（名詞）,ディーゼルエンジン、ディーゼル燃料、ディーゼル車［機関車］
dropping（名詞）,落下（物）、滴下、（droppingsで）（動物・鳥の）ふん
flint（名詞）,火打ち石、ライターの石
frill（名詞）,（服・カーテンなどの）へり飾り、フリル、（通常frillsで）余分なもの
fuse（名詞）,ヒューズ、導火線、信管
helm（名詞）,（船の）かじ、操舵装置、（the helmで）支配、指揮権
mainframe（名詞）,（大型）汎用コンピューター、メインフレーム
mortar（名詞）,モルタル（セメント・石灰・砂を混ぜたもの）
neutron（名詞）,中性子、ニュートロン
plaything（名詞）,おもちゃ、おもちゃにされる人
rubble（名詞）,（石・れんがなどの）破片、がれき、割石
semicircle（名詞）,半円、半円形の物
sham（名詞）,偽物、まがい物、いんちき、詐欺師
sham（形容詞）,見せ掛けの、偽の（限定用法）
shred（名詞）,切れ端、断片
shred（他動詞）,…を細く切る、…をシュレッダーにかける
slate（名詞）,スレート、粘板岩、（昔の筆記用の）石板、（米）候補者名簿
spout（名詞）,（やかんなどの）口、噴出口、雨どい
spout（他動詞）,…を噴出する、…をまくしたてる
stub（名詞）,（鉛筆・ろうそくなどの）使い残り、（タバコの）吸殻、（小切手の）控え、（木の）切り
sulfur（名詞）,硫黄
transistor（名詞）,トランジスタ、トランジスタラジオ
trimming（名詞）,（trimmingsで）切り取った物、（料理などの）添え物、（衣服などの）飾り
varnish（名詞）,ニス、ワニス、光沢、ごまかし
vault（名詞）,アーチ形の天井［屋根］、地下貯蔵室、金庫室
wedge（名詞）,くさび、くさび形の物
wedge（他動詞）,…をくさびで留める、…にくさびを入れ（て…の状態にす）る
wig（名詞）,かつら
wig（自動詞）,（wig outで）逆上する、興奮する
wig（他動詞）,（人）を逆上させる
divisional（形容詞）,分割する、区分的な（限定用法）
dual（形容詞）,2つの部分からなる、二重の、二元的な、2の、2を表す（限定用法）
elevated（形容詞）,（地位が）高い、高揚した、高尚な
foremost（形容詞）,（the foremostで）一番先の、最も重要な（限定用法）
immovable（形容詞）,（物が）動かせない、固定された、（決意などが）確固たる
interdependent（形容詞）,相互依存の
intermediary（形容詞）,仲介の、媒介の、中間の（限定用法）
intermediary（名詞）,仲介者、媒介者、媒介
paternal（形容詞）,父（方）の、父親らしい、父のような（限定用法）
pervasive（形容詞）,広がる、行き渡る、普及する
proportionate（形容詞）,釣り合った、比例した
relational（形容詞）,関係を示す、相関的な、関係のある
reliant（形容詞）,頼っている、当てにしている
reversible（形容詞）,逆にできる、（衣服が）リバーシブルの、元へ戻せる
rotary（形容詞）,回転する、回転式の（限定用法）
rotary（名詞）,（米）ロータリー、環状交差点
symmetrical（形容詞）,左右相称的な、対称の、釣り合いの取れた
cognitive（形容詞）,認識の、認知に関する
colloquial（形容詞）,口語（体）の、話し言葉の
discernible（形容詞）,認められる、認識できる、識別できる
elusive（形容詞）,理解しにくい、とらえどころのない、捕まえにくい
empirical（形容詞）,経験による、経験上の（限定用法が多い）
existential（形容詞）,存在の、実存主義の
figurative（形容詞）,比喩的な、文字どおりでない
geometric（形容詞）,幾何学の、幾何学的な
holistic（形容詞）,全体論の、全体論的な
investigative（形容詞）,調査の、研究の、捜査の（限定用法が多い）
methodical（形容詞）,整然とした、きちょうめんな
microscopic（形容詞）,顕微鏡の、顕微鏡でしか見えない、微小の
molecular（形容詞）,分子の（限定用法）
monumental（形容詞）,不朽の、不滅の、途方もない、記念碑的な、堂々とした（限定用法が多い）
mythical（形容詞）,神話の、神話上の、架空の（限定用法が多い）
occult（形容詞）,魔術的な、神秘的な
occult（名詞）,超自然的なもの、オカルト（現象）
proverbial（形容詞）,ことわざの、ことわざに使われている、評判の、おなじみの
reactive（形容詞）,よく反応する、反応しやすい、反応型の
substantive（形容詞）,実在の、実質的な、本質的な
utilitarian（形容詞）,実用的な
utilitarian（名詞）,功利主義（者）
gastric（形容詞）,胃の、胃部の（限定用法）
hale（形容詞）,（老人が）強健な、元気がよい
hale（他動詞）,…を強く引っ張る
injurious（形容詞）,（健康などに）有害な、（感情・名声などを）傷つける
malignant（形容詞）,悪性の、悪意［敵意］のある
neurotic（形容詞）,神経症の、ノイローゼの、神経過敏な
neurotic（名詞）,神経症患者
psychiatric（形容詞）,精神医学の（限定用法）
retarded（形容詞）,知能の遅れた、知的障害の（軽蔑的とされる）
toothless（形容詞）,歯がない、歯が抜けた、（組織・規則などが）効力がない
appalling（形容詞）,（人を）ぞっとさせる、恐ろしい、驚くばかりの、ひどい
audible（形容詞）,聞こえる、聞き取れる
awakening（形容詞）,目を覚ましつつある、覚せいさせるような、目覚しい
awakening（名詞）,目覚め、覚せい、自覚
beastly（形容詞）,嫌な、ひどい、獣のような、残忍な
beastly（副詞）,ひどく、いやに
blinding（形容詞）,目をくらます、分別を失わせるような（限定用法）
creepy（形容詞）,身の毛のよだつ、ぞっとする、（虫などが）はう
eerie（形容詞）,不気味な、薄気味の悪い、ぞっとする
expectant（形容詞）,期待をもった、妊娠中の
forbidding（形容詞）,不気味な、怖い、危険な
fraught（形容詞）,心配して、緊張して、気がかりな、（危険・困難に）満ちた
inflammatory（形容詞）,怒りをかき立てる、扇動的な、炎症性の
intriguing（形容詞）,興味をそそられる、魅力ある、陰謀を企てる
lamentable（形容詞）,悲しむべき、嘆かわしい、遺憾な
objectionable（形容詞）,異議のある、不快な、いかがわしい
oblivious（形容詞）,忘れて、気に留めない、気付かない
observant（形容詞）,観察力［知覚力］の鋭い、注意深い
possessed（形容詞）,（悪霊などに）とりつかれた（叙述用法）
sensual（形容詞）,官能的な、好色な、肉体的感覚の
unspoken（形容詞）,（合意などが）暗黙のうちの、言葉にして発せられない、無言の
wistful（形容詞）,物思いに沈んだ
arduous（形容詞）,困難な、骨の折れる、努力を要する
articulate（形容詞）,はっきりした、明瞭な
articulate（他動詞）,…をはっきり発音する
bumpy（形容詞）,でこぼこの、がたがた揺れる
cellular（形容詞）,細胞の、（布地が）目の粗い、（無線通信が）セルラー方式の（限定用法が多い）
ceremonious（形容詞）,儀式ばった、厳かな、儀礼を尽くした（限定用法が多い）
convertible（形容詞）,変換できる、（車が）コンバーチブル型の、幌をたためる
convertible（名詞）,コンバーチブル型自動車
creditable（形容詞）,立派な、尊敬に値する、信頼できる、名誉となる
crossed（形容詞）,横線を引いた、妨害された、混線した
deserving（形容詞）,（称賛・非難などに）値する（以上叙述用法）、（限定用法）資格のある
desolate（形容詞）,（場所が）人けのない、荒れ果てた、わびしい、寂しい
desolate（他動詞）,…を悲しませる、…を荒廃させる
disorderly（形容詞）,無秩序の、乱雑な、乱暴な、無法な
dormant（形容詞）,（火山などが）休止状態である、（能力などが）潜在している、（権利などが）未発動の
floppy（形容詞）,（生地などが）柔軟な、ばたつきやすい、だらりとした
floppy（名詞）,フロッピーディスク
gallant（形容詞）,勇ましい、堂々とした、立派な、（女性に）親切な
ghostly（形容詞）,幽霊の（ような）、ぼんやりとした、かすかな（限定用法が多い）
homely（形容詞）,（雰囲気などが）家庭的な、質素な、やぼったい、平凡な
inconspicuous（形容詞）,目立たない、注意を引かない、地味な
indistinct（形容詞）,不明瞭な、はっきりしない、ぼやけている
latent（形容詞）,隠れた、潜在性の、表面に出ない（限定用法が多い）
laughable（形容詞）,ばかばかしい、おかしい
lax（形容詞）,ゆるい、たるんだ、怠慢な、手ぬるい、だらしのない
monotone（形容詞）,単調な、一本調子の、つまらない
monotone（名詞）,単調な話し方、単調音
ornate（形容詞）,どぎつく飾り立てる、極度に修辞的な
phony（形容詞）,偽の、いんちきの、誠実でない
powdery（形容詞）,粉の、粉状の、粉になりやすい、もろい、粉だらけの
seamless（形容詞）,縫い目のない、途切れのない
shaggy（形容詞）,毛深い、毛むくじゃらの、むさ苦しい
simplistic（形容詞）,単純な、単純化した
slick（形容詞）,滑らかな、すべすべした、口のうまい
slick（名詞）,滑らかな部分
unambiguous（形容詞）,あいまいでない、明白な、明快な
opportune（形容詞）,適切な、適当な、好都合な、時宜を得た、タイムリーな
predictive（形容詞）,予言の、前兆となる、予測の（限定用法が多い）
primal（形容詞）,初期の、第一の、原始の（以上は限定用法）、根本的な、主要な
transient（形容詞）,一時的な、短期滞在の
unbeaten（形容詞）,敗れたことのない、無敗の
unforeseen（形容詞）,予期しない、思いがけない、不測の
unparalleled（形容詞）,並ぶ者のない、無比の、無類の
accommodating（形容詞）,好意的な、親切な、順応しやすい、気さくな
assured（形容詞）,自信のある、厚かましい、保証された、確実な
benevolent（形容詞）,慈悲深い、親切な、（限定用法）慈善のための
bland（形容詞）,穏やかな、人当たりがいい、個性のない、薄味の
calculating（形容詞）,抜け目ない、利己的な、計算高い
cardinal（形容詞）,基本的な、主要な
cardinal（名詞）,枢機卿
delinquent（形容詞）,非行の、（負債などが）滞納の、怠慢な、義務を怠る
delinquent（名詞）,非行少年［少女］
devout（形容詞）,信心深い、心からの、熱烈な、誠実な
egotistic（形容詞）,わがままな、利己的な
flattering（形容詞）,お世辞の、うれしがらせる、（実物以上に）よく見せる
genial（形容詞）,愛想のよい、親切な、（気候などが）温暖な
heartless（形容詞）,冷酷な、残酷な、薄情な、熱意のない
incompetent（形容詞）,無能な、役に立たない
invincible（形容詞）,征服できない、無敵の
mindful（形容詞）,注意して、心に留めて（叙述用法）
neglectful（形容詞）,不注意な、無関心な、怠慢な、ずぼらな
politic（形容詞）,思慮深い、分別のある、適切な
quarrelsome（形容詞）,けんか早い、怒りっぽい、短気な（限定用法が多い）
receptive（形容詞）,（新しい考えなどを）好意的に受け入れる、受容力がある、理解が早い
relentless（形容詞）,ひどく厳格な、容赦ない、絶え間のない
secretive（形容詞）,隠し立てする、秘密主義の
sheepish（形容詞）,内気な、恥ずかしがる、おどおどした
sterling（形容詞）,英貨の、ポンドの、（銀が）法定純度の、（性格などが）優れた、立派な
stingy（形容詞）,けちな、しみったれた
strenuous（形容詞）,活発な、精力的な、熱心な、（仕事などが）骨の折れる、努力を要する（限定用法が多い）
uncompromising（形容詞）,妥協しない、不屈の、断固たる（限定用法が多い）
uncontrolled（形容詞）,抑制されていない、規制されていない、野放しの
wary（形容詞）,用心深い、油断のない、慎重な
accountable（形容詞）,責任がある、もっともな、説明のつく
apologetic（形容詞）,謝罪する、謝罪の、おわびの、弁明の
communal（形容詞）,共同（使用）の、公共の、共同社会の
hierarchical（形容詞）,階層制の、階級制の
imperialist（形容詞）,帝国主義（者）の（限定用法が多い）
imperialist（名詞）,帝国主義者
managerial（形容詞）,経営者の、経営上の（限定用法）
nomadic（形容詞）,遊牧民の、遊牧の、放浪者の、放浪生活の
regulatory（形容詞）,規定する、取り締まる、調整する（限定用法が多い）
retiring（形容詞）,内気の、遠慮がちな、隠居する、引退［退職］する
secretarial（形容詞）,秘書の（仕事に関する）（限定用法が多い）
sparing（形容詞）,節約する、倹約する、乏しい、少ない
tactical（形容詞）,戦術の、戦術上の、駆け引きのうまい、抜け目ない（限定用法が多い）
unauthorized（形容詞）,公認されていない、未許可の、権限のない
unprofitable（形容詞）,利益のない、もうからない、損な、無駄な
visionary（形容詞）,先見の明のある、空想的な、非現実的な
visionary（名詞）,先見の明のある人、空想家
volatile（形容詞）,（情勢などが）変わりやすい、不安定な、激しやすい、気まぐれな、揮発性の
warlike（形容詞）,戦争の、軍事の、好戦的な、戦闘的な
endangered（形容詞）,絶滅寸前の、（絶滅の）危険にさらされた
flowering（形容詞）,花の咲いている、花盛りの（限定用法）
flowering（名詞）,開花、全盛期、花飾り
freshwater（形容詞）,（湖などが）淡水の、真水の、（生物が）淡水産の（限定用法）
overgrown（形容詞）,（草木が）生い茂った、大きくなりすぎた
parched（形容詞）,（土地が）干からびた、（人が）のどがからからの
stark（形容詞）,荒涼とした、飾り気のない、何もない
stark（副詞）,まったく
untouched（形容詞）,心を動かされない、影響を受けない、触られていない、手を付けていない
wooded（形容詞）,森のある、木に覆われた
zoological（形容詞）,動物学の、動物に関する
complementary（形容詞）,補足する、補足的な、相補的な
complementary（名詞）,補色
complimentary（形容詞）,（好意による）無料の、招待の、称賛の、お世辞の
cumulative（形容詞）,累積する、次第に増加する
facile（形容詞）,容易な、たやすく手に入る、軽快な
fateful（形容詞）,運命を決する、宿命的な、破滅的な（限定用法）
imminent（形容詞）,差し迫った、切迫した、（悪いことが）今にも起こりそうな
invariable（形容詞）,不変の、変えられない、一定の、定数の
manageable（形容詞）,扱いやすい、処理しやすい、操作できる
momentous（形容詞）,重大な、重要な、ゆゆしい（限定用法が多い）
mundane（形容詞）,日常の、平凡な、つまらない
peripheral（形容詞）,重要でない、周囲の、周辺部の、末梢の
pertinent（形容詞）,（当面の問題の）核心に関連する、適切な
practicable（形容詞）,実行可能な、実施できる、実用的な、実物の
praiseworthy（形容詞）,称賛に値する、感心な
scanty（形容詞）,乏しい、わずかな、露出度の高い
superfluous（形容詞）,余分な、過度の、不必要な
unorthodox（形容詞）,正統的でない、伝統的でない、異端の
unthinkable（形容詞）,考えられない、思いもよらない、想像もできない
usable（形容詞）,使用できる、使用に適した、使うのに便利な
wee（形容詞）,小さい、ちっちゃな、（米）（時刻が）早い（限定用法）
weighty（形容詞）,重大な、重要な、重い、重量のある
clockwise（副詞）,時計回りに、右回りに
clockwise（形容詞）,時計回りの、右回りの
counterclockwise（副詞）,反時計回りに、左回りに
counterclockwise（形容詞）,反時計回りの、左回りの
afresh（副詞）,新たに、再び
arguably（副詞）,おそらく、ほぼ間違いなく
expressly（副詞）,はっきりと、明確に、特に
gingerly（副詞）,非常に慎重に、極めて用心深く
minutely（副詞）,詳細に、微細に、綿密に
sorely（副詞）,ひどく、非常に
aye（副詞）,はい（yes）、賛成
aye（名詞）,賛成者、賛成票
theoretically（副詞）,理論上は、名目上は
alas（間投詞）,ああ（悲しみ、悲痛）
gee（間投詞）,あらまあ、うわー（驚き・落胆・同情などを表す）
thee（代名詞）,なんじを［に］
nominal（形容詞）,ほんのわずかの、名目だけの、名ばかりの（限定用法が多い）
accrue（自動詞）,（利益などが）結果として生じる、発生する、増える
financier（名詞）,投資家、資本家、財務官、金融業者
accomplice（名詞）,共犯者、共謀者、仲間
acquit（他動詞）,（人）を（証拠不十分で）無罪とする、（人）を釈放する
aria（名詞）,（オペラなどの）アリア、詠唱
alleviate（他動詞）,…を軽減する、…を和らげる、…を楽にする
wrath（名詞）,激怒、憤慨、復讐
annul（他動詞）,…を（法的に）無効にする、…を取り消す
ferocity（名詞）,残虐性、残忍さ、残忍な行為
burgeon（自動詞）,急に発展［成長］する、急増する、（葉が）芽ぐむ
burgeon（名詞）,新芽
anesthetic（名詞）,麻酔薬、麻酔剤
anesthetic（形容詞）,麻酔の、無感覚の
clot（自動詞）,凝固する
clot（他動詞）,…を凝固させる
clot（名詞）,（血などの）固まり
cardiovascular（形容詞）,心臓血管の、循環器の
boisterous（形容詞）,ばか騒ぎの、騒々しい、（天候が）荒れ狂った
booze（名詞）,酒
booze（自動詞）,大酒を飲む
clutter（他動詞）,…を散らかす、…を混乱させる
clutter（名詞）,散らかった物の山、がらくた
disparate（形容詞）,異種の、本質的に異なる（限定用法が多い）
coalesce（自動詞）,合併する、連合する、合体する
conglomerate（名詞）,複合企業（体）、集合（体）
conglomerate（形容詞）,複合企業（体）の
sliver（名詞）,（細長い）木切れ、破片、細長い小片
incendiary（形容詞）,火を付けるのに用いる、放火の、扇動的な
incendiary（名詞）,焼夷弾（incendiary bomb）
crackle（自動詞）,パチパチ音を立てる、細かいひびができる
crackle（名詞）,パチパチという音、ひび模様
hepatitis（名詞）,肝炎
debilitate（他動詞）,…を衰弱させる、…を虚弱にする
patriarch（名詞）,家父長、族長、総大司教
deflate（他動詞）,（人）をしょげさせる、（タイヤなど）のガスを抜く、…をしぼませる
deflate（自動詞）,しぼむ
predicament（名詞）,窮地、苦境、境遇
boardroom（名詞）,重役用会議室、重役
degenerate（自動詞）,悪化する、退化する、堕落する
degenerate（形容詞）,悪化した、退化した
uproar（名詞）,大騒ぎ、騒動、わめき叫ぶ声、激論
stockpile（名詞）,食糧［原料］備蓄、貯蔵量
stockpile（他動詞）,…を貯蔵する
stockpile（自動詞）,貯蔵する
deplete（他動詞）,…を激減させる、…から枯渇させる
deport（他動詞）,（外国人）を国外に追放する、…を強制送還する、（deport oneselfで）振る舞う
illicit（形容詞）,不法の、違法な、（道徳的に）認められない（限定用法が多い）
ghetto（名詞）,スラム街、ユダヤ人強制居住区
depose（他動詞）,（人）を免職にする、…を（高位から）退ける、…だということを証言する
depose（自動詞）,証言する
treason（名詞）,（国家への）反逆（罪）
deportation（名詞）,国外追放、輸送、移送
czar（名詞）,皇帝、専制君主、独裁者、親玉
enactment（名詞）,（法律の）制定、立法、法令、上演
devolve（自動詞）,（義務・財産などが）移る
devolve（他動詞）,（義務・権利など）を譲り渡す、…を委譲する
cartel（名詞）,企業連合、カルテル、政党連合
disband（自動詞）,解散する
disband（他動詞）,（組織など）を解体する
devaluation（名詞）,平価切り下げ、（価値などの）低下、格下げ
trooper（名詞）,騎兵、州警察官、騎馬警官
drench（他動詞）,…をずぶぬれにする、…を水に浸す
frigid（形容詞）,ひどく寒い、寒冷な、冷淡な
apostle（名詞）,使徒、最初の伝道者、（運動・信仰などの）主唱者
emanate（他動詞）,…を出す、…を発する、（性質・感情などを）放つ
emanate（自動詞）,出てくる、生じる、発する
aura（名詞）,（独特の）雰囲気、オーラ
embroil（他動詞）,…を巻き込む、…を混乱させる
libel（名詞）,誹謗、名誉棄損、侮辱
libel（他動詞）,…を中傷する、…の名誉を傷つける
entrench（他動詞）,…を確固としたものにする
entrench（自動詞）,ざんごうを掘る、侵害する
arcane（形容詞）,難解な、深遠な、分かりにくい
tenet（名詞）,教義、信条、主義
allusion（名詞）,ほのめかし、当てつけ、さりげない言及
exacerbate（他動詞）,…を悪化させる、…をいっそうひどくする
animosity（名詞）,憎しみ、敵意、悪意
exhilarate（他動詞）,（人）を活気づける、…をわくわくさせる
mural（名詞）,壁画（mural decoration）
mural（形容詞）,壁の、壁面の（限定用法）
asylum（名詞）,保護［養護］施設、避難所、亡命
forestall（他動詞）,…を未然に防ぐ、…の先手を打つ、…に先んじる
forgo（他動詞）,…なしで済ませる、…を割愛する、（楽しみなど）を慎む
diaper（名詞）,おむつ、おしめ
diaper（他動詞）,…におむつを当てる
galvanize（他動詞）,急に活気づかせて…をさせる、…に衝撃を与える、…に電流を流す
pivotal（形容詞）,極めて重要な、決定的な、回転の軸となる
vibrant（形容詞）,（色が）明るい、（音などが）よく響く、（場所が）活気のある
gild（他動詞）,…を金色に輝かせる、…に金箔をかぶせる、…のうわべを飾る
onslaught（名詞）,猛攻撃、激しい批判、大量、多数
catapult（名詞）,石弓、カタパルト
catapult（他動詞）,…をカタパルトで発射する、…を急に投げ出す、…を勢いよく放つ
gouge（他動詞）,（穴）を開ける、…をえぐる、…を丸のみで彫る
gouge（名詞）,刃の丸いのみ、詐欺
rampart（名詞）,（通常rampartsで）城壁、塁（壁）
acquittal（名詞）,無罪（評決［判決］）、釈放、免除
hearten（他動詞）,…を元気づける、…を励ます
cutback（名詞）,削減、縮小（以上は通常cutbacksで）、（映画の）カットバック
ignite（他動詞）,…に火を付ける、…を奮起させる、（議論など）を燃え上がらせる
ignite（自動詞）,火が付く、燃え上がる
backlash（名詞）,（大衆の）反発、反動、抵抗
incriminate（他動詞）,…を有罪とする、…を告発する、…に罪を負わせる
perjury（名詞）,偽証（罪）、偽りの陳述
ghastly（形容詞）,恐ろしい、ぞっとするような、ひどい、嫌な
ghastly（副詞）,恐ろしく、ぞっとするほど
conflagration（名詞）,大火、（戦争や災害の）突発、戦争
inundate（他動詞）,…に殺到する、…を水浸しにする
languish（自動詞）,不振である、活気がなくなる、惨めに暮らす、切望する
dearth（名詞）,不足、欠乏、食糧不足、飢きん
pilgrimage（名詞）,巡礼、聖地巡り、長旅
meander（自動詞）,（川・道が）曲がりくねって進む、（人が）あてもなくさまよう、とりとめのない話をする
meander（名詞）,（通常meandersで）曲がりくねった道、（川の）蛇行
mitigate（他動詞）,（怒り・苦痛・過酷さなど）を和らげる、…を鎮める、（刑罰）を軽くする
antipathy（名詞）,反感、反発、嫌悪
lineage（名詞）,血筋、血統、家系、子孫、種族
turnout（名詞）,人出、出席者、投票率、出動
outstrip（他動詞）,…を上回る、…より勝る、…を追い越す
stunt（名詞）,①曲芸、離れ業、妙技、人目を引く行為　②矮小病、矮小動物
overshadow（他動詞）,…の影を薄くする、…を見劣りさせる、…に影を投げかける
troupe（名詞）,（俳優・サーカスなどの）一座、一行、一団
ordinance（名詞）,条例、法令、布告
placate（他動詞）,（人）をなだめる、（怒りなど）を静める、…を和らげる
apocalypse（名詞）,世の終末、大惨事、（世の終わりの）啓示、（the Apocalypseで）ヨハネの黙示録
proliferate（自動詞）,まん延する、繁殖する、拡大する
proliferate（他動詞）,…をまん延させる、…を繁殖させる、…を拡大させる
excise（名詞）,物品税（excise tax）、消費税
excise（他動詞）,①…に物品［消費］税を課す　②…を切除する、（語句など）を削る
quadruple（自動詞）,4倍になる
quadruple（他動詞）,…を4倍にする
quadruple（形容詞）,4倍の
quash（他動詞）,（うわさなど）を鎮める、（反乱など）を鎮圧する、…を抑える、…を無効にする
flagrant（形容詞）,（うそなどが）目に余る、悪名高い（限定用法が多い）
bogus（形容詞）,偽の、いんちきの
rendezvous（名詞）,待ち合わせ、会合、集合場所、ランデブー
rendezvous（自動詞）,会う、待ち合わせる、集合する
reverberate（自動詞）,（出来事などが）影響を与える、波紋を投げかける、（音が）反響する、（光が）反射する
overriding（形容詞）,最も重要な、最優先の（限定用法が多い）
revitalize（他動詞）,…に新しい活力を与える、…を活性化する
impoverished（形容詞）,困窮した、貧しい、貧弱な
rivet（他動詞）,…を釘付けにする、…を固定する、…をリベットで留める
rivet（名詞）,リベット、びょう
edifice（名詞）,大建造物、複雑な組織、（思想などの）体系
collateral（名詞）,担保、担保物件、傍系親族、付随事実
collateral（形容詞）,並行する、付随する、間接の、傍系の
sag（自動詞）,下落する、落ち込む、沈下する、たるむ、がっかりする
sag（名詞）,たるみ、下落、落ち込み、沈下
seep（自動詞）,（液体・情報などが）染み出る、漏れる、染み込む
seep（名詞）,染み出た所、水たまり、浸出、漏出
duct（名詞）,導管、輸送管、送水管、通気管、ダクト
meltdown（名詞）,（原子炉の）炉心溶融、メルトダウン、融解、株式市場の大暴落、（組織などの）崩壊
shackle（他動詞）,…を拘束する、…を束縛する、（人）に手［足］かせをかける
shackle（名詞）,（通常shacklesで）手錠、束縛
moribund（形容詞）,停滞している、活力を失った、消滅寸前の、瀕死の
retribution（名詞）,懲罰、報復、報い、天罰
smite（他動詞）,…を滅ぼす、…を殺す、…を強打する、…を打ち倒す
spook（他動詞）,…をおびえさせる、…を怖がらせる
spook（名詞）,幽霊、お化け、スパイ
specter（名詞）,幽霊、亡霊、不安の元、恐ろしいもの
garrison（名詞）,守備隊、駐屯軍、駐屯地
garrison（他動詞）,…に守備隊を配置する
foray（名詞）,急襲、略奪、（慣れない分野への）進出
subvert（他動詞）,（政府・体制）を転覆させる、…を堕落させる
pronounced（形容詞）,顕著な、明白な、はっきりした、目立つ
supplant（他動詞）,…に取って代わる、…の後釜に座る
antiquated（形容詞）,時代遅れの、古風な、旧式の
ethos（名詞）,精神、気風、風潮、気質、特質
rupture（名詞）,破裂、決裂、断交
rupture（他動詞）,…を破裂させる、…を断交する
rupture（自動詞）,破裂する、裂ける
tarnish（他動詞）,（評判・名誉など）を汚す、…を傷つける、…の光沢を曇らせる、…を変色させる
tarnish（自動詞）,光沢を失う、変色する
tarnish（名詞）,曇り、変色、汚点
deft（形容詞）,器用な、腕のよい、巧みな
teem（自動詞）,たくさんいる、いっぱいである、満ちる
canine（名詞）,イヌ科の動物、イヌ、犬歯（canine tooth）
canine（形容詞）,イヌの（ような）、イヌ科の（限定用法）
acumen（名詞）,洞察力、眼識、明敏、鋭敏
stately（形容詞）,風格のある、堂々たる、荘重な
wane（自動詞）,衰える、弱る、終わりに近づく、（月が）欠ける
wane（名詞）,（the waneで）衰え、終末、（月の）欠け
comptroller（名詞）,会計監査官、検査官、管理者
crony（名詞）,（通常croniesで）悪友、仲間、取り巻き
abet（他動詞）,（人）を唆す、（悪事）をほう助する
curator（名詞）,（博物館などの）学芸員、（動物園の）園長、管理者
admonish（他動詞）,（人）に注意する、（人）に勧告する、（人）に警告する
cleric（名詞）,牧師、聖職者
cleric（形容詞）,牧師の、聖職者の
bask（自動詞）,（恩恵などを）受ける、浴する、日光に当たる
brazen（形容詞）,ふてぶてしい、恥知らずの、真ちゅうの
beguile（他動詞）,（人）をだます、（人）からだまし取る、…を魅了する
bluff（他動詞）,（人）をはったりでだます、（人）を（はったりで）おどす
bluff（名詞）,はったり、こけおどし
evangelist（名詞）,福音伝道者、巡回説教者、熱烈な支持者
foreman（名詞）,（工事現場などの）監督、作業長、陪審長
blurt（他動詞）,…をうっかりしゃべる
insidious（形容詞）,こっそり仕組まれた、油断のならない、知らぬ間に悪化する
defection（名詞）,離反、寝返り、欠陥
chasten（他動詞）,…を反省させる、…を懲らしめる（通常受身）
chide（他動詞）,…に小言を言う、…をしかる
chide（自動詞）,しかる、たしなめる
upbringing（名詞）,しつけ、教育
corroborate（他動詞）,…を裏付ける、…を確証する
expatriate（名詞）,国外追放者、国外在住者
expatriate（他動詞）,…を国外に追放する
expatriate（形容詞）,国外在住の、国外に追放された（限定用法）
espionage（名詞）,スパイ行為［活動］、スパイを使うこと
combo（名詞）,コンボ（［小編成の］ジャズ楽団）、（料理の）組み合わせ
demur（自動詞）,反対する、異議を唱える
demur（名詞）,異議、ためらい
deride（他動詞）,…をばかにする、…をあざける
overture（名詞）,提案、打診、序曲、序章
rapprochement（名詞）,和解、親交関係、親善
ludicrous（形容詞）,こっけいな、ばかげた
connoisseur（名詞）,鑑識家、目利き、通
disparage（他動詞）,…をけなす、…を見くびる、…の信用を落とす
cooper（名詞）,たる類製造者、おけ屋
extol（他動詞）,…を激賞する、…を褒めそやす
precinct（名詞）,（行政上の）地区、警察管区、選挙区、（precinctsで）（教会などの）構内、境界
philanthropy（名詞）,慈善活動、博愛的行為、博愛、慈善団体
maverick（形容詞）,（政治家が）無所属の、一匹狼の
maverick（名詞）,無所属の政治家、一匹狼、異端者
fawn（自動詞）,こびる、へつらう、甘える
caste（名詞）,特権的階級、カースト制度、社会的な地位
choreographer（名詞）,振付師
grouse（自動詞）,不平を言う
grouse（名詞）,不平
wayward（形容詞）,わがままな、気まぐれな、理不尽な、不規則な（限定用法が多い）
scathing（形容詞）,容赦のない、痛烈な、批判的な
surcharge（名詞）,追加料金、追徴金、（荷物の）過重
surcharge（他動詞）,…に追加料金を請求する
grunt（他動詞）,…をぶうぶう言う
grunt（自動詞）,ぶうぶう文句を言う、（ブタなどが）ブーブー鳴く
grunt（名詞）,不平、不満
insinuate（他動詞）,…だと遠回しに言う、（思想など）を徐々に植え付ける
smug（形容詞）,うぬぼれの強い、自己満足の
instill（他動詞）,（主義など）を徐々に教え込む、…を染み込ませる
austerity（名詞）,質素、苦行、厳格さ、禁欲生活
civility（名詞）,礼儀正しさ、親切、（通常civilitiesで）親切な行為、丁寧な言葉
laud（他動詞）,…を褒めたたえる、…を称賛する
laureate（名詞）,受賞者、名誉を受けた人、桂冠詩人
laureate（形容詞）,月桂冠を戴いた、ある分野で優秀な
malign（他動詞）,…を中傷する、…の悪口を言う
malign（形容詞）,有害な、悪意のある、悪性の
innocuous（形容詞）,当たり障りのない、無害の、無毒の
communiqué（名詞）,公式声明、公式発表
nag（他動詞）,（人）に口うるさく言う、…を絶えず悩ます、…にうるさくせがむ
nag（自動詞）,うるさく小言を言う、絶えず悩ます
nag（名詞）,口うるさい人、小言を言う人
jumble（名詞）,（通常a jumbleで）雑然とした状態、ごたごたの山
jumble（他動詞）,…をごた混ぜにする、…を乱雑にする
proffer（他動詞）,（意見・提案・説明など）を申し出る、…を提供する
proffer（名詞）,申し出、提供（物）
rationale（名詞）,論理的根拠、原理的説明
contraceptive（形容詞）,避妊（用）の（限定用法）
contraceptive（名詞）,避妊器具、避妊薬、避妊（法）
quip（他動詞）,…と気の利いたこと［皮肉］を言う
quip（自動詞）,気の利いたこと［皮肉］を言う
quip（名詞）,気の利いた言葉、名言、機知に富んだ皮肉
rant（自動詞）,わめき散らす、がなり立てる
rant（他動詞）,…をわめいて言う
rant（名詞）,大言壮語、わめき散らすこと
defamation（名詞）,名誉毀損、中傷、悪口
reprimand（他動詞）,（人）を叱責する、…を懲戒する
reprimand（名詞）,叱責、懲戒
devious（形容詞）,（人・性格が）よこしまな、正道を外れた、（道などが）曲がりくねった
revile（他動詞）,…をののしる、…の悪口を言う、…を罵倒する
audacity（名詞）,（通常the audacityで）厚かましさ、ずうずうしさ、大胆、勇敢
slur（他動詞）,…を不明瞭に発音する、…を中傷する
slur（自動詞）,不明瞭に発音する
slur（名詞）,不明瞭な発音、中傷、汚名
overdose（名詞）,（薬や麻薬の）過剰摂取
overdose（他動詞）,（人）に薬を飲ませ過ぎる
overdose（自動詞）,（薬を）飲み過ぎる
plagiarism（名詞）,盗作、盗作した物
sputter（他動詞）,…を早口でしどろもどろになって言う
sputter（自動詞）,早口でしどろもどろに言う、パチパチ音を立てる
squabble（自動詞）,言い争いをする、口げんかする
squabble（名詞）,言い争い、口げんか
ailing（形容詞）,病気の、病弱の、不調の、（会社・経済が）落ち込んでいる
goody（間投詞）,わあすごいぞ
goody（名詞）,（しばしばgoodiesで）うまいもの、菓子、楽しませるもの
squeal（他動詞）,（金切り声で）…と叫ぶ
squeal（自動詞）,悲鳴［歓声］を上げる、キーッと鳴る
squeal（名詞）,悲鳴、歓声、キーッという音
elf（名詞）,（ゲルマン神話の）小さな妖精（通常elvesで）、いたずら者
cynic（名詞）,皮肉屋、冷笑家
cynic（形容詞）,皮肉な、冷笑的な
taunt（他動詞）,…をなじる、…をあざける、…をののしる
taunt（名詞）,（しばしばtauntsで）あざけり、愚弄
tout（他動詞）,…を褒めちぎる、…を持ち上げる、…を押し売りする
tout（自動詞）,押し売りする
sedative（名詞）,鎮静剤
sedative（形容詞）,鎮静させる、鎮静作用の（限定用法が多い）
respiratory（形容詞）,呼吸器官の、呼吸（用）の（限定用法が多い）
covert（形容詞）,秘密の、覆われた、隠された（限定用法）
covert（名詞）,隠れ場、隠し立て
penchant（名詞）,（通常a penchantで）強い好み、趣味、傾向
unearth（他動詞）,…を明らかにする、…を暴く、…を掘り出す、…を発掘する
recalcitrant（形容詞）,反抗的な、権力に抵抗する、扱いにくい
bombard（他動詞）,…に投げつける、…を砲撃する、…を攻め立てる
squadron（名詞）,部隊、戦隊、小艦隊、団体
rowdy（形容詞）,乱暴な、騒々しい
rowdy（名詞）,乱暴者
brandish（他動詞）,…を（威嚇するように）振り回す、…を見せびらかす
sickle（名詞）,かま、草刈りがま
sickle（他動詞）,…をかまで刈る
withdrawn（形容詞）,無口な、内向的な、世間と没交渉の
goldsmith（名詞）,金細工職人、金細工商
burnish（他動詞）,（金属など）を磨く、…をつや出しする
burnish（名詞）,つや、光沢
rodent（名詞）,げっ歯類の動物（リス・ネズミなど）
burrow（自動詞）,穴を掘る、掘り進む、突っ込んで調査する
burrow（名詞）,ウサギやキツネの巣穴、避難場所
magnolia（名詞）,モクレン、タイサンボク（モクレンの一種）
conjure（他動詞）,…を魔法［奇術］で出す、…に魔法をかける、…を思い起こす
jay（名詞）,カケス（カラス科の鳥）
stein（名詞）,陶製ジョッキ、ジョッキ1杯の量
crumple（他動詞）,…をくしゃくしゃにする［つぶす］
crumple（自動詞）,しわくちゃになる、つぶれる
lingerie（名詞）,ランジェリー、女性用下着類
drape（他動詞）,…を（布で）優美に覆う［飾る］、（掛け布など）を（…に）掛ける
drape（自動詞）,（掛け布などが）きれいなひだになって垂れる
drape（名詞）,（通常drapesで）掛け布、厚地のカーテン
commando（名詞）,ゲリラ部隊、特別奇襲隊、コマンド
anthem（名詞）,国歌（national anthem）、賛歌、聖歌
dredge（他動詞）,（川底など）をさらう、…をしゅんせつする
dredge（名詞）,しゅんせつ機
carcass（名詞）,死骸、死体
pneumonia（名詞）,肺炎
exhale（自動詞）,息を吐き出す
exhale（他動詞）,（息など）を吐き出す、…を発散する
tenor（名詞）,テナー、テノール、テナー歌手［楽器］、趣旨、傾向
fiddle（自動詞）,バイオリンを弾く、いじくる、もてあそぶ
fiddle（名詞）,バイオリン、ぺてん、詐欺
fondle（他動詞）,…を優しくなでる、…をかわいがる、…を愛撫する
irate（形容詞）,怒りに満ちた、激怒した
rebuff（名詞）,ひじ鉄砲、すげない拒絶、挫折
rebuff（他動詞）,…を拒絶する
enclave（名詞）,民族集団、（他国の）飛び領土
gala（名詞）,お祭り、祝祭、（にぎやかな）催し物
frolic（自動詞）,はしゃぐ、浮かれ騒ぐ
frolic（名詞）,お祭り騒ぎ
duel（名詞）,決闘、（二者間の）闘争、争い
duel（自動詞）,決闘する
duel（他動詞）,…と争う
gloat（自動詞）,ほくそ笑む、満足して眺める
gloat（名詞）,（a gloatで）満悦
cub（名詞）,（肉食哺乳動物・クジラなどの）子、未熟者、（通常Cubで）（ボーイスカウトの下の）カブスカウトの幼年団員（Cub Scout）
gnaw（他動詞）,…をかじる、…をかじって作る
gnaw（自動詞）,かじる、（長い時間）悩ます
doe（名詞）,雌ジカ、（ウサギ・羊などの）雌
unruly（形容詞）,乱暴な、規則に従わない、手に負えない
grapple（自動詞）,つかみ合う、（問題に）取り組む
grapple（他動詞）,…をしっかりつかむ
grapple（名詞）,つかみ合い、格闘、引っ掛けかぎ
grope（自動詞）,手探りで捜す、手探りで進む、模索する
grope（名詞）,手探り
coffer（名詞）,貴重品を入れる箱、（coffersで）金庫
coffer（他動詞）,…を箱［金庫］にしまう
handcuff（他動詞）,…に手錠を掛ける、…を抑制する
handcuff（名詞）,（通常handcuffsで）手錠
intractable（形容詞）,手に負えない、扱いにくい、頑固な（限定用法が多い）
thug（名詞）,悪党、悪漢、殺し屋
asteroid（名詞）,小惑星、ヒトデ
asteroid（形容詞）,星状の
hurtle（自動詞）,突進する、高速で動く［飛ぶ］
platoon（名詞）,小隊、集団、（アメフトの）プラトーン
barrage（名詞）,弾幕、集中砲火、（言葉・殴打の）連発、ダム
barrage（他動詞）,…に弾幕砲火を浴びせる、…を攻め立てる
barrage（自動詞）,弾幕砲火を浴びせる、攻め立てる
hustle（自動詞）,急ぐ、押し進む、精を出す
hustle（他動詞）,…を乱暴に押す、（人）をせき立てる、（事）を迅速に運ぶ
stronghold（名詞）,とりで、要塞、本拠地、拠点
exacting（形容詞）,骨の折れる、やっかいな、厳格な、厳しい
implant（他動詞）,…を移植する、…を（心などに）植え付ける
roach（名詞）,ゴキブリ（cockroach）
infest（他動詞）,…に群がる、…に横行する
hulk（名詞）,老朽船［車］、（建物や乗り物の）残骸、ばかでかい物［人］
jab（他動詞）,…を突き刺す、…を突く、（ボクシングで）…にジャブを出す
jab（自動詞）,激しく突く、突き刺さる、ジャブを出す
jab（名詞）,鋭い突き、ジャブ
arthritis（名詞）,関節炎
sodium（名詞）,ナトリウム（アルカリ金属）
leach（自動詞）,ろ過される、染み出る
leach（他動詞）,…をろ過する、…をこして除く
sewage（名詞）,汚水、下水
deterioration（名詞）,劣化、悪化、低下、堕落
lob（他動詞）,…を高く放り上げる、（テニスで）（ボール）をロブで上げる
lob（自動詞）,（テニスで）ロブする
lob（名詞）,ロブ
picket（名詞）,デモ隊、ピケ（隊）、監視員、前哨線、監視線
picket（他動詞）,…にピケを張る
ark（名詞）,ノアの箱舟（the arkで）、大型の平底船
lurch（自動詞）,不意に揺れる、急に傾く、よろめく、よろめきながら進む
lurch（名詞）,突然の揺れ、よろめき
deluge（名詞）,大雨、大洪水、（通常a delugeで）殺到
deluge（他動詞）,…を水浸しにする、…に殺到させる
grueling（形容詞）,厳しい、へとへとに疲れさせる
nestle（自動詞）,寄り添って身を休める、心地よく身を落ち着かせる
nestle（他動詞）,…を心地よく落ち着かせる、…を抱き寄せる
nibble（他動詞）,…を少しずつかじる、…を軽くかじる
nibble（自動詞）,少しずつかじる、軽くかじる、徐々に影響を与える
nibble（名詞）,（通常a nibbleで）一かじり、一かみ、少量
nutty（形容詞）,ナッツ味の、風味豊かな、風変わりな、ばかげた
bun（名詞）,丸いパン、ロールパン、（後頭部の）巻き髪
nudge（他動詞）,（注意を引くため）（人）をひじでそっと突く、…を軽く押す、…を優しく説得する
nudge（名詞）,（通常a nudgeで）軽い一突き
pew（名詞）,（教会のベンチ型の）信者席、座席
blister（名詞）,（皮膚の）水ぶくれ、（手足の）まめ
blister（他動詞）,…を水ぶくれにする
blister（自動詞）,水ぶくれができる
translucent（形容詞）,半透明の、（色が）薄い、淡い
ooze（自動詞）,（血・液体などが）流れ出る、にじみ出る、（魅力などが）あふれ出る
ooze（他動詞）,…をにじみ出させる、（魅力など）をみなぎらせる
ooze（名詞）,にじみ出ること、分泌、（水底の）泥
putt（他動詞）,（ゴルフの球）をパットする
putt（自動詞）,パットする
putt（名詞）,（ゴルフの）パット
footing（名詞）,足元、足取り、足場、立場、確固たる地歩
sire（名詞）,（動物の）雄親、種馬
sire（他動詞）,（種馬が）（子）をつくる、…の雄親となる
colt（名詞）,雄の子馬［ロバ］、初心者、未熟者
romp（自動詞）,走り回る、はね回る、楽勝する
romp（名詞）,子どもの大騒ぎ、快走
battalion（名詞）,大隊、軍勢、大群
rove（他動詞）,…をさまよう、…を歩き回る、…を放浪する
rove（自動詞）,さまよう、歩き回る、放浪する、（目が）きょろきょろする
prowess（名詞）,（戦場での）勇気、優れた技術［能力］
renegade（名詞）,背教者、裏切り者、転向者
renegade（形容詞）,背教の、反逆の
scoff（自動詞）,あざ笑う、嘲笑する
scoff（名詞）,（通常scoffsで）あざけり、嘲笑
deity（名詞）,神、神格、神性
screech（自動詞）,悲鳴を上げる、金切り声で叫ぶ
screech（他動詞）,…を金切り声で叫ぶ
screech（名詞）,甲高い叫び声、（ブレーキなどの）キーという音
gruesome（形容詞）,恐ろしい、ぞっとするような、身の毛もよだつ
shear（他動詞）,（羊など）の毛を刈る、（髪）を切る、…をはぎ取る
shear（名詞）,大ばさみ（shearsで）、刈り込み、刈り取られたもの
sideline（名詞）,副業、アルバイト、サイドビジネス、（スポーツで）サイドライン、側線
sideline（他動詞）,（事故や負傷が）（人）の出場を妨げる
epitaph（名詞）,墓碑銘、追悼詩文、思い出させるもの
slouch（自動詞）,前かがみになる、うなだれる
slouch（名詞）,（通常a slouchで）前かがみの姿勢、だらけた態度
pimp（名詞）,売春あっせん業者、ポン引き
smirk（自動詞）,にやにや笑う、にたにた笑う
smirk（名詞）,にやにや笑い
brawl（名詞）,騒々しいけんか［口論］
brawl（自動詞）,騒々しくけんか［口論］する
panther（名詞）,ヒョウ、ピューマ、凶暴な人
snarl（自動詞）,歯をむき出してうなる、がみがみ言う
snarl（他動詞）,…をどなるように言う、…をとげとげしく言う
snarl（名詞）,（通常a snarlで）うなること、がみがみ言うこと
headlong（副詞）,まっしぐらに、一目散に、向こう見ずに
headlong（形容詞）,まっしぐらの、大急ぎの（限定用法）
sprint（自動詞）,全速力で走る
sprint（名詞）,（通常a [the] sprintで）短距離走、スプリント、ラストスパート
marquee（名詞）,（劇場などの）出入り口のひさし、（品評会などの）大天幕
squirm（自動詞）,（当惑などで）もじもじする、もがく、もがいて逃げる
squirm（名詞）,もじもじすること、もがき
obscenity（名詞）,わいせつ（なもの）、（通常obscenitiesで）わい談
footage（名詞）,（映画やテレビの）場面、シーン、フィート数、全長
strew（他動詞）,…をまき散らす、…をばらまく、（場所）にまく
petal（名詞）,花びら、花弁
primate（名詞）,大主教、首座大司教（以上しばしばPrimateで）、霊長類
protagonist（名詞）,（劇・小説などの）主人公、（主義などの）主唱者、（競技などの）参加者、出場者
swagger（自動詞）,威張って歩く、ふんぞり返って歩く、自慢する
swagger（名詞）,（a swaggerで）威張った態度［歩き方］
turner（名詞）,①旋盤工、ろくろ工、フライ返し　②体育教師、体育家
tamper（自動詞）,許可なくいじる、（不正に）手を加える、密かに携わる
pivot（名詞）,旋回軸、ピボット、（通常the pivotで）中心（点）、要点
pivot（他動詞）,…を回転させる
pivot（自動詞）,旋回する、回転する
throttle（他動詞）,…の首を締める、…を絞め殺す、…を窒息させる、…を抑圧する
retaliation（名詞）,仕返し、報復
perennial（形容詞）,永続する、絶え間のない、（植物が）多年生の（限定用法が多い）
trudge（自動詞）,重い足取りで歩く、とぼとぼ歩く
trudge（名詞）,（通常a [the] trudgeで）重い足取り
logging（名詞）,木材の切り出し、伐木搬出
tweak（他動詞）,…をつねる、…をつまんでひねる、（機械など）を調整する
tweak（名詞）,つねり、ひねり、手直し
incessant（形容詞）,絶え間のない、ひっきりなしの（限定用法が多い）
banter（名詞）,（悪意のない）冗談、ひやかし
banter（他動詞）,（人）をからかう
whirlwind（名詞）,つむじ風、旋風、（感情などの）あらし
veer（自動詞）,（急に）向きを変える、曲がる、それる、転換する
whack（他動詞）,…を強く打つ、…を激しくピシッと打つ、…を殺す
whack（名詞）,強打、ピシッと打つこと
dent（名詞）,へこみ、くぼみ、減少、落ち込み
dent（他動詞）,…をへこませる
dent（自動詞）,へこむ
forlorn（形容詞）,哀れな、わびしい、見捨てられた、絶望の
plywood（名詞）,ベニヤ板、合板
whine（自動詞）,（犬が）クンクン鳴く、哀れな声を出す、めそめそ愚痴を言う
whisk（他動詞）,…をさっと運び［持ち］出す、…を泡立てる、…をさっと払う
whisk（名詞）,泡立て器、（通常a whiskで）さっと払うこと
inferno（名詞）,烈火、大火、地獄（のような光景）
autocratic（形容詞）,独裁の、独裁的な、専制の
caucus（名詞）,（政党などの）幹部（会）、執行部、執行委員会、党員集会
caucus（自動詞）,執行委員会を開く
wield（他動詞）,（権力）を振るう、（影響）を及ぼす、…を巧みに使う
anemia（名詞）,貧血（症）、無気力、虚弱
wobble（自動詞）,よろめく、ふらつく、傾く、ぐらぐらする、動揺する
wobble（名詞）,ぐらつき、揺れ、動揺
abduct（他動詞）,（人）を誘拐する、…を拉致する
impaired（形容詞）,弱った、損なわれた、障害のある
realtor（名詞）,不動産業者
township（名詞）,郡区、（南アフリカの）黒人居住区
raider（名詞）,（会社の）乗っ取り屋、侵略者、奇襲隊員
annex（他動詞）,…を併合する、…を編入する
annex（名詞）,別館、離れ
appease（他動詞）,…をなだめる、…に譲歩する、（欲求など）を満たす
clientele（名詞）,顧客、常連、依頼人
cadet（名詞）,士官候補生、士官学校生、見習い
avenge（他動詞）,…の復讐をする、…の敵を討つ、…の報復をする
proprietor（名詞）,（企業・ホテルなどの）所有者、経営者、オーナー
balk（自動詞）,ためらう、尻込みする
balk（名詞）,妨害、障害
prodigy（名詞）,神童、天才児、奇才、不思議なもの
botch（他動詞）,…を失敗する、…を下手にやる、…を台無しにする
botch（名詞）,下手な仕事、やり損ない
benefactor（名詞）,後援者、寄付する人、慈善事業家、恩人
capitalize（他動詞）,…に出資する、…を資本化する、…を大文字で書く
capitalize（自動詞）,利用する
capitulate（自動詞）,降伏する、抵抗をやめる
horrendous（形容詞）,恐ろしい、ぞっとする、ひどい、法外な
bombardment（名詞）,爆撃、砲撃、（質問などの）殺到
circumvent（他動詞）,…を巧みに逃れる、…を挫折させる、…を回る
windfall（名詞）,意外な授かりもの、たなぼた、（風で落ちた）果実
flurry（名詞）,（株価の）一時的波乱、にわか雪［雨］、（突然の）混乱
flurry（他動詞）,…を慌てさせる
clinch（他動詞）,…の決着を付ける、（釘）を打ち曲げる、…をしっかり固定させる
insurgent（名詞）,暴徒、反乱者［兵］
insurgent（形容詞）,暴動の、反乱の
insurrection（名詞）,反乱、暴動
concoct（他動詞）,…をでっち上げる、…を企てる、…を混ぜ合わせて作る
flirtation（名詞）,戯れの恋、浮気、一時的興味
warden（名詞）,刑務所長、監視人、管理人
condone（他動詞）,…を大目に見る、…を容赦する
hoax（名詞）,悪ふざけ、人をかつぐこと
hoax（他動詞）,…をだます、…をかつぐ
confiscate（他動詞）,…を没収する、…を押収する、…を差し押さえる
confiscate（形容詞）,没収した
cohort（名詞）,共犯者、軍隊、一団
cull（他動詞）,…を選び取る、…をより抜く
cull（名詞）,選択、間引き
exemplary（形容詞）,模範的な、典型的な、戒めとなる
corpus（名詞）,言語資料、全集、元金
ensemble（名詞）,合奏［合唱］団、（婦人服の）そろい、全体（の感じ）
curtail（他動詞）,…を短縮する、…を縮小する、…を切り詰める
genteel（形容詞）,上品な、上品ぶった、上流社会の
debase（他動詞）,（品位・評価など）を落とす、…を卑しくする
lewd（形容詞）,みだらな、わいせつな
adultery（名詞）,不倫、不貞
informant（名詞）,情報提供者、インフォーマント
divulge（他動詞）,（秘密など）を暴露する、…を暴く
diabetic（名詞）,糖尿病患者
diabetic（形容詞）,糖尿病（患者）の
eschew（他動詞）,…を控える、…を避ける
exhort（他動詞）,（人）に熱心に勧める、…を勧告する、…を奨励する
extremist（名詞）,過激主義者、極端論者
extremist（形容詞）,過激主義者の
bigotry（名詞）,偏狭な考え［行為］、頑固
ferment（他動詞）,…を発酵させる、（感情など）をかき立てる
ferment（自動詞）,発酵する、沸き返る
ferment（名詞）,発酵、酵素、酵母、興奮、動乱
tepid（形容詞）,生ぬるい、熱意に欠ける
microbe（名詞）,微生物、病原菌
flaunt（他動詞）,…を見せびらかす、…をひけらかす
flaunt（自動詞）,これ見よがしに誇示する
booty（名詞）,略奪品、戦利品、賞金、賞品
flex（他動詞）,（筋肉など）を収縮させる［動かす］、（手足）を曲げる
buyout（名詞）,（会社・事業の）買収、買い占め
junta（名詞）,（クーデター直後の）臨時政府、軍事政府、評議会
flounder（自動詞）,もがきながら進む、のたうつ、まごつく、口ごもる
flounder（名詞）,もがき、ぐいと引くこと
garner（他動詞）,（努力して）…を手に入れる、…を蓄える、…を集める
garner（名詞）,蓄え
sumptuous（形容詞）,豪華な、高価な
perk（名詞）,（仕事に伴う）特典、役得、恩恵
perk（自動詞）,（perk upで）元気になる、活気づく
perk（他動詞）,（perk upで）…を元気にする、…を活気づける
glean（他動詞）,（情報など）を少しずつ集める、…をこつこつ収集する、（落ち穂）を拾う
glean（自動詞）,落ち穂拾いをする
euphemism（名詞）,婉曲語（句）、遠回し表現、婉曲語法
lexicon（名詞）,用語集、（特定の分野の）語彙（集）、語彙目録
measles（名詞）,（しばしばthe measlesで）はしか、麻疹、発疹性の病気
goad（他動詞）,…をあおり立てる、…を駆り立てる、（家畜）を突き棒で追い立てる
goad（名詞）,駆り立てるもの、刺激、突き棒
inoculation（名詞）,予防接種［注射］、接種
pundit（名詞）,評論家、専門家、消息筋
harry（他動詞）,（人）を悩ます、…を質問攻めにする、…を何度も攻撃する
metaphysical（形容詞）,形而上学的な、極めて抽象的な、難解な
outspoken（形容詞）,率直な、遠慮のない
wrangle（名詞）,口論、論争
wrangle（自動詞）,やかましく口論する、論争する
hone（他動詞）,（才能・技能など）を磨く、…を砥石でとぐ
hone（名詞）,（かみそり用の）砥石
drawl（名詞）,ゆっくりした話しぶり［言葉］
drawl（他動詞）,…をゆっくり話す
drawl（自動詞）,ゆっくり話す
impart（他動詞）,…を与える、…を添える、…を伝える
convent（名詞）,（女子の）修道院、修道会
terrain（名詞）,地形、地勢、地域
impede（他動詞）,（活動など）を遅らせる、…の邪魔をする
reconnaissance（名詞）,偵察、調査、偵察隊
incite（他動詞）,…をあおる、…を駆り立てる、（人）を扇動する
zealot（名詞）,狂信者、（政治や宗教に）熱狂する人
incubate（他動詞）,…を孵化する、（細菌・細胞など）を培養する、（未熟児）を保育器で育てる
incubate（自動詞）,孵化する、（卵が）かえる
retina（名詞）,網膜
masterly（形容詞）,見事な、熟達した、名人にふさわしい
masterly（副詞）,見事に
inflame（他動詞）,…を興奮させる、…を刺激する、（感情など）を燃え上がらせる、…を怒らせる
stalwart（名詞）,（政党の）熱烈な支持者
stalwart（形容詞）,愛党心の強い、屈強な、断固とした
inter（他動詞）,…を葬る、…を埋葬する
rover（名詞）,放浪者、流浪者、遊び人、惑星［衛星］探査車
jettison（他動詞）,…を放棄する、…を投げ捨てる、…を取り除く
affiliated（形容詞）,提携している、関連のある、付属の、加盟した（限定用法）
stagnation（名詞）,不況、不振、不景気、沈滞、停滞
jeopardy（名詞）,危険にさらされること、有罪になる危険性
opium（名詞）,アヘン、まひさせるもの
launder（他動詞）,（不正な金など）を合法的に見せかける、…をマネーロンダリングする、…を洗濯する
launder（自動詞）,（衣服が）洗える
liken（他動詞）,…をなぞらえる、…を例える
abbey（名詞）,大修道院、大寺院
narrate（他動詞）,（映画など）のナレーターを務める、…を順序立てて語る［述べる］
uplifting（形容詞）,精神を高揚させる、希望を与える
savior（名詞）,救済者、（the [our] Saviorで）救世主、キリスト
staunch（形容詞）,忠実な、信頼できる、揺るぎない（限定用法が多い）
affable（形容詞）,愛想のよい、思いやりのある、話しやすい
pamper（他動詞）,…を（過度に）甘やかす、…の好きなようにさせる、…を十分に満足させる
backer（名詞）,後援者、支持者、（競技や競馬に）賭ける人
patronize（他動詞）,（芸術など）を後援する、（人）に恩着せがましくする、（店など）をひいきにする
peddle（他動詞）,（商品）を売り歩く、（うわさなど）を広める
dope（名詞）,麻薬、興奮剤
dope（他動詞）,…に麻薬を与える
dope（自動詞）,麻薬を常用する
rabid（形容詞）,過激な、猛烈な、狂犬病にかかった
sectarian（名詞）,（分派した）宗徒、教徒
sectarian（形容詞）,分派の、党派の、宗派の、派閥的な
perpetrate（他動詞）,（犯罪や過失）を犯す、（悪事）を働く
vandalism（名詞）,公共物の汚損、芸術文化の破壊
skirmish（名詞）,小衝突、小競り合い
skirmish（自動詞）,小競り合いをする
quell（他動詞）,（反乱など）を鎮圧する、（感情など）を和らげる
recoup（他動詞）,（損失など）を取り戻す、…を弁償する
centennial（形容詞）,100周年の、100年目の、100年間の（限定用法）
centennial（名詞）,100周年（祭）
reinstate（他動詞）,（人）を復職［復帰、復権］させる、…を回復させる
misdemeanor（名詞）,軽罪、非行、不品行
injunction（名詞）,（裁判所の）差し止め命令、命令、指令、勧告
relinquish（他動詞）,（権利など）を放棄する、…を手放す、…を譲渡する
replenish（他動詞）,…を補充する、…を補給する、…を継ぎ足す
requisite（形容詞）,必要な、不可欠の（限定用法）
requisite（名詞）,（通常requisitesで）必需品、必要条件
resurrect（他動詞）,…をよみがえらせる、…を復活させる
hyperbole（名詞）,誇張（法）
opus（名詞）,（芸術家の）名作、（しばしばOpusで）音楽作品、作品番号
grudge（名詞）,恨み、妬み
grudge（他動詞）,…を惜しむ、…を出し渋る、…を妬む
retaliate（自動詞）,仕返しする、報復する、復讐する
revamp（他動詞）,…を刷新する、…を改訂する、…を改造する、…を改良する
rendition（名詞）,翻訳、（音楽・劇の）解釈、演奏、上演
crackdown（名詞）,（通常a crackdownで）厳重な取り締まり、（警察の）手入れ
revoke（他動詞）,（許可・命令など）を取り消す、…を廃止する
counterfeit（形容詞）,偽の、偽造の、見せ掛けの
counterfeit（他動詞）,…を偽造する、…のふりをする
rout（他動詞）,…を完敗させる、…に圧勝する
rout（名詞）,総崩れ、大敗北、暴徒、暴動
fluke（名詞）,（通常a flukeで）まぐれ、思わぬ幸運、幸運な出来事
fluke（他動詞）,…をまぐれで手に入れる
salvage（他動詞）,…を回収する、…を持ち出す、…を救い出す、…を救出する
salvage（名詞）,海難救助、（沈没船の）引き揚げ、財貨の救出
sierra（名詞）,（のこぎり状の）山脈（しばしばsierrasで）、シエラ（サワラ類の魚）
scour（他動詞）,①…を捜し回る、…を駆け巡る　②…をこすって磨く、…をこすり取る
scour（名詞）,（通常a scourで）こすり磨くこと、洗浄
epicenter（名詞）,（通常the epicenterで）（地震の）震央（震源の真上の地表点）、爆心地、中心点［地］
annuity（名詞）,年金、年金制度、年金支払義務
scuttle（他動詞）,…を台無しにする、…を破棄する、船底に穴をあけて（船）を沈没させる
scuttle（自動詞）,慌てて走る［逃げる］
scuttle（名詞）,舷窓、急ぎ足
impasse（名詞）,（通常an impasseで）行き詰まり、袋小路
secede（自動詞）,脱退する、分離する
spearhead（他動詞）,…の先頭に立つ、…の陣頭に立つ
spearhead（名詞）,先頭、急先鋒、最前線、最先端
prostitution（名詞）,売春、（才能・名誉などを）金目当てで売ること
splice（他動詞）,（縄など）を継ぐ、…を継ぎ足す、…を重ね継ぐ
splice（名詞）,組み継ぎ、重ね継ぎ、接合
perimeter（名詞）,（図形・土地などの）周囲、周辺の長さ
spurn（他動詞）,…をはねつける、…を拒絶する、…を鼻であしらう
preposterous（形容詞）,非常識な、不合理な、ばかげた
paranoia（名詞）,偏執症、被害妄想、パラノイア
squander（他動詞）,…を浪費する、…を散財する
patronage（名詞）,（芸術や事業への）後援、保護、（顧客の）ひいき、愛顧
stave（他動詞）,（stave offで）…を避ける、…を食い止める
stave（名詞）,おけ［たる］板、棒、さお
attrition（名詞）,減少、削減、縮小、摩擦、消耗
abstinence（名詞）,禁酒、自制、禁欲
succumb（自動詞）,負ける、屈服する、死ぬ
infringement（名詞）,（権利などの）侵害、（法律上の）違反
thwart（他動詞）,…を挫折させる、…をくじく、…を妨害する
thwart（名詞）,（ボートの）こぎ座
vie（自動詞）,激しく競う、争う、競り合う
hegemony（名詞）,主導権、優位、ヘゲモニー
miscarriage（名詞）,誤り、失敗、流産、誤配
vindicate（他動詞）,（人）の疑惑［汚名］を晴らす、…の正しいことを示す
waive（他動詞）,（権利など）を放棄する、…を差し控える、…を延期する
eligibility（名詞）,被選挙権、適任性、被任命資格
conservationist（名詞）,（自然）保護論者
conservationist（形容詞）,（自然）保護論者の
bemoan（他動詞）,…を嘆く、…を哀れむ、…をぼやく
oracle（名詞）,（古代ギリシャの）神官、神のお告げ、神託
decipher（他動詞）,（暗号など）を解読する、（文字）を判読する
genetics（名詞）,遺伝学、遺伝的特徴
delve（自動詞）,徹底的に調べる、掘り下げる、さぐる
downplay（他動詞）,…を軽視する、…を控えめに言う
cardiac（形容詞）,心臓の、心臓病の（限定用法）
cardiac（名詞）,心臓病患者、強心剤
pathology（名詞）,病理、病状、病理学
chaplain（名詞）,（施設付きの）牧師、司祭、教戒師
endear（他動詞）,（人）をいとしいと思わせる、…を慕わせる
evangelical（名詞）,福音主義者
evangelical（形容詞）,福音（主義）の、福音書の
entreat（他動詞）,…を切望する、…を懇願する
lama（名詞）,ラマ教の高僧
espouse（他動詞）,…を支持する、…を信奉する、…を採用する
altruism（名詞）,利他的行為、利他主義
dire（形容詞）,悲惨な、不吉な、恐ろしい、（危険などが）差し迫った
etch（他動詞）,…を刻み込む、…にエッチングする、…をエッチングで描く、…をくっきり描く
archipelago（名詞）,群島、列島
legion（名詞）,軍団、軍隊、部隊、多数、大群
exult（自動詞）,大喜びする、歓喜する、勝ち誇る
truce（名詞）,停戦協定、休戦、一時的休止、中断
fathom（他動詞）,…を理解する、…を見抜く、…の水深を測る
lore（名詞）,伝承、言い伝え、教訓、知識
tome（名詞）,学術書、大冊、分厚い本
loathe（他動詞）,…をひどく嫌う、…を忌み嫌う
incest（名詞）,近親相姦
mortify（他動詞）,…を悔しがらせる、…に屈辱を与える、（感情など）を（禁欲によって）抑える
snag（名詞）,思わぬ障害、困難、（船を妨害する）沈み木
snag（他動詞）,…の邪魔をする、（衣服）を引っ掛ける
mull（自動詞）,熟考する
mull（他動詞）,…を熟考する
fiasco（名詞）,（計画・行事などの）大失敗、完全な失敗
farce（名詞）,笑劇、道化芝居、茶番、こっけい
bidder（名詞）,入札者、値を付ける人、せり手
rue（他動詞）,…を悔やむ、…を後悔する、…がなければよかったと思う
squint（自動詞）,目を細めて見る、細目で見る
squint（名詞）,（通常a squintで）細目で見ること、斜視
writ（名詞）,令状
litigation（名詞）,訴訟、告訴
incarnation（名詞）,化身、肉体化、具現化、前世
heyday（名詞）,（the [one's] heydayで）全盛期、絶頂、盛り
swoon（自動詞）,無我夢中になる、気が遠くなる、気絶する
swoon（名詞）,気絶、卒倒
unravel（他動詞）,（難問）を解明する、…をほどく、…を解く、（計画など）をつぶす
unravel（自動詞）,ほどける、（計画などが）つぶれる
schizophrenia（名詞）,統合失調症
falcon（名詞）,（タカ狩り用の）ハヤブサ
mule（名詞）,ラバ、頑固者
catalyst（名詞）,触媒、触発するもの［人］、促進の働きをするもの、きっかけ
clout（名詞）,（げんこつなどで）殴ること、（政治的）勢力、影響力
clout（他動詞）,…を（げんこつなどで）殴る
anesthesia（名詞）,麻酔、まひ、無感覚
antidote（名詞）,解毒剤、対策、対抗手段
biopsy（名詞）,生体組織検査、生検
bosom（名詞）,胸、胸の中、心
chromosome（名詞）,染色体
concussion（名詞）,脳震とう、衝撃、激動
containment（名詞）,抑制、束縛、（対立国への）封じ込め
contraception（名詞）,避妊（法）、産児制限
cortex（名詞）,皮層、樹皮、（脳などの）皮質、外皮
efficacy（名詞）,効き目、有効性、効果
euthanasia（名詞）,安楽死
fetus（名詞）,（妊娠9週以後の）胎児
genital（名詞）,（genitalsで）生殖器
genital（形容詞）,生殖（器）の（限定用法）
hypertension（名詞）,高血圧（症）、過度の緊張
leukemia（名詞）,白血病
marrow（名詞）,髄、骨髄、（the marrowで）核心、真髄
menopause（名詞）,閉経期、更年期
mole（名詞）,①ほくろ、あざ　②モグラ　③防波堤　④モル（物質量の単位）
nausea（名詞）,吐き気、嫌悪
neuron（名詞）,ニューロン、神経単位
nipple（名詞）,乳首、（ほ乳瓶やおしゃぶりなどの）乳首（状の物）
placebo（名詞）,気休めの薬、偽薬、プラシーボ、気休め
pore（名詞）,毛穴
pore（自動詞）,熟読する、熱中する、熟考する
reflex（名詞）,（reflexesで）反射能力、反射神経
relapse（名詞）,（病気の）再発、ぶり返し、（悪い状態への）逆戻り
relapse（自動詞）,逆戻りする、悪い状態に戻る
respiration（名詞）,呼吸、呼吸作用
scalp（名詞）,（毛髪の付いた）頭皮、戦利品
tuberculosis（名詞）,結核
womb（名詞）,子宮、（物事の）発生する場所、内部
bravado（名詞）,虚勢、空威張り
clamor（名詞）,（通常a [the] clamorで）やかましい声、どよめき、騒々しい音、民衆の声
complacency（名詞）,自己満足、独り善がり
contrition（名詞）,悔恨、悔悟、後悔
cynicism（名詞）,冷笑、皮肉な態度［性格・考え方］、皮肉な言葉［行動］
deference（名詞）,服従、尊敬、敬意
demeanor（名詞）,態度、物腰、振る舞い、行状
derision（名詞）,あざけり、嘲笑、愚弄
euphoria（名詞）,強い幸福感、高揚感
funk（名詞）,①おびえ、尻込み、憶病、落ち込み　②ファンク（ファンキー・ミュージック）
furor（名詞）,熱狂、騒動、熱狂的大流行［称賛］
gall（名詞）,①ずうずうしさ　②すり傷
gall（自動詞）,すりむく
gall（他動詞）,…をすりむく、…をいら立たせる
glee（名詞）,喜び、歓喜、（他人の不幸などを見て）ほくそ笑むこと
hallucination（名詞）,幻覚（症状）、幻影、妄想
homage（名詞）,尊敬、敬意、（封建時代の）忠誠の誓い
hunch（名詞）,直感、予感、勘
hunch（他動詞）,（背中など）を丸める、…を押しやる
indignation（名詞）,義憤、憤り
mirage（名詞）,蜃気楼、妄想、幻覚
misgiving（名詞）,（未来への）不安、疑い、恐れ
ovation（名詞）,熱烈な歓迎、大喝采
phantom（名詞）,幻、幽霊、幻覚、幻影
phantom（形容詞）,幽霊の、幻の、見せ掛けの（限定用法）
rancor（名詞）,怨恨、憎しみ
remorse（名詞）,深い後悔、自責の念、良心の呵責
revulsion（名詞）,（強い）反感、嫌悪、（感情などの）急変
solace（名詞）,慰め、慰安、慰めとなるもの［人］
solace（他動詞）,…を慰める、（苦痛）を和らげる
tantrum（名詞）,かんしゃく、不機嫌
tremor（名詞）,（弱い）揺れ、（恐怖などによる）震え、身震い
vengeance（名詞）,復讐、仕返し
whiff（名詞）,（通常a whiffで）ふわっと漂う香り［におい］
whiff（自動詞）,嫌なにおいがする
concerto（名詞）,協奏曲、コンチェルト
embodiment（名詞）,具体化、（通常the embodimentで）具体化されたもの、化身、権化
tribune（名詞）,人権の擁護者、（新聞名で）トリビューン
acronym（名詞）,頭字語
benchmark（名詞）,（通常a [the] benchmarkで）（判断の）基準、標準
calculus（名詞）,微積分学、（特殊な記号体系を使う）計算法、結石
citation（名詞）,引用（文）、（軍人などに対する）表彰（状）
commandment（名詞）,命令、指令、おきて、戒律
compilation（名詞）,（本などの）編集（したもの）、編纂
conundrum（名詞）,なぞなぞ、難問、謎の人［物］
convergence（名詞）,（一点への）集中、集合、（意見などの）一致
denomination（名詞）,宗派、教派、（貨幣などの）単位、額面金額
dictum（名詞）,金言、格言、（権威ある）意見
doctorate（名詞）,博士号
enigma（名詞）,謎、謎めいた言葉、不可解な出来事
halo（名詞）,円光、後光、（太陽や月の）かさ
heresy（名詞）,異端、異説、異論
psyche（名詞）,（通常the [one's] psycheで）（肉体に対して）精神、魂
pun（名詞）,だじゃれ、地口、語呂合わせ
pun（自動詞）,しゃれを言う
quantum（名詞）,量子、（特定の）量、分け前
resurrection（名詞）,キリストの復活（the Resurrectionで）、よみがえり、復活
sanctity（名詞）,神聖さ、尊厳、高潔
seminary（名詞）,（各宗派の）神学校
upshot（名詞）,（the upshotで）結末、結果、結論
verification（名詞）,証明、実証、確認、証拠、根拠
centenary（名詞）,（英）100年祭、100周年記念（米ではcentennial）
centenary（形容詞）,100年の、100年ごとの
continuum（名詞）,（物・感覚などの）連続（体）
courtship（名詞）,（結婚までの）交際期間、求愛、（動物の）求愛行動
flux（名詞）,絶え間ない変化、不安定、流れ、流動
genealogy（名詞）,系図学、家系図、系統図、家系、血統
genesis（名詞）,（Genesisで）創世記、（通常the genesisで）起源、発生
hiatus（名詞）,（仕事などの）中断、（文・語などの）脱落（部分）
omen（名詞）,前兆、兆し、予感、予知
precursor（名詞）,先駆者、前任者、前兆、前身、前駆体
prelude（名詞）,（通常a preludeで）前触れ、前兆、（詩などの）導入部、前奏曲
respite（名詞）,（仕事や苦痛などの）一時的中断、小休止
vigil（名詞）,（見張り・看病などで）徹夜（の期間）、（抗議などで）徹夜の座り込み、不眠
aspen（名詞）,アスペン（ポプラの一種）
birch（名詞）,カバノキ（birch tree）、カバ材
blight（名詞）,（植物の）胴枯れ病、虫害、（希望などを）くじくもの
blight（他動詞）,（植物）を枯らす
disintegration（名詞）,崩壊、分解、分裂
garland（名詞）,（頭や首にかける）花輪、花冠、栄誉
garland（他動詞）,…を花輪で飾る（通常受身で）
graft（名詞）,①接ぎ木、皮膚移植　②汚職、収賄、不正利得
graft（他動詞）,…を接ぎ木する、…を移植する
heather（名詞）,ヘザー（種々のヒース［低木］の総称）、ヒースの荒野
hull（名詞）,（穀物・果物・種子の）外皮、殻、（豆の）さや、へた
hull（他動詞）,…の外皮［殻］を取る
meteor（名詞）,流星、隕石
nitrogen（名詞）,窒素
pod（名詞）,（エンドウ豆などの）さや、さや状のもの
pod（他動詞）,（豆）のさやをむく
ante（名詞）,（通常an [the] anteで）アンティー（ポーカーの参加料）
assortment（名詞）,各種取りそろえたもの、各種詰め合わせたもの、分類、仕分け
bane（名詞）,（the baneで）破滅のもと、悩みの種、（複合語で）…毒
cookery（名詞）,料理術、料理業
decor（名詞）,装飾、飾り付け、舞台装置
demolition（名詞）,破壊、取り壊し、粉砕、廃止
forcing（名詞）,強制、促成、発育促進
fragmentation（名詞）,分裂、崩壊、（コンピューターで）フラグメンテーション
graffiti（名詞）,（壁などの）落書き（graffitoの複数形）
hassle（名詞）,苦心、苦闘、面倒、困難、激論、けんか
hassle（他動詞）,…を困らせる、…を悩ます
hindsight（名詞）,後知恵
incompetence（名詞）,無能力、不適格、無資格
knack（名詞）,（通常a [the] knackで）こつ、特技、（…する）癖、特性
mannerism（名詞）,（言葉・動作などの）癖、わざとらしさ、（芸術などの）型にはまった手法
orgy（名詞）,どんちゃん騒ぎ、乱交パーティー
puncture（名詞）,（とがった物で）刺すこと、穴を開けること、パンク
puncture（他動詞）,…を刺して穴を開ける
quirk（名詞）,言い逃れ、気まぐれ、奇行、変な癖
rapport（名詞）,関係、調和、調和的な関係
respectability（名詞）,立派な態度、世間体、体面、立派な社会的地位
scourge（名詞）,むち、災難（の原因）、天災、たたり
scourge（他動詞）,…をむちで打つ、…を罰する
stealth（名詞）,ひそかなやり方
stealth（形容詞）,レーダーで捕捉しがたい
stigma（名詞）,（通常a stigmaで）汚名、汚点、恥辱
abduction（名詞）,誘拐、拉致、仮説形成、アブダクション
arson（名詞）,放火（罪）
backdrop（名詞）,（舞台の）背景幕、（事件などの）背景
bounty（名詞）,（政府の）奨励金、（犯人逮捕などの）報奨金、気前のよさ、恵み
brokerage（名詞）,仲介業、仲介会社、仲介手数料
complicity（名詞）,（犯罪などの）共謀、共犯
confederate（名詞）,同盟者［国］、連合国、共謀者
confederate（他動詞）,…を同盟させる
confederate（自動詞）,同盟する
contingency（名詞）,偶然（性）、（将来起こり得る）出来事、不慮の出来事
courthouse（名詞）,裁判所の庁舎、郡庁所在地
debacle（名詞）,（軍隊などの）総崩れ、敗走、（政府などの）崩壊、大失敗
disparity（名詞）,不同、不等、相違、不釣り合い
evasion（名詞）,逃れること、（責任などの）回避
extradition（名詞）,逃亡犯人の引き渡し、送還
feud（名詞）,確執、不和
feud（自動詞）,反目する、争う
fiat（名詞）,（権威による）命令、法令、許可
glut（名詞）,（通常a glutで）十分な供給、（商品などの）供給過剰
imposition（名詞）,（規則・負担などを）課すこと、無理な頼み、つけ込むこと
impunity（名詞）,刑罰［損害］を免れること
infusion（名詞）,（思想・金などの）注入、（薬草・茶などを）煎じること、煎じた液
liberalization（名詞）,自由化、自由主義化
loophole（名詞）,（城壁などの）銃眼、小窓、（法律などの）抜け穴、抜け道
malaise（名詞）,不安感、（社会の）沈滞、気分の優れない状態、不快感
middleman（名詞）,仲買人、中間業者、仲介人
payroll（名詞）,給料支払い簿、従業員名簿［総数］、給料支払い総額
piracy（名詞）,著作権侵害、違法コピー、海賊行為
probation（名詞）,保護観察、執行猶予、審査期間、試用期間
procurement（名詞）,調達、入手、獲得
ransom（名詞）,身代金、受け戻し
ransom（他動詞）,（身代金を払って）…を受け戻す
registry（名詞）,登録所、船籍、記録［登録］簿、登録、記録
roster（名詞）,職務当番表、名簿
roster（他動詞）,…を当番表［名簿］に載せる
synergy（名詞）,相乗効果、企業間協力、シナジー
tally（名詞）,勘定、計算、記録、得点
tally（他動詞）,…を計算する
tort（名詞）,不法行為
ultimatum（名詞）,最終提案、最後通牒［通告］
vindication（名詞）,弁護、弁明、正当性の立証、無実の証明
waiver（名詞）,権利放棄（証書）、（プロ野球などの）ウェーバー方式
fodder（名詞）,家畜の飼料、かいば、使い捨てにされる人［もの］、間に合わせ、素材
regimen（名詞）,（食事などの規則による）摂生、養生法
aberration（名詞）,常軌を逸すること、奇行、異常
anomaly（名詞）,例外、異例、変則、異常
caliber（名詞）,能力、度量、（弾丸などの）直径、（銃の）口径
centerpiece（名詞）,最も重要なもの、目玉、（テーブルなどの）中央に置く装飾品
finesse（名詞）,手際のよさ、術策、精巧さ、精妙さ
finesse（他動詞）,…を巧みに処理する
glimmer（名詞）,ちらちらする光、かすかな光、わずかな兆し
glimmer（自動詞）,ちらちら光る、かすかに光る
hallmark（名詞）,特徴、特質、（金・銀などの）純度検証極印、品質証明
hallmark（他動詞）,…に純度検証の極印を押す
horde（名詞）,（騒々しい人たちの）群れ、（動物などの）大群
optimization（名詞）,最適化
parity（名詞）,同額、同等、同格
rectitude（名詞）,正直さ、公正さ、正しさ
rigor（名詞）,厳格、厳しさ、苦しさ、厳密さ
spate（名詞）,（通常a spateで）多数、多量、（言葉や感情の）ほとばしり
spree（名詞）,浮かれ［ばか］騒ぎ、酒盛り
stint（名詞）,出し惜しみ、制限、仕事の期間、割り当てられた仕事
stint（他動詞）,…を制限する、…を出し惜しむ
tinge（名詞）,（a tingeで）色合い、…気味、かすかな味［様子］
tinge（他動詞）,…を薄く着色する、…を染める
abyss（名詞）,深淵、どん底、溝
arbor（名詞）,あずまや、木陰の休み場所
ascendancy（名詞）,優位、優勢、支配
bastion（名詞）,要塞、とりで、最後のよりどころ
bedrock（名詞）,（最下層の）岩盤、基盤、根底、最低、底
bower（名詞）,木陰（の休息所）、あずまや
cache（名詞）,（食料・武器などの）隠し場所、隠した物、（コンピューターで）キャッシュメモリ
chasm（名詞）,（地面・岩などの）深い裂け目、亀裂、（意見などの）食い違い、隔たり
culmination（名詞）,（the culminationで）最高点、最高潮、成果
farmyard（名詞）,農家の庭
furrow（名詞）,あぜ溝、（顔の）深いしわ
furrow（他動詞）,（畑）にあぜ溝を作る、（顔）にしわを寄せる
hump（名詞）,小さな丘、（道路の）盛り上がり、（人の背中の）こぶ、（ラクダの）こぶ
labyrinth（名詞）,迷宮、迷路、複雑な事情
lavatory（名詞）,トイレ、洗面所
milieu（名詞）,（通常a [the] milieuで）環境、境遇
pitfall（名詞）,（通常pitfallsで）隠れた危険、落とし穴、わな、間違いやすい点
quagmire（名詞）,（通常a [the] quagmireで）沼地、湿地、泥沼、苦境、窮地
stalemate（名詞）,行き詰まり、（チェスで）手詰まり
stalemate（他動詞）,（相手）を手詰まりにさせる
tier（名詞）,層、列、段、段階、階層
torso（名詞）,トルソー（胴だけの彫像）、（人体の）胴、不完全な作品
trajectory（名詞）,弾道、軌道、足跡
vanguard（名詞）,（the vanguardで）指導的地位、先頭、先駆者、指導者、（軍隊などの）先頭、前衛
warren（名詞）,ウサギの繁殖地［飼育場］、過密な住居、ごみごみした地域［建物］
watershed（名詞）,分岐点、分水地点
alias（名詞）,偽名、別名、通称、（コンピューターで）エイリアス
alias（副詞）,偽名は…、またの名は…
alumnus（名詞）,（男子の）卒業生、同窓生
bard（名詞）,詩人、（ケルト族の）吟遊詩人
boomer（名詞）,ベビーブーム世代の人
brethren（名詞）,同志、同胞、信仰［同業者］仲間（複数扱い）
entourage（名詞）,側近の人々、周囲、環境
guise（名詞）,（通常a [the] guiseで）（ごまかすために装った）外観、扮装、見せ掛け、ふり
heterosexual（名詞）,異性愛の人
heterosexual（形容詞）,異性愛の、異性の（限定用法が多い）
mason（名詞）,石工、（米）れんが職人
mason（他動詞）,…をれんがで建てる
pedigree（名詞）,家系、血統、家柄、起源、歴史、家系図
pseudonym（名詞）,偽名、仮名、雅号、筆名、ペンネーム
skinner（名詞）,皮をはぐ人、皮革商、荷車用家畜の御者
surrogate（名詞）,代理人、代用物
surrogate（形容詞）,代理の（限定用法）
upstart（名詞）,成り上がり者、成金
upstart（形容詞）,成り上がり者の、成金の
whore（名詞）,売春婦、あばずれ女
whore（自動詞）,売春婦と遊ぶ、売春婦をする
beacon（名詞）,航路［水路］標識、信号灯、灯台、かがり火、指針となるもの
buffer（名詞）,（衝撃などを）和らげるもの［人］、（列車の）緩衝装置
buffer（他動詞）,…の衝撃を和らげる
buttress（名詞）,（教会などの）控え壁、支え、頼り
buttress（他動詞）,…を（控え壁で）支える
clamp（名詞）,留め金、留め具
clamp（他動詞）,…を（留め金で）固定する
cobble（名詞）,（通常cobblesで）（道路舗装のための）丸石、玉石
cornerstone（名詞）,隅石、礎石、基礎（となる人）、土台
crate（名詞）,木枠の箱、木箱、かご、木箱［かご］1杯の量
cuff（名詞）,（通常cuffsで）袖口、カフス、（ズボンなどの）すその折り返し、手錠
dolly（名詞）,（幼児語で）お人形さん、（荷物を運ぶ）台車、小型機関車
flagship（名詞）,旗艦、最も重要なもの
funnel（名詞）,じょうご（状のもの）
funnel（他動詞）,…を狭い所へ通す
funnel（自動詞）,狭い所を通る
gauntlet（名詞）,（通常gauntletsで）（バイク用などの）長手袋、（中世の騎士の）こて
grit（名詞）,砂、小石、根性、気骨
grit（他動詞）,…に砂をまく、（歯）を食いしばる
luster（名詞）,光沢、つや、輝き、栄光、名声
sheen（名詞）,輝き、光沢、つや
shingle（名詞）,屋根板、こけら板（以上、通常shinglesで）、（米）（医院などの）小看板
sludge（名詞）,泥、ぬかるみ、ヘドロ
torpedo（名詞）,魚雷、水雷
torpedo（他動詞）,…を魚雷で攻撃する、（政策・制度など）を粉砕する
zinc（名詞）,亜鉛、トタン板
zinc（他動詞）,…を亜鉛でめっきする
adjoining（形容詞）,隣の、隣り合った、接している
contingent（形容詞）,（将来の不確かな事に）依存する、（…）次第である、（…に）付随する、不確かな
disproportionate（形容詞）,不釣り合いな、不均衡の
eclectic（形容詞）,取捨選択による、折衷主義の、折衷的な
sparse（形容詞）,まばらな、少ない、薄い
sporadic（形容詞）,点在する、ばらばらの、時折の、散発的な
towering（形容詞）,非常に高い、非常に優れた（限定用法）
unilateral（形容詞）,一方的な、片側だけの
vernacular（形容詞）,（言語が）その土地固有の
vernacular（名詞）,（通常the vernacularで）その土地固有の言語、言葉、方言
baroque（形容詞）,バロック様式の
baroque（名詞）,（the baroque [Baroque]で）バロック様式
contemplative（形容詞）,瞑想的な、沈思する、熟慮する、凝視する
lexical（形容詞）,語彙の、辞書の
nuptial（形容詞）,結婚（式）の（限定用法）
nuptial（名詞）,（nuptialsで）結婚式、婚礼
parochial（形容詞）,教会区の、偏狭な
profane（形容詞）,神を汚す、下品な、俗悪な、冒涜的な
profane（他動詞）,（神聖なもの）を汚す
prolific（形容詞）,（作家などが）多作の、（人・動物が）多産の、（植物などが）実りの多い
putative（形容詞）,推定上の、うわさの、一般に信じられている（限定用法）
quintessential（形容詞）,真髄の、典型的な
testimonial（形容詞）,証明［推薦］の、謝恩の、（法廷での）証言の
testimonial（名詞）,証明書、推薦状、賞状
theological（形容詞）,神学（上）の、神学に関する
uncanny（形容詞）,異様な、神秘的な、不可思議な
burly（形容詞）,体の大きい、頑丈な、がっしりした、ぶっきらぼうな
comatose（形容詞）,昏睡状態の、ひどく眠い、無気力な
coronary（形容詞）,冠状動脈の、心臓の（限定用法）
coronary（名詞）,冠状動脈、心臓発作
corporal（形容詞）,肉体［身体］の、胴体の
hefty（形容詞）,たくましい、強力な、大きくて重い、たくさんの
intestinal（形容詞）,腸の（限定用法が多い）
intravenous（形容詞）,静脈内の、静脈注射の
nasal（形容詞）,鼻の、鼻声の、鼻にかかった、鼻音の
nasal（名詞）,鼻音
neural（形容詞）,神経の（限定用法）
optic（形容詞）,目の、視力の、視覚の
optic（名詞）,目
precocious（形容詞）,（知的・身体的に）発達の早い、早熟の、ませた
spinal（形容詞）,背骨の、脊髄の
abrasive（形容詞）,かんに障る、不愉快な、耳障りな、研磨用の
abrasive（名詞）,研磨材
aggrieved（形容詞）,怒って、腹を立てて、権利を侵害された、苦しんでいる
alluring（形容詞）,誘惑する、魅惑的な、引きつけられる
ambivalent（形容詞）,相反［矛盾］する感情を持つ
apprehensive（形容詞）,恐れている、懸念している、気遣っている、理解が早い、明敏な
avid（形容詞）,熱心な、熱烈な（限定用法）、貪欲に求める
buoyant（形容詞）,楽天的な、陽気な、（景気が）上昇傾向にある、浮力のある、（液体が）浮揚力のある
bustling（形容詞）,（場所が）賑やかな、活気のある
distraught（形容詞）,（人が）（心配などで）取り乱した、狂気の
evocative（形容詞）,（記憶などを）呼び起こす、思い出させる
exuberant（形容詞）,元気いっぱいの、生き生きとした、喜びにあふれた、熱狂的な
fervent（形容詞）,熱心な、熱烈な、熱狂的な、熱い
giddy（形容詞）,目まいがする、目の回るような
glum（形容詞）,憂うつな、つまらなそうな、陰気な
grudging（形容詞）,嫌々の、渋々の
harrowing（形容詞）,痛ましい、悲惨な、つらい（限定用法）
heady（形容詞）,興奮させる、酔わせる、わくわくさせる
hilarious（形容詞）,とても面白い、陽気な
humiliating（形容詞）,屈辱的な、不面目な
jubilant（形容詞）,喜びに満ちた、歓声を上げる
morbid（形容詞）,（精神・考えなどが）病的な、不健全な、病気の、身の毛もよだつ、恐ろしい
obnoxious（形容詞）,とても不快な、嫌な、気に障る
poignant（形容詞）,（悲しみなどが）身を切るような、痛切な、（物語などが）心を打つ、辛らつな
poised（形容詞）,落ち着きのある、構えた、態勢の整った
raucous（形容詞）,騒々しい、耳障りな、しわがれ声の
rueful（形容詞）,悲しそうな、悔悟の念でいっぱいの
sardonic（形容詞）,冷笑的な、あざけりの
seductive（形容詞）,（性的に）誘惑的な、魅力的な
somber（形容詞）,陰気な、深刻な、憂うつな、地味な、薄暗い
strident（形容詞）,かん高い、金切り声の、耳障りな、きしる
tacit（形容詞）,暗黙の、無言の
tantalizing（形容詞）,人の期待をかき立てる、じれったい、じらすような
taut（形容詞）,ぴんと張った、引き締まった、緊張した
vigilant（形容詞）,絶えず警戒している、油断のない
adrift（形容詞）,（船などが）流されて、漂流して、（人が）さまよって（叙述用法）
austere（形容詞）,（文体・服などが）簡素な、（生活などが）質素な、（人などが）厳しい、厳格な
baggy（形容詞）,袋のような、だぶだぶの、垂れ下がった
barbed（形容詞）,とげのある、（言葉が）辛らつな
blatant（形容詞）,見え透いた、露骨な、図々しい、騒々しい
brittle（形容詞）,もろい、はかない、不安定な
charred（形容詞）,黒焦げの
clandestine（形容詞）,秘密の、秘密で行われる
culinary（形容詞）,料理（用）の、台所の
destitute（形容詞）,（人が）極貧の、貧窮の、（必要なものを）欠いている、持たない
discretionary（形容詞）,任意の、自由裁量の（限定用法が多い）
drab（形容詞）,くすんだ茶色の、退屈な
drab（名詞）,くすんだ茶色、淡褐色、単調、退屈
ethereal（形容詞）,微妙な、霊妙な、極めて優美な、空気のような、軽やかな
flamboyant（形容詞）,けばけばしい、燃えるような、きらびやかな、大胆な
flimsy（形容詞）,（布などが）薄っぺらな、（物が）もろい、壊れやすい、（口実などが）見え透いた
fluorescent（形容詞）,蛍光を発する、蛍光性の
grandiose（形容詞）,壮大な、堂々とした、気取った、大げさな
idiosyncratic（形容詞）,特有の、特異な、奇妙な
idyllic（形容詞）,牧歌的な、素朴な、のどかな
impeccable（形容詞）,欠点のない、申し分のない
indelible（形容詞）,消すことのできない、いつまでも残る
jagged（形容詞）,ぎざぎざのある、とがった（限定用法）
murky（形容詞）,どろどろの、濁っている、曇っている、暗い、あいまいな
opaque（形容詞）,不透明な、分かりにくい、あいまいな
palatable（形容詞）,味のよい、口に合う、快い、楽しい
palpable（形容詞）,明白な、容易に分かる、全くの、触診できる
plush（形容詞）,フラシ天の、高級な、ぜいたくな、豪華な
plush（名詞）,フラシ天（ビロードの一種）
posh（形容詞）,しゃれた、豪華な、上品な、気取った
pristine（形容詞）,汚れのない、新品の、初期の、本来の（限定用法）
pseudo（形容詞）,偽りの、偽の、見せ掛けの
pseudo（名詞）,いかさま師
resonant（形容詞）,反響する、共鳴を起こす、響き渡る
seedy（形容詞）,種の多い、みすぼらしい、評判の悪い、いかがわしい
shoddy（形容詞）,安物の、見掛け倒しの
shoddy（名詞）,安物、見掛け倒し
sleazy（形容詞）,みだらな、いかがわしい、だらしのない
sleek（形容詞）,滑らかな、つやつやした、すべすべした
sleek（他動詞）,…を滑らかにする
stagnant（形容詞）,（水などが）よどんだ、停滞した、不景気な
stricken（形容詞）,（病気に）かかった、（悲しみ・不幸などに）打ちひしがれた
supple（形容詞）,曲げやすい、しなやかな、柔軟な、素直な、卑屈な
tangled（形容詞）,もつれた、混乱した
tawdry（形容詞）,派手で安っぽい、下品な、不快な
terse（形容詞）,簡潔な、ぶっきらぼうな、素っ気ない
tumultuous（形容詞）,騒がしい、騒々しい、（心・感情が）ひどく乱れた、動揺した
abiding（形容詞）,不変の、永遠の、持続的な（限定用法）
defunct（形容詞）,消滅した、現存しない、（人が）死亡した
fledgling（形容詞）,駆け出しの、未熟な
fledgling（名詞）,巣立ちしたばかりのひな鳥、未熟者
fleeting（形容詞）,はかない、短い、つかの間の（限定用法が多い）
impromptu（形容詞）,即席の、即興の
impromptu（副詞）,即座に、即興に
leisurely（形容詞）,ゆっくりした、ゆったりした
leisurely（副詞）,ゆっくりと、ゆったりと
makeshift（形容詞）,間に合わせの、一時しのぎの（限定用法が多い）
makeshift（名詞）,一時しのぎのもの
mounting（形容詞）,（不安などが）増加していく、悪化していく
mounting（名詞）,登る［乗る］こと
ominous（形容詞）,不吉な、険悪な、前触れの
resilient（形容詞）,回復力のある、弾力のある、はね返る
adamant（形容詞）,強固な、譲らない、動じない、不屈の
astute（形容詞）,（人・行動などが）機敏な、抜け目のない、ずるい
audacious（形容詞）,（人・行動などが）大胆不敵な、無謀な、勇敢な
brash（形容詞）,出しゃばりの、生意気な、派手な、けばけばしい
bullish（形容詞）,楽観的な、（相場が）上向きの、強気の
canny（形容詞）,利口な、注意深い、抜け目のない
coy（形容詞）,内気な、純情ぶっている
curt（形容詞）,ぶっきらぼうな、そっけない、（文体などが）簡潔な
disgruntled（形容詞）,不満な、不機嫌な、むっとした
dogged（形容詞）,容易に屈しない、頑固な、根気強い（限定用法が多い）
dour（形容詞）,厳格な、頑固な、気難しい、陰気な
fickle（形容詞）,（人・愛情などが）気まぐれの、移り気の、（天候などが）変わりやすい、不安定な
forthright（形容詞）,率直な、歯に衣を着せない
forthright（副詞）,真っすぐに、率直に
fraternal（形容詞）,兄弟の（ような）、友愛（会）の（限定用法）
glib（形容詞）,口が達者な、ペラペラよくしゃべる、うわべだけの、軽薄な
gregarious（形容詞）,社交的な、群居する、群生している
hapless（形容詞）,不幸な、不運な、数奇な
implacable（形容詞）,執念深い、なだめられない、無慈悲な
inept（形容詞）,不適当な、場違いな、不向きな
insatiable（形容詞）,飽くことを知らない、強欲な
intrepid（形容詞）,大胆不敵な、恐れを知らぬ
introspective（形容詞）,内省的な、内観的な
nimble（形容詞）,素早い、理解が早い、機転の利く
obsessive（形容詞）,過度の、とりつかれた、強迫観念の
perky（形容詞）,きびきびした、元気のよい、活発な
sanguine（形容詞）,快活な、楽天的な、自信のある、血色のよい
scrupulous（形容詞）,良心的な、誠実な、綿密な、几帳面な
sordid（形容詞）,（人などが）下劣な、あさましい、強欲な、（場所などが）汚い、むさ苦しい
tenacious（形容詞）,しっかりつかんで離さない、固守する、頑強な、断固とした、粘り強い
touchy（形容詞）,神経質な、怒りっぽい、扱いにくい
upbeat（形容詞）,楽天的な、陽気な、楽しい
whimsical（形容詞）,気まぐれな、移り気な、風変わりな、奇妙な
airborne（形容詞）,空輸の、（部隊が）空挺の、（飛行機などが）飛行中の、（花粉などが）空気で運ばれる
belligerent（形容詞）,好戦的な、けんか腰の、交戦中の
belligerent（名詞）,交戦国
concerted（形容詞）,協定された、協調した、共同された（限定用法）
contentious（形容詞）,論争［けんか］好きの、議論を呼ぶ
cumbersome（形容詞）,やっかいな、扱いにくい、運びにくい
cyclical（形容詞）,周期的な、循環する
evasive（形容詞）,回避的な、責任逃れの、あいまいな
fiduciary（形容詞）,信用上の、信託の
fiduciary（名詞）,受託者
forensic（形容詞）,犯罪科学の、法廷の（限定用法）、法医学の
fraudulent（形容詞）,詐欺（行為）の、不正な
insolvent（形容詞）,支払い不能の、破産した
null（形容詞）,無効の、価値のない
patrician（形容詞）,貴族の
patrician（名詞）,貴族
proprietary（形容詞）,私有の、専売の、所有者の
proprietary（名詞）,所有者、所有権
punitive（形容詞）,罰の、処罰の、懲罰的な、（課税などが）過酷な
reactionary（形容詞）,反動的な、保守的な
reactionary（名詞）,反動主義者
regal（形容詞）,王［女王］の、威厳ある、堂々たる、豪華な
sexist（形容詞）,性差別主義者の、性差別的な
sexist（名詞）,性差別主義者
stringent（形容詞）,（規則が）厳しい、強制的な、差し迫っている
subversive（形容詞）,（政府・体制を）転覆させる、破壊的な
subversive（名詞）,破壊活動分子
ablaze（形容詞）,燃えて、輝いて、興奮して（叙述用法）
arid（形容詞）,（土地などが）（異常に）乾燥した、湿気のない、不毛の、（人生などが）無味乾燥
corrosive（形容詞）,腐食する、さびる、痛烈な、辛らつな
endemic（形容詞）,（病気などが）ある地方特有の、風土性の、（動植物が）その地域に固有の
infrared（形容詞）,赤外（線）の（限定用法）
lush（形容詞）,青々と茂った、豪華な
mutant（形容詞）,突然変異の
mutant（名詞）,突然変異
predatory（形容詞）,捕食性の、肉食性の、略奪する、他人を利用する
rampant（形容詞）,（植物が）生い茂る、（病気・犯罪などが）はびこっている
seismic（形容詞）,地震の、影響力の強い（限定用法）
consummate（形容詞）,完璧な、実に見事な、途方もない（限定用法）
consummate（他動詞）,…を完成する
daunting（形容詞）,人の気力をくじく、困難な、手ごわい、おびえさせる
downright（形容詞）,全くの、徹底的な、率直な、はっきりした（限定用法）
downright（副詞）,徹底的に、全く
glowing（形容詞）,熱のこもった、絶賛の、白熱した、ほてった（限定用法が多い）
inexorable（形容詞）,（運命などが）変えられない、防げない
lurid（形容詞）,けばけばしい、ぞっとする、恐ろしい
motley（形容詞）,雑多な、ごたまぜの、寄せ集めた（限定用法）
motley（名詞）,雑色、（道化師の）まだらの服
overblown（形容詞）,大げさな、度が過ぎた、盛りを過ぎた
pernicious（形容詞）,有害な、致命的な、命にかかわる、悪性の
pleading（形容詞）,訴える（ような）、嘆願する（ような）
pleading（名詞）,申し開き、弁護、嘆願
prodigious（形容詞）,素晴らしい、ひどい、驚くほど、けた外れの、莫大な
rife（形容詞）,（悪い事が）広まって、はびこって、（場所などが）…に満ちて（叙述用法）
seminal（形容詞）,重要で影響力の大きい、精液の
sizable（形容詞）,かなり大きな
stellar（形容詞）,一流の、花形の、際立った、星の（ような）
sweeping（形容詞）,広範囲にわたる、包括的な、徹底的な、完全な
tenuous（形容詞）,（関係などが）希薄な、（意見などが）内容がない、（根拠などが）薄弱な、薄い、細い
veritable（形容詞）,（実際よりも誇張して）真の、本当の、紛れもない（限定用法）
anew（副詞）,もう一度、再び、新たに、別の方法で
amply（副詞）,（動詞の前で）十分に、たっぷり、（動詞の後で）広く、詳細に、はっきりと
overly（副詞）,あまりにも、過度に、とても
artifice（名詞）,巧みな策略、術策、ぺてん
abate（他動詞）,…を和らげる、…を減ずる、…を無効にする、…を却下する
abate（自動詞）,和らぐ、収まる
bile（名詞）,かんしゃく、不機嫌、胆汁
sultan（名詞）,サルタン（イスラム教国の君主）、暴君
abdicate（自動詞）,退位する、辞任する
abdicate（他動詞）,（王位）を退く、…を放棄する
lesion（名詞）,損傷、（機能）障害、病巣
accede（自動詞）,（地位・職に）就く、継承する、加盟する、同意する、応じる
duchy（名詞）,（しばしばDuchyで）公爵領、公国、（英国の）王族公領
arbitration（名詞）,仲裁、調停
allay（他動詞）,…を和らげる、…を静める、（疑惑）を解消する
hemorrhage（名詞）,（資金・頭脳などの）国外流出、大出血、損失
amalgamate（自動詞）,合併する、融合する
amalgamate（他動詞）,（会社など）を合併する、…を融合する
confederation（名詞）,同盟、連合（国）、連邦
incursion（名詞）,（突然の）侵入、襲撃、流入
annihilate（他動詞）,…を滅ぼす、…を全滅させる、…に圧勝する
annexation（名詞）,（領土などの）併合、付加
municipality（名詞）,地方自治体、市［町］当局
augment（他動詞）,…を増やす、…を増大させる、…を増加させる
destitution（名詞）,貧困、極貧、欠乏（状態）
beget（他動詞）,（好ましくないもの）を生み出す、…の原因となる、…の父親になる
iniquity（名詞）,不法（行為）、悪行、非道
decorum（名詞）,礼儀正しさ、上品さ、（decorumsで）礼儀作法、礼節
belie（他動詞）,…と矛盾する、…が偽りであることを示す、（期待など）を裏切る
quay（名詞）,埠頭、岸壁、波止場
billow（自動詞）,（帆・旗などが）膨らむ、はためく、（炎・煙などが）渦巻く、うねる
billow（名詞）,（炎や煙の）うねり、大波
capricious（形容詞）,気まぐれな、移り気な、不規則な、不安定な
bode（他動詞）,…の前兆となる、…を予兆する
auspicious（形容詞）,幸先のよい、めでたい、吉兆の
subversion（名詞）,（政府の）転覆、破壊
cleave（他動詞）,…を切り裂く、（道など）を切り開く、…を分裂させる、…を裂く
cleave（自動詞）,①割れる、裂ける　②執着する、くっつく
iris（名詞）,（眼球の）虹彩、アイリス（アヤメ科の植物）
constrict（他動詞）,…を収縮させる、…を締め付ける、（発展・成長）を抑える
corrode（他動詞）,…を腐食させる、…をさびさせる、…をむしばむ
corrode（自動詞）,腐食する、さびつく、むしばまれる
keel（名詞）,（船の）竜骨、竜骨に似たもの
keel（自動詞）,（keel overで）（船が）転覆する、（人が）倒れる、卒倒する
dinghy（名詞）,小船、小ボート、小型ヨット
decentralize（自動詞）,分散する、地方分権化する
decentralize（他動詞）,…を分散させる、…を分割する、…を地方分権にする
environs（名詞）,（都市の）近郊、周辺地域、郊外（複数扱い）
insecticide（名詞）,殺虫（剤）
decimate（他動詞）,…の多くを殺す、…をかなり減らす、…を衰退させる
detrimental（形容詞）,有害な、不利益な
noxious（形容詞）,不快な、有毒な、有害な
garish（形容詞）,けばけばしい、どぎつい、凝りすぎた、まぶしい
detract（自動詞）,（価値・名声などを）損なう、減じる
amphitheater（名詞）,円形劇場、（古代ローマの）円形競技場
arsenic（名詞）,ヒ素
arsenic（形容詞）,ヒ素の、ヒ素を含む
dilate（他動詞）,…を拡張させる、…を膨らませる、（体の器官）を広げる
dilate（自動詞）,拡張する、膨張する、広がる
sorcerer（名詞）,魔法使い、魔術師、妖術使い
wand（名詞）,（魔法の）つえ（magic wand）、（しなやかな）細い枝、棒
leaden（形容詞）,鉛の、鉛色の、（鉛のように）重い、活気のない、悲しい、のろい
dissipate（自動詞）,（雲などが）消散する、（群衆などが）解散する
dissipate（他動詞）,…を散らす、…を追い払う、…を消す、…を分散させる
vantage（名詞）,見晴らしのよい地点（vantage point）、有利、優越、優勢
drizzle（自動詞）,（通常itを主語にして）霧雨が降る
drizzle（名詞）,霧雨
armistice（名詞）,休戦、停戦（協定）
emancipate（他動詞）,（人）を解放する、…を自由にする
encroach（自動詞）,侵入する、侵害する、侵犯する、侵食する
periphery（名詞）,（通常the peripheryで）周辺、周囲、（政治団体の）非主流派
depletion（名詞）,減少、枯渇、消耗
engender（他動詞）,…を生じさせる、…を発生させる、…を引き起こす
squalid（形容詞）,むさ苦しい、不潔な、卑しい、下劣な
stubble（名詞）,無精ひげ、刈り株（に似たもの）
epitomize（他動詞）,…を縮図的に示す、…の典型である、…を要約する
vagabond（名詞）,放浪者、浮浪者
exude（他動詞）,（液体など）をにじみ出す、（感情など）をあふれ出させる
exude（自動詞）,（液体などが）にじみ出る、染み出す、吹き出る
stench（名詞）,（通常a [the] stenchで）悪臭、（不正などの）気配
forfeit（他動詞）,…を没収される、…を失う、…を犠牲にする
forfeit（名詞）,没収、剥奪、没収物、罰金
breadwinner（名詞）,（通常the breadwinnerで）（一家の）稼ぎ手、大黒柱
orchid（名詞）,ラン（植物）
germinate（自動詞）,（種が）芽を出す、発芽する、（アイデアが）生まれる、成長し始める
germinate（他動詞）,…を発芽させる
conservatory（名詞）,（家屋に付属した）温室、芸術学校、音楽学校
sheath（名詞）,（刀剣の）さや、さや状の覆い、屋根、（体に）ぴったりしたドレス
inlaid（形容詞）,（模様を表面に）はめ込んだ、散りばめた、象眼装飾した
glint（自動詞）,きらっと光る、きらめく、きらきら反射する、（目が）輝く
glint（名詞）,輝き、閃光
gurgle（自動詞）,（水が）ゴボゴボ流れる［音を立てる］、（赤ん坊などが）のどを鳴らす
vale（名詞）,谷、谷間
impinge（自動詞）,支障を来す、障害となる、（権利を）侵害する、作用する
oneness（名詞）,一体感、単一性、統一性、一致
neurosis（名詞）,神経症、ノイローゼ
hypnosis（名詞）,催眠状態、夢幻状態、催眠術
interlock（他動詞）,…を組み合わせる、…を重ね合わせる、…を連動させる
interlock（自動詞）,組み合う、重なり合う、連動する
precipitous（形容詞）,切り立った、険しい、断崖絶壁の、急激な、大急ぎの
jut（自動詞）,突き出る、張り出す
secluded（形容詞）,人里離れた、人目につかない、隠遁した、隔離された
insulation（名詞）,断熱材、絶縁（体）、防音、隔離、孤立
muffle（他動詞）,（音）を消す、（防音のために）…を覆う、（保温のために）（顔・首など）をくるむ
muffle（名詞）,覆い、覆うもの、消された音
mutilate（他動詞）,（身体）を不自由にする、（手足）を切断する、…を損傷により損なう
haphazard（形容詞）,でたらめの、偶然の、無計画の
haphazard（副詞）,でたらめに、偶然に、無計画に
patter（自動詞）,パラパラと降る、パタパタと音を立てる、早口に話す
patter（名詞）,パタパタという音、早口
hangar（名詞）,格納庫、大きな納屋
ostracism（名詞）,排斥、追放、村八分
permeate（他動詞）,…に染み込む、…に浸透する、…を通り抜ける
permeate（自動詞）,染み透る、染み渡る
despotic（形容詞）,独裁的な、専制的な、横暴な
roundup（名詞）,一斉逮捕、（家畜の）駆り集め、（ニュースなどの）総括
polarize（他動詞）,…を分裂させる、…を対立させる
polarize（自動詞）,分裂する、対立する
sedate（形容詞）,落ち着いた、活気のない、平静な
sedate（他動詞）,（人）を鎮静させる
presage（他動詞）,…を予兆する、…の前兆となる、…を予想する
presage（名詞）,前兆、前触れ、予知、予感
cataclysm（名詞）,地殻の激変、地震、大洪水、大変動
propagate（他動詞）,（動植物）を繁殖させる、…を増殖させる、…を広める
propagate（自動詞）,繁殖する
genus（名詞）,（分類上の）属、種類、部類
narcissus（名詞）,スイセン
cove（名詞）,入り江、小湾、奥まった場所、ほら穴
periscope（名詞）,潜望鏡、ペリスコープ
protrude（自動詞）,突き出る、はみ出る
senile（形容詞）,老衰した、もうろくした、老人の、老年期の
recuperate（自動詞）,回復する、立ち直る
typhoid（名詞）,腸チフス（typhoid fever）
typhoid（形容詞）,腸チフス性の
zest（名詞）,熱意、強い興味、心地よい刺激、活力
rejuvenate（他動詞）,…に活力を取り戻させる、…を若返らせる、…を活性化させる
resuscitate（他動詞）,…を生き返らせる、…をよみがえらせる、…を復活させる
panacea（名詞）,万能薬、あらゆる問題の解決策
skyrocket（自動詞）,（物価などが）急上昇する、急騰する、（名声などが）高まる
accession（名詞）,到達、即位、就任、増加、付加
naught（名詞）,無、ゼロ
naught（形容詞）,無価値な、無益な
coroner（名詞）,検死官
seclude（他動詞）,（人）を引きこもらせる、…を隔離する、…を引き離す
fir（名詞）,モミ（fir tree）、モミ材
smolder（自動詞）,くすぶる、いぶる、（怒り・不満などが）つのる
sod（名詞）,芝、芝生、芝土、芝地
stagnate（自動詞）,成長が止まる、活気がなくなる、停滞する、よどむ
decadence（名詞）,退廃、堕落、衰退
hedonism（名詞）,快楽主義
supersede（他動詞）,…に取って代わる、…の座を奪う、…の後任となる
frugality（名詞）,倹約、質素
tarry（自動詞）,（予定より長く）留まる、滞在する、ぐずぐずする
berth（名詞）,投錨地、停泊位置、（船・列車の）寝台、（車の）駐車余地
chivalry（名詞）,騎士道（精神）
underpin（他動詞）,…を下から支える、…に根拠を与える、…を支持する
valor（名詞）,勇敢さ、勇気、武勇
kerosene（名詞）,灯油
waft（自動詞）,（空中を）漂う、ふわりと運ばれる
waft（他動詞）,…を漂わせる、…をふわりと運ぶ
incinerator（名詞）,焼却炉、火葬炉
wean（他動詞）,（子）を乳離れさせる、（人）を引き離す
aegis（名詞）,後援、保護、庇護
domicile（名詞）,居住地、定住所、住居
domicile（他動詞）,…の住所を（…に）定める
domicile（自動詞）,居住する
beseech（他動詞）,…に嘆願する、…を請う、…を強く求める
dike（名詞）,堤防、土手（道）、あぜ道、溝、障害
dike（他動詞）,…に堤防を築く
orator（名詞）,演説者、講演者、雄弁家
canvass（他動詞）,（地域）を訪ね回る、…を遊説する、…を世論調査する、…を検査する
canvass（自動詞）,選挙運動をする、遊説する、調査する
plebiscite（名詞）,国民投票、一般投票
chastise（他動詞）,…を厳しく非難する、…をせっかんする
indemnity（名詞）,賠償（金）、補償（金）、損害保証［賠償］
serviceman（名詞）,軍人、兵士
condescend（自動詞）,見下した態度を取る、へりくだる
nomad（名詞）,遊牧の民、放浪者
disseminate（他動詞）,…を広める、…を普及させる、（種子など）をまき散らす
chauvinism（名詞）,（極端な）性差別主義、熱狂的愛国主義
embellish（他動詞）,（話など）を面白くする、…を潤色する、…を誇張する、…を美しく飾る
filial（形容詞）,子の、子にふさわしい、（親に対して）子の関係の（限定用法）
allegory（名詞）,たとえ話、寓話、風諭
enjoin（他動詞）,（人）に命じる、…を課す、…に禁じる
claimant（名詞）,原告、（給付金などの）要求者、社会保障受給者
enunciate（他動詞）,（言葉）を明確に発音する、（意見など）を明確に述べる
diction（名詞）,言葉づかい、言い回し、語法、口調、話し方
expound（他動詞）,（教義・理論）を詳しく説く、…を解釈する
psalm（名詞）,聖歌、賛美歌、（the Psalmsで）（聖書の）詩編
depraved（形容詞）,邪悪な、堕落した
fiend（名詞）,悪魔のような人、残忍な人、魔神、熱狂者
imbue（他動詞）,…に（思想などを）吹き込む、…に（感情などを）染み込ませる
fallacy（名詞）,間違った考え、誤った議論、誤信、錯誤
instigate（他動詞）,…を唆す、…を扇動する
foolhardy（形容詞）,向こう見ずな、無鉄砲な、無謀な
jeer（自動詞）,冷やかす、あざける、やじを飛ばす
jeer（他動詞）,…を冷やかす、…をあざける、…をやじる
jeer（名詞）,冷やかし、やじ
attire（名詞）,（豪華な）衣装、服装
attire（他動詞）,…を盛装させる
pacify（他動詞）,…をなだめる、（感情など）を鎮める、…を平静な状態に戻す、…を制圧する
peevish（形容詞）,不機嫌な、怒りっぽい、気難しい
conciliatory（形容詞）,なだめるような、懐柔的な、融和的な
postulate（他動詞）,…を前提とする、…を仮定する、…を要求する
salutary（形容詞）,有益な、ためになる、健康によい
pedagogy（名詞）,教育学、教授法
reiterate（他動詞）,…を繰り返して言う、…を何度も念を押す
volition（名詞）,意志、意欲、決意、意志［決断］力
suffrage（名詞）,選挙、選挙権、賛成票
sprightly（形容詞）,陽気な、活発な
sprightly（副詞）,陽気に、活発に
reminisce（自動詞）,思い出を語る、楽しく思い出す、思い出にふける
memento（名詞）,記念品、記念物、かたみ
retract（他動詞）,（前言など）を撤回する、…を取り消す、…を引っ込める
retract（自動詞）,引っ込む
altercation（名詞）,口論、激論
spar（自動詞）,言い争う、議論する、（ボクシングで）スパーリングをする
opinionated（形容詞）,頑固な、独断的な
twitter（自動詞）,ぺちゃくちゃしゃべる、（小鳥が）さえずる
twitter（名詞）,（通常the twitterで）さえずり
interminable（形容詞）,果てしない、終わりのない、飽きるほど長い、長々と続く
voluble（形容詞）,口が達者な、流ちょうな、多弁な、弁舌さわやかな
extrovert（名詞）,外向性の人
extrovert（形容詞）,外向性の
vouch（自動詞）,保証する、断言する、裏付ける
vouch（他動詞）,…だと保証する
cavalry（名詞）,（通常the cavalryで）騎兵（隊）、装甲機動部隊、援軍
amble（自動詞）,（馬が）側対歩で歩く、のんびり歩く
amble（名詞）,（an ambleで）（馬の）側対歩、ゆるやかな足取り
thoroughfare（名詞）,大通り、主要道路、（英）通行
borough（名詞）,（ニューヨーク市の）行政区、（米）郡、町、村
skipper（名詞）,（小型船の）船長、（航空機の）機長、（チームの）主将
batten（他動詞）,（昇降口）を密閉する、…に当て木をする
batten（自動詞）,食い物にする
tremulous（形容詞）,震えた、びくびくしている、神経質な
cower（自動詞）,縮こまる、畏縮する、すくむ
dingy（形容詞）,薄汚い、黒ずんだ、陰気な
buggy（名詞）,バギー（砂浜用小型自動車）、ベビーカー、（1頭立て）軽装馬車
creak（自動詞）,キーキー［ギーギー］鳴る、きしる
unobtrusive（形容詞）,控えめな、出しゃばらない、慎み深い
matron（名詞）,（年配の）既婚女性、中年女性、寮母、女性看守
cringe（自動詞）,（恐怖などで）後ずさりする、すくむ、縮こまる、ぺこぺこする、うんざりする
cavalier（形容詞）,横柄な、尊大な、軽率な、むとんちゃくな（限定用法が多い）
cavalier（名詞）,騎士道精神の持ち主、騎士
crochet（他動詞）,…をかぎ針で編む
crochet（自動詞）,かぎ針で編む
crochet（名詞）,かぎ針編み
frock（名詞）,（女性用）ドレス、ワンピース、修道服
visage（名詞）,顔つき、顔だち、様相
daub（他動詞）,…を（ペンキなどで）塗り付ける、…をなすり付ける、…を汚す
daub（名詞）,（壁塗りの）塗料、しっくい、雑に塗ること、下手な絵
sacrilegious（形容詞）,神聖を汚す、不信心の
denunciation（名詞）,公然の非難、弾劾
daunt（他動詞）,…をたじろがせる、…を威圧する、（人）の気力をくじく
rostrum（名詞）,演壇、説教壇、（オーケストラの）指揮台、くちばし
douse（他動詞）,…に水を浴びせる、…をずぶぬれにする、（灯火）を消す
douse（名詞）,びしょぬれ、水に浸すこと
husk（名詞）,（トウモロコシなどの）皮、殻、無価値な外皮
husk（他動詞）,…の殻を取る、…の皮をむく
excavate（他動詞）,…を発掘する、…を掘る、…を掘って作る
excavate（自動詞）,発掘する、掘る
casket（名詞）,棺、宝庫、（宝石を入れる）小箱
extricate（他動詞）,…を救い出す、…を解放する
dune（名詞）,砂丘（sand dune）
flail（他動詞）,（手足など）を激しく振り動かす、…を連打する、（麦など）を殻ざおで打つ
flail（自動詞）,（手足が）激しく振り動く、連打する、殻ざおで打つ
flail（名詞）,殻ざお
delirium（名詞）,狂乱状態、錯乱、幻覚症状
flinch（自動詞）,ひるむ、尻込みする、たじろぐ
thud（名詞）,ドスンという音、ゴツンという一撃
thud（自動詞）,ドスンと落ちる［当たる］
flit（自動詞）,（鳥・チョウなどが）素早く飛ぶ、せわしなく動き回る、（時が）素早く過ぎ去る
flit（名詞）,飛び去ること、軽快な動き
sprig（名詞）,小枝、若枝
nocturnal（形容詞）,（動物が）夜行性の、（植物が）夜咲きの、夜の
lynx（名詞）,オオヤマネコ、（the Lynxで）やまねこ座（星座の1つ）
lair（名詞）,（動物の）巣、ねぐら、すみか、（秘密の）隠れ家
forage（自動詞）,（動物が）食糧をあさる、探し回る、探す
forage（名詞）,飼料、まぐさ、かいば
garnish（他動詞）,（料理）に付け合わせを添える、…を飾る
garnish（名詞）,（料理の）付け合わせ、つま
pheasant（名詞）,キジ、キジの肉
grate（他動詞）,…を（おろし金で）おろす、…をきしらせる
grate（自動詞）,きしむ、キーキー音を立てる
grate（名詞）,鉄格子、（暖炉の）火床、暖炉
rind（名詞）,（果物などの厚い）皮、外皮、（物事の）外面
rind（他動詞）,…の皮をむく
sieve（名詞）,ふるい、こし器
sieve（他動詞）,…をふるいにかける
intoxication（名詞）,酩酊、酔った状態、陶酔、夢中、中毒
hallucinate（自動詞）,幻覚症状を起こす、幻覚を感じる
hiccup（名詞）,しゃっくり（しばしばhiccupsで）、ちょっとした問題、中断、故障
glutton（名詞）,大食家、暴食家、（苦難などに）よく耐える人、凝り屋
hoist（他動詞）,…を高く掲げる、…を持ち上げる、…を吊り上げる
hoist（名詞）,引き上げ、吊り上げ、起重機
charlatan（名詞）,ペテン師、偽医者、香具師
impersonate（他動詞）,…のまねをする、…のふりをする、…を演じる
nave（名詞）,（教会の）身廊（会衆席のある部分）
inscribe（他動詞）,（言葉など）を刻む、…を記す、…を（心などに）銘記する、（石碑など）に記す
gilt（形容詞）,金めっきした、金箔をかぶせた（限定用法）
gilt（名詞）,金箔、金粉、金色塗料
infatuation（名詞）,夢中になっている状態、心酔、夢中にさせるもの
jostle（自動詞）,押し合う、押しのける、競う、争う
jostle（他動詞）,…を押す、…を突く、…を押して動かす
resplendent（形容詞）,まばゆい、きらきら輝く、華麗な
flippant（形容詞）,軽薄な、不真面目な、軽率な、ぶしつけな
loiter（自動詞）,（あてもなく）ぶらつく、たむろする、道草を食う、ぐずぐずやる
canteen（名詞）,社員食堂、学生食堂、水筒
morose（形容詞）,不機嫌な、むっつりした、気難しい
lubricate（他動詞）,（機械など）に油を差す、…をすべすべにする、…を円滑にする
lathe（名詞）,旋盤、ろくろ
lunge（自動詞）,突進する、突き刺す
lunge（名詞）,突進、突き
bison（名詞）,バイソン、野牛
javelin（名詞）,（やり投げ用の）やり、（the javelinで）やり投げ（競技会）
escapade（名詞）,無鉄砲な行動、突飛な行為、冒険
molest（他動詞）,（女性・子ども）に性的いたずらをする、…に痴漢を働く、…に危害を加える
cessation（名詞）,中止、休止
pelt（他動詞）,…に投げつける、…を強く打つ、…に（質問や非難を）浴びせる
haggard（形容詞）,やつれた、目が落ちくぼんだ
plod（自動詞）,とぼとぼ歩く、重い足取りで歩く、こつこつ進める、ゆっくり進む
glacial（形容詞）,氷の、氷河の、氷河期の、冷たい、極寒の、冷淡な
vulture（名詞）,ハゲワシ、コンドル、貪欲な人
pounce（自動詞）,突然飛び掛かる、激しく非難する、（機会などを）素早くとらえる
talon（名詞）,（通常talonsで）（猛鳥の大きな）かぎつめ
wicker（形容詞）,小枝で作った、枝編み細工の（限定用法）
wicker（名詞）,枝編み細工（品）
pout（自動詞）,（すねて）膨れっ面をする、口を尖らせる、唇を突き出す
pout（他動詞）,（唇）を突き出す
pout（名詞）,膨れっ面
mackerel（名詞）,サバ、サバの肉
nook（名詞）,（部屋の）隅、人目につかない所、人里離れた所
purr（自動詞）,（猫が）（喜んで）のどを鳴らす、（人が）満足げな様子を示す、（自動車などが）快調な音を立てる
purr（他動詞）,…と甘い声で言う
condolence（名詞）,悔やみ、哀悼、慰めの言葉、弔辞
bereaved（形容詞）,近親者を亡くした、死別された、（the bereavedで）遺族
quaver（自動詞）,（音・声が）震える、わなわな震える、震え声で歌う［言う］
lattice（名詞）,格子、格子細工［造り］、格子窓（lattice window）
ransack（他動詞）,（場所）を荒らす、…をあさり回る、…をくまなく捜す
otter（名詞）,カワウソ、カワウソの毛皮
recoil（自動詞）,後ずさりする、尻込みする、ひるむ、はね返る
hedgehog（名詞）,ハリネズミ、ヤマアラシ、怒りっぽく意地悪な人
tempestuous（形容詞）,激しい、大嵐の（ような）、騒々しい、動乱の（限定用法が多い）
ruffle（他動詞）,…をくしゃくしゃにする、（鳥が）（羽）を逆立てる、（水面）を波立たせる、…を動揺させる
ruffle（名詞）,さざ波、（服の）ひだ飾り、（鳥の）首毛、動揺
surly（形容詞）,いら立った、不機嫌な、ぶっきらぼうな、（天気が）荒れ模様の
scowl（自動詞）,顔をしかめる、にらむ
scowl（名詞）,（通常a scowlで）しかめっ面
antic（名詞）,（通常anticsで）ふざけたしぐさ、滑稽な態度、いたずら
scrabble（自動詞）,かき回して探す、かき回す、引っかく
cot（名詞）,①簡易ベッド、折り畳み式ベッド、小寝台　②小屋
padlock（名詞）,南京錠
slacken（他動詞）,（力・速度など）を緩める、…を減じる、…を弱める、（仕事）をぞんざいにする
slacken（自動詞）,緩む、速度を落とす、（商売が）不活発になる、怠ける
gradient（名詞）,勾配、傾斜、坂道、斜面
slither（自動詞）,ずるずる滑る、滑るように進む、滑り降りる
clump（名詞）,茂み、やぶ、木立、（汚れなどの）固まり、（a [the] clumpで）重い足音
clump（他動詞）,…を群生させる、…を凝集させる
clump（自動詞）,群生する、凝集する、重い足取りで歩く
snip（他動詞）,…を（はさみで）ちょきんと切る、…をちょきんと切り取る［落とす］
snip（名詞）,（はさみで）ちょきんと切ること［音］、切り目、切り口
whisker（名詞）,ほおひげ（通常whiskersで）、（猫などの）ひげ、少しの余地
snooze（自動詞）,うたた寝する、居眠りする
snooze（名詞）,（通常a snoozeで）うたた寝、居眠り
anteroom（名詞）,控えの間、待合室
tongs（名詞）,火ばし、やっとこ、物を挟む道具
squat（自動詞）,しゃがむ、うずくまる、（建物・土地に）不法に居座る
squat（形容詞）,ずんぐりした、しゃがんだ
squirt（他動詞）,…を吹きかける、…に吹きかける、…を噴出させる
squirt（自動詞）,噴出する、ほとばしる
squirt（名詞）,噴出すること、噴出量、噴水
aviary（名詞）,鳥小屋、鳥類飼育場
antiseptic（名詞）,消毒剤、防腐剤
antiseptic（形容詞）,殺菌の、清潔な、無菌の
stow（他動詞）,…を積み込む、…をしまい込む
ballast（名詞）,（船の）底荷、安定させるもの、（気球の）砂袋
suffocate（自動詞）,窒息する、息が詰まる
suffocate（他動詞）,…を窒息させる、…を息苦しくさせる、…を抑圧する
convulsion（名詞）,（通常convulsionsで）けいれん、ひきつけ、（笑いなどの）発作、動乱、動揺
epilepsy（名詞）,てんかん
angler（名詞）,釣り人、釣り師
thrash（他動詞）,…をたたくように動かす、…を強く打つ、（手足）をばたばたさせる、…を打ち負かす
thrash（自動詞）,のたうち回る、もがく
scuffle（名詞）,取っ組み合い、乱闘、格闘
scuffle（自動詞）,取っ組み合う、乱闘する
totter（自動詞）,よろめく、よろよろ歩く、（建物などが）揺れる、ぐらつく
unfurl（他動詞）,（旗・帆など）を広げる、…を張る、…を開く
deterrence（名詞）,制止、抑止、戦争抑止
detriment（名詞）,損失の原因（通常a detrimentで）、損害、損失、不利
variegated（形容詞）,多彩色の、雑色の、変化に富んだ、多様な
warble（自動詞）,（小鳥が）さえずる、（人が）声を震わせて歌う
warble（他動詞）,…をさえずる、…を声を震わせて歌う
warble（名詞）,（a [the] warbleで）さえずり、声を震わせて歌うこと
roost（名詞）,止まり木、（鳥の）ねぐら、休息所、宿
roost（自動詞）,止まり木に止まる
infirm（形容詞）,（体が）弱い、虚弱な、意志薄弱な、老衰した
wheeze（自動詞）,苦しそうに息をする、あえぐような音を出す
whimper（自動詞）,（子どもが）すすり泣く、泣き言を言う、（犬が）クンクン鳴く
mortuary（形容詞）,埋葬の、死の
mortuary（名詞）,葬儀場、霊安室
wrest（他動詞）,…をもぎ取る、…を取り上げる、…を苦心して手に入れる
hatchet（名詞）,手おの
daft（形容詞）,精神異常の、熱狂した、ばかな
wriggle（自動詞）,くねくね進む、体をくねらせる
wriggle（他動詞）,（体など）をくねらせる
moat（名詞）,（城・都市などの）堀、濠
moat（他動詞）,…を堀で取り囲む
shin（名詞）,すね、向こうずね
shin（自動詞）,よじ登る
pike（名詞）,①やり、矛、（やりなどの）尖った先　②有料道路（turnpike）
pike（他動詞）,…をやりで突く
writhe（自動詞）,身をよじる、身もだえする、苦悩する
alderman（名詞）,（米）市会議員、（英）市［町］参事会員
adjourn（他動詞）,（会議など）を延期する、…を休廷する、…を休会する、…を中断する
functionary（名詞）,職員、役人
peddler（名詞）,行商人、呼び売り商人、（麻薬の）売人、（思想などを）広める人
appraise（他動詞）,…を鑑定する、…を評価する、…を見積もる
stallion（名詞）,種馬、（種馬用）雄馬
assail（他動詞）,…を激しく攻撃する、…を執拗に攻める、…を悩ませる、…を非難する
citadel（名詞）,要塞、とりで、城、拠点
promontory（名詞）,岬、高台
assay（他動詞）,…を分析する、…を調査する、…を評価する
fluoride（名詞）,フッ化物
parson（名詞）,牧師、聖職者
bandit（名詞）,山賊、追いはぎ、無法者
atone（自動詞）,償う、あがなう
bequeath（他動詞）,…を遺贈する、…に遺産として残す、…を伝える
sundry（形容詞）,さまざまな、種々の、雑多な（限定用法）
curio（名詞）,骨董品、（珍しい）美術品
synod（名詞）,長老会、教会会議
circumscribe（他動詞）,…を制限する、…の周辺に線を引く、…を線で囲む、（円）を外接させる
laity（名詞）,（the laityで）俗人、平信徒、素人
crypt（名詞）,（教会堂の）地下聖堂、地下室
coddle（他動詞）,…を甘やかして育てる、…をやさしく扱う、…をとろ火で煮る
bashful（形容詞）,恥ずかしがり屋の、内気な
coerce（他動詞）,…を強制する、…を強要する、（人）を抑圧する
atheist（名詞）,無神論者、不信心者
sabbath（名詞）,（通常the Sabbathで）安息日
conciliate（自動詞）,調停する、なだめる
conciliate（他動詞）,…を調停する、（人）をなだめる、…を和らげる
litigant（名詞）,訴訟当事者
reparation（名詞）,賠償金（reparationsで）、補償、賠償、償い
onlooker（名詞）,見物人、傍観者
congregate（自動詞）,集まる、集合する
congregate（他動詞）,…を集める
fuselage（名詞）,（飛行機などの）機体、胴体
consecrate（他動詞）,（聖職に）…を任命する、…を神聖にする、…を聖別する、…を捧げる
jubilee（名詞）,記念祭、祝典、祝祭、歓喜
coercion（名詞）,強制（力）、抑圧、威圧、圧政
contravene（他動詞）,（法律など）に反する、…に違反する、…に反対する、…と矛盾する
assessor（名詞）,（税金・財産・保険などの）査定人、評価者、裁判所補佐人
dally（自動詞）,ぶらぶら時を過ごす、ぐずぐずする、からかい半分に手を出す
ledger（名詞）,台帳、元帳、（墓の）平石
drudgery（名詞）,骨の折れる退屈な仕事、苦役
contagion（名詞）,（接触）伝染病、感染、感化、悪影響
demoralize（他動詞）,（人・兵士）の士気をくじく、…を困惑させる、…を混乱させる
dislodge（他動詞）,…を除去する、…を取り除く、…を追い払う
scum（名詞）,浮きかす、あく、（人間の）くず
sediment（名詞）,堆積物、沈殿物、おり、かす
sluice（名詞）,水路、水門（sluice gate）、せき水、（比喩的に）はけ口
dissect（他動詞）,…を解剖する、…を細かく調べる
sinew（名詞）,腱、（通常sinewsで）筋肉、体力、力
exhortation（名詞）,説教、熱心な勧告、奨励（の言葉）
edify（他動詞）,…を啓発する、…を教化する、…の道徳心を養う
dejected（形容詞）,しょげている、意気消沈した、落胆した
elucidate（他動詞）,…を解明する、…を明瞭にする、…を説明する
rabies（名詞）,狂犬病、恐水病
embezzle（他動詞）,…を横領する、（金など）を使い込む
kickback（名詞）,リベート、手数料、ぴんはね、（銃の）反動
enshrine（他動詞）,…を（神聖なものとして）祭る、…を安置する、…を正式に記す
goblin（名詞）,悪鬼、小鬼、小妖精、幽霊
talisman（名詞）,お守り、護符、魔よけ
evict（他動詞）,…を（法的手段によって）立ち退かせる、…を追い払う、…を取り戻す
turnpike（名詞）,有料（高速）道路、ターンパイク（turnpike road）
apparition（名詞）,幽霊、亡霊、幻影、（突然の）出現
malevolent（形容詞）,邪悪な、悪意のある
exorcize（他動詞）,（悪魔）を追い払う、…を祓い清める、（悩みなど）を取り除く
expedite（他動詞）,…を迅速に処理する、…を手早く片付ける、…を促進する
embankment（名詞）,堤防（を築くこと）、土手、盛り土
extradite（他動詞）,（国外逃亡犯人）を引き渡す、…の引き渡しを受ける
itinerant（形容詞）,渡り労働の、巡り歩く、移動式の、放浪の（限定用法が多い）
itinerant（名詞）,巡歴者、巡回布教師、旅芸人、行商人、放浪者
squatter（名詞）,無断居住者、不法定住者、不法占有者、うずくまる人
devolution（名詞）,（権利などの）移行、移転、継承、（生物の）退化
foreclose（自動詞）,担保権を行使する
foreclose（他動詞）,（人）を締め出す、…から（権利などを）奪う
complainant（名詞）,原告（側）、告訴人
gird（他動詞）,…を備えさせる、…を取り囲む、…に巻き付ける
gird（自動詞）,用意をする、準備をする
rebuttal（名詞）,反論、反証
immunize（他動詞）,（人）に（ワクチン注射をして）免疫性を与える
mumps（名詞）,おたふく風邪
eviction（名詞）,立ち退き、追い立て、取り戻し
infringe（自動詞）,（自由などを）侵害する
infringe（他動詞）,（権利など）を侵す、（法律・契約など）に違反する、…を破る
sedentary（形容詞）,（人が）いつも座っている、運動をしない、（仕事などが）座ってできる、定住性の
listless（形容詞）,疲れて元気のない、気の抜けた、もの憂げな
fudge（名詞）,ファッジ（軟らかく甘いキャンディー・チョコレート）
invigorate（他動詞）,（人）に活力を与える、…を元気づける、（組織など）を活気づける
liquidate（他動詞）,（会社など）を整理する、…を解散する、（負債）を清算する
decrepit（形容詞）,老朽化した、使い古した、老いぼれた
foundry（名詞）,鋳物工場、鋳物造り、鋳造業
modulate（他動詞）,（声）の調子を変える［和らげる］、…を調節する、（電波）を変調する
autism（名詞）,自閉症
polemic（名詞）,論争、論戦、反論、論客
negate（他動詞）,…を無効にする、…を取り消す、…を否定する
ratification（名詞）,批准、承認
nullify（他動詞）,…を無効にする、…を無駄にする、…を破棄する
bilateral（形容詞）,双方の、二者間の、両側の、互恵的な（限定用法が多い）
saturation（名詞）,集中攻撃、飽和（状態）、浸透、彩度
outwit（他動詞）,…の裏をかく、…を出し抜く
sentry（名詞）,見張り、番兵、歩哨
subterranean（形容詞）,地下の、地下にある、見えないところにある、表面下の（限定用法が多い）
mercenary（形容詞）,欲得ずくの、報酬目当ての、貪欲な
mercenary（名詞）,傭兵
overrate（他動詞）,…を過大評価する、…を買いかぶる
thoroughbred（名詞）,サラブレッド、純血種の馬
thoroughbred（形容詞）,サラブレッド種の、純血種の、第一級の
armpit（名詞）,わきの下、むさ苦しい［汚い］場所
scruffy（形容詞）,だらしがない、むさ苦しい、みすぼらしい
panhandle（自動詞）,物乞いをする
panhandle（名詞）,細長く伸びている地域
shifty（形容詞）,ずる賢い、うさんくさい、ごまかしの多い
pilfer（他動詞）,…をくすねる、…をちょろまかす
pilfer（自動詞）,くすねる、こそ泥をする
satchel（名詞）,学生かばん、小かばん
pillage（他動詞）,…を略奪する、…を分捕る
pillage（自動詞）,略奪する、分捕る
pillage（名詞）,略奪
vicinity（名詞）,（通常the vicinityで）周辺、付近、近辺、近所
procrastinate（自動詞）,ぐずぐずと引き延ばす、手間取る
irksome（形容詞）,やっかいな、面倒な、いらいらするような、退屈な
proscribe（他動詞）,…を法律で禁止する、（人）を排斥する、（人）を法律の保護外に置く
sojourn（名詞）,滞在、逗留、居住
sojourn（自動詞）,滞在する、逗留する
raze（他動詞）,…を取り壊す、…を徹底的に破壊する
dilapidated（形容詞）,ぼろぼろになった、荒廃した、老朽化した
upmarket（形容詞）,高所得者層向けの、高級品市場向けの
recompense（他動詞）,（人）に報いる、…に返礼する、…に償いをする
recompense（名詞）,報酬、お礼、償い、弁償
bountiful（形容詞）,気前のよい、豊富な、十分な
gratuity（名詞）,チップ、心付け
redress（他動詞）,…を正す、…を矯正する、…を再調整する、（損害など）を償う
redress（名詞）,矯正、償い
welter（名詞）,（通常a welterで）混乱、騒動、ごた混ぜ、うねり
welter（自動詞）,うねる、転がり回る
repatriate（他動詞）,（難民・亡命者など）を（本国に）送還する、（利益など）を（本国へ）送り返す
quarantine（名詞）,隔離（状態）、隔離期間
quarantine（他動詞）,…を隔離する
repudiate（他動詞）,…を拒否する、…を拒絶する、…を否認する、（妻子）を捨てる
consignment（名詞）,委託（販売）、委託販売品、積送品
futility（名詞）,無益、無用、くだらなさ、くだらないもの
rescind（他動詞）,…を廃止する、…を破棄する、…を撤回する
rummage（自動詞）,かき回して探す
rummage（他動詞）,（場所）を探し回る、…をくまなく探す、…を探し出す
urn（名詞）,（装飾的な）つぼ、かめ、（古代ギリシャ・ローマの）骨つぼ
toad（名詞）,ヒキガエル、ガマ、嫌なやつ
secrete（他動詞）,①…を分泌する　②…をこっそり隠す
sequester（他動詞）,…を隔離する、…を引きこもらせる、（財産）を一時差し押さえる
cavern（名詞）,洞窟、洞穴、空洞
cavern（他動詞）,…を洞窟に閉じ込める
exemplar（名詞）,手本、模範、典型、代表例
slough（他動詞）,…を捨て去る、…を払拭する、（ヘビが）（皮）を脱ぎ落とす
slough（自動詞）,（皮が）抜け落ちる、はがれる
slough（名詞）,沼地、湿地、ぬかるみ
dermatologist（名詞）,皮膚科専門医
sterilize（他動詞）,…を殺菌する、…を消毒する、（動物など）を不妊にする、（土地）を不毛にする
subjugate（他動詞）,…を支配下に置く、…を意のままに操る、…を手なずける、…を従わせる
kindred（形容詞）,同族の、同類の、類似の
kindred（名詞）,親類、一族、血族関係、同質性
sewerage（名詞）,下水道、下水設備、下水処理、下水
substantiate（他動詞）,…を立証する、…を具体化する、…を実現させる
sulk（自動詞）,すねる、膨れる、むっつりする
sulk（名詞）,（通常the sulksで）すねること、不機嫌
brusque（形容詞）,ぶっきらぼうな、無愛想な、そっけない
recrimination（名詞）,非難、けんか、逆襲
superimpose（他動詞）,（写真で）…を二重焼き付けする、…を重ねる、…を付加する
cactus（名詞）,サボテン
vindictive（形容詞）,復讐心に燃えた、執念深い、報復的な
swindle（他動詞）,…をペテンにかける、…をだまし取る
swindle（名詞）,詐欺行為、ごまかし、偽物
usurp（他動詞）,（権力・地位など）を暴力で奪う、…を強奪する、…を不法使用する
forgery（名詞）,（文書）偽造、捏造、偽造物
vacate（他動詞）,（場所）を明け渡す、…を立ち退く、（地位）を退く、…を無効にする
tenancy（名詞）,借用期間、（土地や家屋の）保有（期間）
vanquish（他動詞）,…を負かす、…を打ち破る、…を征服する
mane（名詞）,（ライオン・馬などの）たてがみ、長く豊かな頭髪
wheedle（他動詞）,…をうまく口車に乗せて手に入れる、（人）を口車に乗せて欺く
docile（形容詞）,従順な、素直な
whitewash（他動詞）,…のうわべを飾る、…を隠蔽する、…にしっくいを塗る
whitewash（名詞）,しっくい、ごまかし、隠蔽
concomitant（形容詞）,付随する、伴う、同時に起こる
concomitant（名詞）,付属（物）、（通常concomitantsで）付帯状況
heretic（名詞）,異端者、異教徒、反対論者
abhor（他動詞）,…を忌み嫌う、…を憎悪している
swine（名詞）,ブタ、イノシシ、（以下複数形はswines）嫌なやつ、好色漢
bronchitis（名詞）,気管支炎
ail（他動詞）,…を苦しめる、…を悩ます、…を患わせる
ail（自動詞）,患う、病気になる
affront（名詞）,（通常an affrontで）侮辱、無礼な行為［言葉］
affront（他動詞）,（人）を（公然と）侮辱する、…の誇りを傷つける
magnate（名詞）,（業界の）有力者、大事業家、大物
antagonize（他動詞）,…をいら立たせる、…に反感を持たせる、…を敵に回す
friar（名詞）,托鉢修道士
blanch（自動詞）,（人・顔が）青ざめる、不快に思う
blanch（他動詞）,…を漂白［脱色］する、…を湯がく、（顔など）を青ざめさせる
filth（名詞）,みだらな言葉、ののしり、不道徳なもの、堕落、汚物、ごみ
claustrophobia（名詞）,閉所恐怖症
detest（他動詞）,…をひどく嫌う、…を憎む
foyer（名詞）,（劇場・ホテルなどの）休憩室、玄関（の広間）、ロビー
eavesdrop（自動詞）,盗み聞きする、立ち聞きする、（無線などで）傍受する
exchequer（名詞）,（英国）財務省（以上the Exchequerで）、（the [an] exchequerで）資金、国庫、公庫
emissary（名詞）,使節、特使、スパイ
efface（他動詞）,（記憶・印象など）をぬぐい去る、…をこすり消す、…を削除する
abominable（形容詞）,忌まわしい、不愉快な、ひどい、嫌な
slapstick（形容詞）,どたばた喜劇の
slapstick（名詞）,どたばた喜劇
hark（自動詞）,（過去に）呼び戻す、（過去を）思い起こさせる、耳を傾ける
puberty（名詞）,思春期、年頃
scruple（名詞）,（通常scruplesで）良心のとがめ、疑念、ためらい
impel（他動詞）,（人）を駆り立てる、…を押し進める、…を強いる
diabolic（形容詞）,極悪非道な、悪魔の（ような）、魔性の
oscillate（自動詞）,（人・感情が）ぐらつく、動揺する、（振り子のように）振れる
reprieve（名詞）,死刑執行猶予
reprieve（他動詞）,（人）の死刑執行を猶予する
peruse（他動詞）,…を熟読する、…を精読する、…を詳細に調べる
copious（形容詞）,多量の、（内容の）豊富な、（作家が）多作の（限定用法が多い）
prospectus（名詞）,（学校などの）案内書、事業内容説明書、目論見書
chronology（名詞）,年代記、年表、年代順配列、年代学
pique（他動詞）,…をそそる、…をあおる、…を憤慨させる、…を怒らせる
lagoon（名詞）,小さな沼、池、潟、礁湖（サンゴ礁に囲まれた浅い海）
quench（他動詞）,（渇き）をいやす、（火）を消す
hoarse（形容詞）,しわがれ声の、（声が）かすれた、ハスキーな
rasp（自動詞）,（神経などに）障る、耳障りな音を出す
rasp（他動詞）,（神経など）をいら立たせる、…を（やすりで）こする、…を耳障りな声で言う
caprice（名詞）,気まぐれ、移り気、気まぐれな性格、予知できない急変
repulse（他動詞）,（人）をうんざりさせる、…を撃退する、…をはねつける
revel（自動詞）,大いに喜ぶ［楽しむ］、どんちゃん騒ぎをする
accolade（名詞）,称賛、表彰式、ナイトの爵位授与（式）
ruminate（自動詞）,思い巡らす、沈思する、（動物が）反すうする
admonition（名詞）,忠告、助言、説諭、訓戒
seethe（自動詞）,腹を立てる、（怒りや興奮に）沸く、ごった返す、泡立つ
impudent（形容詞）,生意気な、厚かましい、軽率な、不謹慎な
rejoinder（名詞）,言い返し、返答、口答え
tantalize（他動詞）,（人）に見せびらかしてじらす、…をじらして苦しめる
finery（名詞）,美しい服、華美な服装［装飾品］
tranquilize（他動詞）,…を落ち着かせる、…を鎮静させる
delirious（形容詞）,興奮状態の、意識が混濁した、錯乱した
terrestrial（形容詞）,地球（上）の、陸地の、この世の
terrestrial（名詞）,地球に住むもの
whet（他動詞）,（欲求・興味など）を刺激する、（刃物）を（砥石で）とぐ
amphibian（名詞）,両生類の動物、水陸両用飛行機［戦車］
amphibian（形容詞）,両生類の、水陸両用の
dung（名詞）,（牛・馬などの）ふん、肥料、肥やし
ewe（名詞）,（成長した）雌羊
fauna（名詞）,動物相、ファウナ（一定地域内の動物の全種類）
gill（名詞）,（通常gillsで）（魚の）えら、（キノコのかさの裏の）ひだ
leech（名詞）,ヒル、人を食い物にする人、他人の利益を吸い取る者
maggot（名詞）,ウジ（虫）
membrane（名詞）,（動植物の）薄膜、皮膜、細胞膜
muzzle（名詞）,（動物の）鼻口部、鼻面、口輪、銃口
muzzle（他動詞）,（犬など）に口輪をはめる
plumage（名詞）,（鳥の）羽、羽毛
quail（名詞）,ウズラ、ウズラの肉
rump（名詞）,（動物の）尻、（鳥の）尾部、（人間の）尻、（組織などの）残党
sprite（名詞）,小人、妖精、小鬼
stag（名詞）,（成熟した）雄ジカ
tadpole（名詞）,オタマジャクシ
tentacle（名詞）,触手、触角
venom（名詞）,（ヘビ・サソリ・ハチなどの）毒液、悪意、憎悪
affectation（名詞）,気取った言動、ふりをすること、見せ掛け
cadence（名詞）,拍子、リズム、声の抑揚
anorexia（名詞）,食欲不振、拒食症
antigen（名詞）,抗原
balm（名詞）,芳香性樹脂、香油、芳香のある軟こう
biceps（名詞）,二頭筋、筋肉のたくましさ、筋力
buttock（名詞）,（通常buttocksで）尻、臀部
carcinogen（名詞）,発がん（性）物質
cataract（名詞）,白内障、大きな滝、豪雨、洪水
chemotherapy（名詞）,化学療法
cleavage（名詞）,（女性の）胸の谷間、裂け目、（見解などの）分裂
colitis（名詞）,大腸炎、結腸炎
constipation（名詞）,便秘
convalescence（名詞）,（病後の）回復（期）
dispensary（名詞）,（病院などの）調剤室、薬局、医務室、（無料・低料金の）診療所
esophagus（名詞）,（米）食道
glucose（名詞）,グルコース、ブドウ糖
groin（名詞）,鼠蹊部（またの付け根の部分）、防波堤
infirmity（名詞）,虚弱、病弱、無気力
insomnia（名詞）,不眠症
ligament（名詞）,靭帯、（物を結び付ける）ひも、帯、きずな
lobe（名詞）,耳たぶ（earlobe）、（建物などの）丸い突出部、丸い屋根
malady（名詞）,（慢性的な）病気、（通常maladiesで）（社会などの）病弊、弊害
node（名詞）,こぶ、腫れ、リンパ節、中心点、集合点
nostril（名詞）,鼻孔、小鼻
obstetrician（名詞）,産科医
ointment（名詞）,軟こう、化粧用クリーム
ovary（名詞）,卵巣、子房
pelvis（名詞）,骨盤
physiology（名詞）,生理学、生理（機能）
prognosis（名詞）,予後（治療後の経過予測）、予知、予測
remission（名詞）,（病気などの）小康状態、（寒暖などの）緩み、（負債などの）免除
saliva（名詞）,唾液、つば
serum（名詞）,血清
tetanus（名詞）,破傷風
wart（名詞）,いぼ、（木の）こぶ、欠点
xenophobia（名詞）,外国人嫌い、外国人恐怖症
arousal（名詞）,（性的）興奮、目覚め
articulation（名詞）,明瞭な発音、（考え・感情などの言葉による）表現
avarice（名詞）,（金銭などに対する）貪欲、強欲
benevolence（名詞）,善意、慈善の心、善行
consternation（名詞）,驚愕、仰天、狼狽
discomfiture（名詞）,当惑、うろたえ、完敗、失敗、挫折
elation（名詞）,意気揚々、大喜び、上機嫌、大得意
exasperation（名詞）,憤慨、激怒、悪化
fortitude（名詞）,不屈の精神、堅忍
gusto（名詞）,心からの楽しみ［喜び］、熱意
innuendo（名詞）,（軽蔑的な）ほのめかし、暗示、風刺、当てこすり
merriment（名詞）,陽気な騒ぎ、歓楽
mirth（名詞）,陽気、歓喜、浮かれ騒ぎ
peal（名詞）,（鐘の）響き、（雷・笑いなどの）とどろき
peal（自動詞）,（鐘が）鳴り響く
pomp（名詞）,壮観、華麗、華やかさ
predisposition（名詞）,性質、傾向、体質、素因
premonition（名詞）,予感、虫の知らせ、前兆
procrastination（名詞）,先延ばし、引き延ばし、遅延
propensity（名詞）,傾向、性癖
stupor（名詞）,（飲酒などによる）無感覚状態、人事不省、ぼうぜん自失
susceptibility（名詞）,感じやすいこと、感受性、影響を受けやすいこと、敏感な感情
vulgarity（名詞）,下品、悪趣味、俗悪
obituary（名詞）,（新聞などの）死亡記事
ode（名詞）,オード、頌歌（特定の人・物に寄せる叙情詩）
pigment（名詞）,顔料、絵の具、（動植物の）色素
reverie（名詞）,空想、夢想、幻想
tableau（名詞）,活人画、劇的場面
adage（名詞）,格言、金言、ことわざ
assimilation（名詞）,理解、吸収、同化、融合
axiom（名詞）,公理、定理、自明の理、原理
blasphemy（名詞）,（神聖なものへの）不敬、冒涜、冒涜的な言動
cant（名詞）,①偽善的な言葉、専門語、隠語　②斜面、傾斜
cant（他動詞）,…を傾ける
cognition（名詞）,認識、認知、知識
concordance（名詞）,（本などの）用語索引、一致、調和
connotation（名詞）,言外の意味、含意
corollary（名詞）,（数学で）系、推論、必然の結果
demography（名詞）,人口統計学
dichotomy（名詞）,二分、両分、分裂、二項対立
dissertation（名詞）,学術［学位］論文、（特に）博士論文
ellipse（名詞）,長円、楕円
fabrication（名詞）,作り話、デマ、うそ、言い訳、製作、製造
fission（名詞）,分裂、分体
gist（名詞）,要点、要旨
introspection（名詞）,内省、内観
lisp（名詞）,舌足らずの発音
lisp（自動詞）,舌足らずで発音する
lisp（他動詞）,…を舌足らずで発音する
overtone（名詞）,（表面に表れた）付帯的な意味［含み］、上音、倍音
penance（名詞）,ざんげ、罪滅ぼし、苦行、難行
precept（名詞）,道徳的な教え、教訓、（行動・考え方の）指針、規範
prerequisite（名詞）,必須条件
prerequisite（形容詞）,不可欠の、必須の（限定用法）
solvent（名詞）,溶剤、溶媒、解決策
solvent（形容詞）,支払い能力がある、溶解力のある
synopsis（名詞）,梗概、粗筋、概要、大意
syntax（名詞）,統語論、構文（論）、シンタックス
thesaurus（名詞）,シソーラス、分類語彙辞典、類義語辞典、専門用語辞典
vector（名詞）,ベクトル、（飛行機などの）方向、針路
zodiac（名詞）,（the zodiacで）黄道帯、十二宮図
inception（名詞）,（通常the inceptionで）発足、初め、発端、始まり
interlude（名詞）,合間（の出来事）、幕間（劇）、間奏曲
solstice（名詞）,至、至点
zenith（名詞）,（the zenithで）天頂、（通常the [one's] zenithで）頂点、絶頂
acorn（名詞）,ドングリ
algae（名詞）,藻、藻類
bough（名詞）,大きな枝
bromide（名詞）,臭化物、陳腐な慰めの文句
chlorine（名詞）,塩素
combustion（名詞）,燃焼、酸化、激動、大騒ぎ
compost（名詞）,堆肥、混合物
compost（他動詞）,…を堆肥にする、（土）に堆肥を施す
eddy（名詞）,（水・風・霧・煙などの）小さな渦巻き
eddy（自動詞）,渦を巻く
fern（名詞）,シダ（類）
flora（名詞）,植物相、植物区系、植物誌
foliage（名詞）,（1本または複数の木全体の）葉、群葉
lava（名詞）,溶岩、火山岩
nettle（名詞）,（植物の）イラクサ、いらいらさせるもの［こと］
nettle（他動詞）,（人）をいらいらさせる
nitrate（名詞）,硝酸塩、硝酸エステル
oxide（名詞）,酸化物
phosphorus（名詞）,リン
poppy（名詞）,ケシ、ポピー（ケシ科の植物の総称）
potassium（名詞）,カリウム
baloney（名詞）,たわ言、うそっぱち
blemish（名詞）,（名声などへの）汚点、欠点、汚れ、染み、傷
blemish（他動詞）,…を傷つける、…を汚す
crease（名詞）,（布・顔などの）しわ、（ズボンなどの）折り目
crease（他動詞）,…に折り目［しわ］を付ける
decoy（名詞）,おとり用の鳥［動物］、（警察などの）おとり
decoy（他動詞）,…をおびき寄せる
delineation（名詞）,輪郭描写、（言葉による）描写、記述
embroidery（名詞）,刺しゅう、刺しゅうした作品、（話などの）潤色（したもの）
fleece（名詞）,（一頭分の）羊毛、羊毛に似たもの、フリース（製の服）
fleece（他動詞）,（金品）を巻き上げる
fluff（名詞）,けば、綿毛、毛玉、くだらないこと［もの］
fluff（他動詞）,（髪・羽毛など）をけば立てる
froth（名詞）,（ビールなどの）泡、（唾液の）泡、くだらないもの［話］
hearsay（名詞）,うわさ、風聞、風評
hem（名詞）,（布・衣服の）へり、縁
hem（他動詞）,…のへりを縫う、縁取りをする
knell（名詞）,弔いの鐘（の音）、（死・失敗などの）前兆
knell（自動詞）,弔鐘が鳴る
matrimony（名詞）,結婚生活、婚姻、夫婦生活［関係］
muck（名詞）,（動物の）ふん、肥やし、汚物、ごみ
muck（他動詞）,…に肥料をやる、…を汚す
sabbatical（名詞）,（大学教授の）研究［充電］休暇、サバティカルイヤー（sabbatical year）
smudge（名詞）,汚れ、染み
smudge（他動詞）,…を汚す、…に染みを付ける
subsistence（名詞）,必要最低限の生活、生計、生存、扶養
tenement（名詞）,（スラム街などの）安アパート（tenement house）、（家屋などの）保有財産、居場所
thatch（名詞）,わら［かや］ぶき（屋根）、屋根をふく材料
thatch（他動詞）,（屋根など）をわらでふく
trough（名詞）,雨どい、とい、（細長い箱型の）かいばおけ
vestige（名詞）,痕跡、名残、（通常否定文で）ごくわずか
wavelength（名詞）,（光・音などの）波長、（ラジオの）周波数
acclamation（名詞）,（拍手・歓呼による）満場一致の賛成、（通常acclamationsで）拍手喝采、歓呼
acquiescence（名詞）,黙認、黙従
amends（名詞）,償い、埋め合わせ
amity（名詞）,友好、親善
brunt（名詞）,（攻撃の）矛先
collusion（名詞）,談合、共謀、結託
consummation（名詞）,（通常a [the] consummationで）完成、達成、成就
corroboration（名詞）,確証、裏付け、裏付け証拠
crucifixion（名詞）,はりつけ、（the Crucifixionで）キリストの十字架上の処刑
delinquency（名詞）,（職務などの）怠慢、（義務などの）不履行、（未成年者の）犯罪、非行、過失
deliverance（名詞）,解放、救出、意見陳述、（陪審の）評決
furlough（名詞）,（海外勤務の公務員・軍人などの）休暇、（米）レイオフ、一時帰休
induction（名詞）,（官職などへの）就任、入会、徴兵、誘導、出産誘発
mutiny（名詞）,暴動、反乱、（兵士などの）反逆、抵抗
offshoot（名詞）,子会社、（グループの）分派、派生物、支流
onus（名詞）,（the onusで）重荷、負担、責任、義務
outlay（名詞）,支出、経費、出資金
passbook（名詞）,銀行通帳、預金通帳
preponderance（名詞）,圧倒的多数、大半、（数・重量などで）勝ること、優勢
prerogative（名詞）,（通常a [the] prerogativeで）（官職上の）特権、特典
proviso（名詞）,（条件・契約などの）但し書き、条件
quorum（名詞）,定（足）数
restitution（名詞）,（所有者への）返還、損害賠償、補償、回復
schism（名詞）,分裂、分離、分派
secession（名詞）,（組織などからの）脱退、離脱
slander（名詞）,中傷、悪口、ひぼう、名誉棄損
slander（他動詞）,…を中傷する
sortie（名詞）,出撃、突撃
sortie（自動詞）,出撃［突撃］する
stead（名詞）,代理、助け、利益
stricture（名詞）,非難、酷評、批評、拘束、制限
tithe（名詞）,10分の1税（中世ヨーロッパで教会に納めた税金）、10分の1
chaff（名詞）,もみ殻、（飼料用の）切りわら
galley（名詞）,（艦船・飛行機の）調理室、ガレー船
pellet（名詞）,（パンなどを丸めた）玉、小弾丸、散弾
potluck（名詞）,有り合わせの食べ物［料理］
potluck（形容詞）,みんながごちそうを持ち寄る
bale（名詞）,梱、俵（輸送用に圧縮してひもなどをかけたもの）
bale（他動詞）,…を梱にする、…を梱包する
brevity（名詞）,（表現の）簡潔さ、（時間の）短さ
crux（名詞）,（the cruxで）核心、最も重要な点、難問、難点、（Cruxで）南十字星
dab（名詞）,軽くたたくこと、一押し［一塗り］すること、少量
dab（他動詞）,…を軽くたたく［塗る］
dissonance（名詞）,不協和（音）、不一致、不調和、不和
doldrums（名詞）,（the doldrumsで）憂うつ、ふさぎ込み、停滞（状態）、不振（複数扱い）
epitome（名詞）,（the epitomeで）典型、縮図、権化
forte（名詞）,（one's forteで）強み
forte（形容詞）,（音楽で）フォルテの、強音の
forte（副詞）,フォルテで、強音で
incongruity（名詞）,不一致、不調和（なもの）
mite（名詞）,ごく小さい人［動物、虫、物］、小銭、（a miteで）少量
nil（名詞）,無、零、ゼロ
pall（名詞）,（煙などの）暗い雲状のもの、衣、とばり、棺にかける布
plethora（名詞）,（a plethoraで）過多、過度、多血（症）
precedence（名詞）,上位［優先］であること、席次、上席、優先権
profusion（名詞）,豊富、大量
ramification（名詞）,（派生して起こる）結果、影響、（通常ramificationsで）枝分かれ、細分化
shoal（名詞）,①（魚の）群れ、多数、多量　②浅瀬、洲、砂州、隠れた危険
acreage（名詞）,エーカー数、面積、1エーカーほどの土地
antithesis（名詞）,正反対、対照
aperture（名詞）,（光・空気などが通る）穴、すき間、（カメラなどの）絞り
apex（名詞）,（通常the apexで）頂点、先端、絶頂
approximation（名詞）,おおよその数［量］、概算、類似
circumference（名詞）,円周、周囲、外周
confluence（名詞）,（通常the confluenceで）（川などの）合流（点）、（人・物の）流れ、集まり
cordon（名詞）,（軍隊の）哨兵線、（警察の）非常線、飾りひも、綬章
crevice（名詞）,（岩などの）割れ目、裂け目
cubicle（名詞）,（仕切られた）小部屋［小個室］
demarcation（名詞）,境界［限界］設定、区分、区別
fissure（名詞）,（岩・地表などの）深い裂け目、割れ目、亀裂、（意見などの）不一致、分裂
gully（名詞）,（流水でできた）小峡谷、溝、側溝
inlet（名詞）,入り江、小海峡、導入口、注入口
juxtaposition（名詞）,並列、並置
locus（名詞）,場所、位置、（活動・力の）中心（地）、根源
longitude（名詞）,経度
precipice（名詞）,絶壁、断崖、危機
rut（名詞）,わだち、溝、決まりきったやり方［生活］
squalor（名詞）,不潔さ、むさ苦しさ、卑劣、あさましさ
stratum（名詞）,地層、岩層、（社会的な）階級、階層、層
tether（名詞）,（動物の）つなぎ綱［鎖］、（知識などの）範囲、限界
tether（他動詞）,（動物）をつなぎ綱でつなぐ
topography（名詞）,地形（学）、地形図
tropic（名詞）,回帰線、（the tropicsで）熱帯地方
tropic（形容詞）,熱帯地方の
whirlpool（名詞）,渦、渦巻き、混乱、騒ぎ
aggregation（名詞）,集合（体）、集団
bridegroom（名詞）,花婿、新郎
chum（名詞）,①仲良し、親友　②（魚の）まき餌
chum（自動詞）,親しくする
clairvoyant（名詞）,千里眼［透視力］のある人、洞察力のある人
clairvoyant（形容詞）,千里眼［透視力］のある
constellation（名詞）,星座（の位置）、（似ている人・物の）集まり、一群
exponent（名詞）,提唱者、解説者、（ある分野の）第一人者
gentile（名詞）,（ユダヤ人から見た）非ユダヤ人、異邦人
gentile（形容詞）,非ユダヤ人の、異邦人の
hermit（名詞）,隠遁者、世捨て人
manipulator（名詞）,巧みな処理者［操縦者］、操る人、改ざん者
recluse（名詞）,世捨て人、隠遁者
stenographer（名詞）,速記者、速記タイピスト
anvil（名詞）,金敷き、鉄床
barrow（名詞）,①手押し車　②古墳、塚
bridle（名詞）,馬勒（馬の頭部に付けるheadstall、bit、reins）
bridle（他動詞）,（馬）に馬勒を付ける
bunk（名詞）,①（船・列車などの）壁に作りつけた寝台、二段ベッド　②でたらめ、たわ言
canopy（名詞）,（寝台・王座などの）天蓋、覆う物
carousel（名詞）,回転木馬、メリーゴーラウンド
cistern（名詞）,（水洗トイレなどの）貯水タンク、水槽
confetti（名詞）,（パレードなどでまく）紙吹雪（複数扱い）
coop（名詞）,（ニワトリ・ウサギなどの）かご、小屋、狭苦しい場所
coop（他動詞）,…を閉じ込める
graphite（名詞）,黒鉛、石墨、グラファイト（鉛筆の芯の材料）
harrow（名詞）,まぐわ
harrow（他動詞）,（土）をまぐわでならす
kiln（名詞）,（陶器などを焼く）窯、炉
kiln（他動詞）,…を窯［炉］で焼く［乾燥させる］
molding（名詞）,型で作ること、塑造、鋳造、型で作られた物、鋳造［塑造］物
projectile（名詞）,投射物、発射体
projectile（形容詞）,発射される、推進する
rotor（名詞）,ローター（機械の回転部分）、（ヘリコプターなどの）回転翼
rudder（名詞）,（船の）かじ、方向舵、指針、指導者
spire（名詞）,尖頂、（教会などの）尖塔、とんがり屋根
thimble（名詞）,（裁縫用の）指ぬき
trident（名詞）,三つ叉の道具［武器］、（神話で）三つ叉の矛
upholstery（名詞）,室内装飾用品、いす張り用材
vane（名詞）,風見、風向計、（風車などの）翼、羽根
vat（名詞）,（醸造用の）大おけ
adjunct（形容詞）,付属の、補助の
adjunct（名詞）,付属品、助手
ancillary（形容詞）,従属［付随］する、補助の
ancillary（名詞）,付属物、付随物
auxiliary（形容詞）,補助の、予備の（限定用法）
auxiliary（名詞）,助手、補助者
diagonal（形容詞）,対角線の、斜めの（限定用法が多い）
diagonal（名詞）,対角線、斜線
discrete（形容詞）,分離した、別々の、個別的な、不連続の（限定用法が多い）
divergent（形容詞）,分岐する、分かれる、逸脱した、（意見などが）異なる、不一致の
incongruous（形容詞）,不調和な、つり合わない、つじつまの合わない、不適当な、ばかげた
lateral（形容詞）,横の、横からの、横に向かった（限定用法が多い）
miscellaneous（形容詞）,種々雑多なものから成る、多方面の、多岐にわたる（限定用法）
oblique（形容詞）,遠回しの、間接的な、斜めの、傾いた
ostensible（形容詞）,見せ掛けの、表向きの（限定用法）
perpendicular（形容詞）,垂直の、直角をなす、直立した
piecemeal（形容詞）,少しずつの、ばらばらの、断片的な（限定用法が多い）
piecemeal（副詞）,少しずつ、ばらばらに
plumb（形容詞）,垂直な、水平な、まったくの
plumb（他動詞）,（海など）の深さを測る
cryptic（形容詞）,隠れた意味を持つ、秘密の、謎の、分かりにくい
dialectic（形容詞）,弁証（法）的な、弁証法の
dialectic（名詞）,論理（学）、弁証法、対立
dogmatic（形容詞）,独断的な、独善的な、教義上の
ecclesiastical（形容詞）,（キリスト）教会の、聖職者の
esoteric（形容詞）,難解な、深遠な、内輪の、秘密の
interdisciplinary（形容詞）,学際的な、多くの学問分野にまたがる（限定用法が多い）
lucid（形容詞）,分かりやすい、明快な、（一時的に）頭が冴えた、正気の
monastic（形容詞）,修道士の、修道院の、禁欲的な（限定用法が多い）
moot（形容詞）,未決の、議論の余地がある
moot（他動詞）,…を議題にのせる
omnipotent（形容詞）,全能の、絶大な力［影響力］をもつ
omniscient（形容詞）,全知の
pedantic（形容詞）,学者ぶった、衒学的な、しゃくし定規な
polyglot（形容詞）,多言語に通じた、多言語で書かれた、多言語を使う
polyglot（名詞）,多言語に通じた人
ponderous（形容詞）,（文体・話し方などが）重苦しい、退屈な、大きくて重い、重くて取り扱いにくい
schematic（形容詞）,概要の、図式の
schematic（名詞）,概略図、図表
semantic（形容詞）,意味に関する、意味論の（限定用法が多い）
abdominal（形容詞）,腹部の
callous（形容詞）,（皮膚が）硬くなった、たこになった、無感覚な、無神経な、冷淡な
disheveled（形容詞）,（髪が）ぼさぼさの、（服装が）だらしない
distal（形容詞）,末梢（部）の、末端の
equestrian（形容詞）,馬術の、乗馬の（限定用法が多い）
equestrian（名詞）,乗馬者、騎手
flabby（形容詞）,（筋肉などが）たるんだ、締まりのない、気力のない、軟弱な
gaunt（形容詞）,（病気・心配などで）やせ衰えた、やつれた、（土地・建物が）荒涼とした
inert（形容詞）,身動きできない、自力で運動できない、惰性的な、不活性の、不活発な
kinetic（形容詞）,運動の、運動によって起こる（限定用法が多い）
lethargic（形容詞）,異常に眠い、気だるい、無気力な
lusty（形容詞）,力強い、頑健な、元気な、好色な
pathological（形容詞）,病的な、不健全な、異常な、病気の、病理学の
prostrate（形容詞）,横たわった、ひれ伏した、意気消沈した、疲れ果てた
ruddy（形容詞）,（顔が）血色の良い、赤い、赤みを帯びた
stocky（形容詞）,がっちりした、ずんぐりした、頑丈な
abhorrent（形容詞）,（人に）嫌悪感を抱かせる、ひどく嫌いな
acrid（形容詞）,（味・においが）刺すような、ぴりっとする、つんとする、（言葉などが）きつい、痛烈な
averse（形容詞）,反対の、嫌いな、ひどく嫌がる（叙述用法）
deafening（形容詞）,耳をつんざくような
deplorable（形容詞）,嘆かわしい、悲しむべき、遺憾な
derisive（形容詞）,嘲笑的な、愚弄するような、嘲笑に値する
derogatory（形容詞）,軽蔑的な、侮辱的な
despondent（形容詞）,元気のない、落胆した、失望した
diffident（形容詞）,自信のない、内気な、遠慮がちな、気後れしている
downcast（形容詞）,がっかりした、意気消沈した、うつむいた、伏し目の
effervescent（形容詞）,興奮した、活気に満ちた、快活な、発泡性の
facetious（形容詞）,（言葉などが）（不適切で）こっけいな、（人などが）ひょうきんな、おどけた
fastidious（形容詞）,細心の注意を払う、厳格な、気難しい、口うるさい、潔癖すぎる
ignoble（形容詞）,卑劣な、恥ずべき、下品な、不名誉な
impassive（形容詞）,無感動の、冷静な
inadvertent（形容詞）,うっかりした、不注意な、偶然の、不慮の
insipid（形容詞）,（飲食物が）味のない、風味のない、面白くない、退屈な
jovial（形容詞）,陽気な、気持ちのよい
languid（形容詞）,気だるい、無気力な、活気のない
lenient（形容詞）,寛大な、情け深い、厳しくない
nonchalant（形容詞）,無関心な、無頓着な、屈託のない、冷静な、平然とした
nondescript（形容詞）,えたいの知れない、特徴のない、漠然とした
nondescript（名詞）,えたいの知れない人［物］
pensive（形容詞）,物思いに沈んだ、悲しげな、哀愁を漂わせている
petulant（形容詞）,いらいらした、すねた、短気な、怒りっぽい
plaintive（形容詞）,悲しげな、哀れな、憂うつな
porous（形容詞）,（小）穴の多い、多孔性の、水［空気］を通す、透過性の
prosaic（形容詞）,退屈な、つまらない、平凡な、想像力に欠ける、散文（体）の
pungent（形容詞）,（鼻・舌などを）強く刺激する、（批評などが）痛烈な
rapt（形容詞）,夢心地の、うっとりした、心を奪われている
repellent（形容詞）,嫌悪感を起こさせる、とても不快な
repellent（名詞）,防虫剤、虫よけ
squeamish（形容詞）,吐き気を催させる、気分が悪くなる、取り乱す、うろたえる
vociferous（形容詞）,大声で叫ぶ、絶叫する、やかましい、騒がしい
voluptuous（形容詞）,（女性が）セクシーな、豊満な、官能的な
airtight（形容詞）,気密の、空気を通さない、（アリバイなどが）隙のない、完全な
caustic（形容詞）,苛性の、腐食性の、（言葉などが）痛烈な
chaste（形容詞）,（性的に）汚れのない、純潔な、簡素な、慎みのある
concave（形容詞）,凹面の、凹形の、くぼんだ
concave（名詞）,凹面、凹形
derelict（形容詞）,見捨てられた、放棄された、怠慢な、無責任な
earthen（形容詞）,（床などが）土製の、（器などが）陶製の（限定用法が多い）
extant（形容詞）,（古文書などが）現存する、残存する
fluffy（形容詞）,けばのような、綿毛の、ふわふわした、柔らかい
furtive（形容詞）,（行為などが）こっそりとなされた、ひそかな、（人などが）こそこそした
grubby（形容詞）,汚い、薄汚い、不正な、下劣な、卑しい
hackneyed（形容詞）,使い古された、陳腐な
homogeneous（形容詞）,同質の、同種の、均質の
humdrum（形容詞）,単調な、退屈な、平凡な
immaculate（形容詞）,少しの汚れもない、染みひとつない、清潔な、完璧な、欠点のない
impervious（形容詞）,（水・空気・熱などを）通さない、不浸透性の、（人が）影響されない、鈍感な
incandescent（形容詞）,白熱光を発する、光り輝く、熱烈な、真正の
inscrutable（形容詞）,（人・表情などが）不可解な、不可思議な、謎めいた
intangible（形容詞）,触れることのできない、実体のない、無形の、つかみどころのない、不可解な
legible（形容詞）,（筆跡などが）判読できる、読みやすい
lithe（形容詞）,しなやかな、柔軟な、容易に曲がる
menial（形容詞）,（仕事などが）つまらない、単調で退屈な、雑用の
menial（名詞）,使用人、小間使い
ostentatious（形容詞）,（行動・持ち物などが）人目を引く、これ見よがしな、派手な
peppery（形容詞）,コショウの効いた、ぴりっとする、短気な、怒りっぽい
privy（形容詞）,内情に通じた、私的な、秘密の
promiscuous（形容詞）,乱交の、ふしだらな、ごた混ぜの、でたらめの
replete（形容詞）,（…で）満ちた、いっぱいの、腹いっぱいの（叙述用法）
salient（形容詞）,顕著な、突出した、重要な（限定用法）
sodden（形容詞）,びしょぬれの、水浸しの
soggy（形容詞）,（地面などが）水浸しの、びしょぬれの、（パンなどが）べとべとした、ふやけた
spurious（形容詞）,偽物の、まがいの、いいかげんな
stealthy（形容詞）,こっそりやっている、内密の、人目を盗んだ
stuffy（形容詞）,風通しの悪い、空気がよどんだ、鼻が詰まった、面白くない、堅苦しい、うぬぼれた
threadbare（形容詞）,すり切れた、着古した、陳腐な、言い古された
trite（形容詞）,（意見などが）使い古された、陳腐な、ありふれた
ungainly（形容詞）,優美でない、見苦しい、不格好な
unkempt（形容詞）,（髪が）くしでとかしていない、だらしない身なりの、乱れた
unscathed（形容詞）,無傷の、痛手を受けていない、無事な
urbane（形容詞）,都会風の、洗練された、あか抜けた、礼儀正しい、丁重な
venomous（形容詞）,（ヘビ・サソリなどが）毒液を分泌する、有毒な、（人・行動などが）悪意のある
antecedent（形容詞）,先の、前の、先行する
antecedent（名詞）,前例、（antecedentsで）祖先、先祖、経歴
bimonthly（形容詞）,ひと月おきの、隔月の
bimonthly（副詞）,ひと月おきに、隔月に
bimonthly（名詞）,隔月刊行物
binary（形容詞）,2つの（ものから成る）、2進法の
binocular（形容詞）,両眼（用）の
binocular（名詞）,（binocularsで）双眼鏡
embryonic（形容詞）,胎児の、胚芽の、胚に関する、未発達の、初期の（限定用法が多い）
ephemeral（形容詞）,つかの間の、短命の
exorbitant（形容詞）,（金額・要求などが）法外な、途方もない
extemporaneous（形容詞）,用意なしの、即座の、即興の
fitful（形容詞）,発作的な、断続的な、気まぐれな、落ち着かない
immemorial（形容詞）,遠い昔の、太古の
impetuous（形容詞）,性急な、衝動的な、（風などが）激しい、猛烈な
irrevocable（形容詞）,取り返しのつかない、取り消し［変更］できない、最終の
posthumous（形容詞）,死後の、（子どもが）父親の死後生まれた、（作品が）著者の死後に出版された
primordial（形容詞）,原始（時代）の、原始時代からの、根源的な、根本的な（限定用法が多い）
rudimentary（形容詞）,初歩の、基本の、初期の、未発達の
tardy（形容詞）,（米）遅刻した、遅い、のろい
transitory（形容詞）,一時的な、つかの間の、はかない
agile（形容詞）,素早い、敏捷な、賢い、頭の回転が速い
amenable（形容詞）,（忠告などに）従順な、（法的に）責任を負うべき
blithe（形容詞）,不注意な、軽率な、陽気な、心配のない（限定用法が多い）
circumspect（形容詞）,（人が）慎重な、（行為が）用意周到な（叙述用法が多い）
compliant（形容詞）,従順な、素直な、言いなりの
demure（形容詞）,慎み深い、控えめな、おとなしい、取り澄ました、上品ぶった
discerning（形容詞）,洞察力のある、識別力のある
fussy（形容詞）,つまらないことにこだわる、気難しい、神経質な、飾りがごてごてした
gullible（形容詞）,だまされやすい
impertinent（形容詞）,（目上の人などに対して）無礼な、生意気な、無作法な
incredulous（形容詞）,容易に信じない、疑う、疑い深い、（目つきなどが）疑うような
indolent（形容詞）,怠惰な、なまけた、無痛性の
infallible（形容詞）,（人・判断などが）絶対に正しい、決して誤らない、（効果などが）絶対に確実な
inquisitive（形容詞）,研究好きな、知識欲のある、好奇心の強い、詮索好きな
insolent（形容詞）,横柄な、無礼な、生意気な
insular（形容詞）,島国根性の、偏狭な、閉鎖的な、島の（ような）、島国の
judicious（形容詞）,判断力のある、思慮深い、賢明な
obtrusive（形容詞）,押しつけがましい、出しゃばる、ひどく目立つ
overbearing（形容詞）,横柄な、高圧的な、圧倒的な
pert（形容詞）,（若い女性などが）生意気な、こましゃくれた
pompous（形容詞）,（人・態度などが）もったいぶった、尊大な、（言葉などが）大げさな、気取った
prim（形容詞）,堅苦しい、上品ぶった、型にはまった、きちんと整った
prim（自動詞）,取り澄ます
sagacious（形容詞）,賢明な、しっかりした判断力を持った、機敏な
savvy（形容詞）,心得た、利口な
savvy（名詞）,知識、常識、理解
servile（形容詞）,奴隷の（ような）、卑しい、こびへつらう、追従的な、自主性のない
slovenly（形容詞）,だらしない、身なりが汚い、ずさんな、不注意な、乱雑な
spruce（形容詞）,身なりの整った、こぎれいな、しゃれた
spruce（自動詞）,（spruce upで）身なりを整える
thrifty（形容詞）,質素な、倹約的な、つましい、金の使い方がうまい
truant（形容詞）,うろつく、怠惰な、無断欠席の、サボっている
truant（名詞）,ずる休みする生徒
uncouth（形容詞）,礼儀を知らない、粗野な、ぎこちない、洗練されていない
unwavering（形容詞）,不動の、揺るぎない、断固とした
valiant（形容詞）,（人・行為が）勇敢な、雄雄しい、断固とした
virile（形容詞）,男らしい、男性的な、力強い、性的能力のある、生殖の
vivacious（形容詞）,活発な、陽気な、きびきびした
abject（形容詞）,ひどい、悲惨な、惨めな、卑屈な、軽蔑すべき（限定用法が多い）
agrarian（形容詞）,土地（保有）の、農地の、農業の（限定用法が多い）
egalitarian（形容詞）,平等主義の
egalitarian（名詞）,平等主義者
expedient（形容詞）,目的にかなった、都合のよい、ご都合主義の、利己的な
ineligible（形容詞）,資格のない、不適当な、（法的に）不適格な
onerous（形容詞）,（任務などが）わずらわしい、厄介な、面倒な、重荷になる、負担つきの
prodigal（形容詞）,散財する、放蕩する、気前よく与える、豊富な
prodigal（名詞）,浪費家
untenable（形容詞）,（攻撃・非難を）支えきれない、防御できない、（議論などが）擁護できない
vested（形容詞）,既得の、（権利・財産などの）所有が確定した
arable（形容詞）,耕作に適した、耕地の（限定用法が多い）
arable（名詞）,耕作地
bovine（形容詞）,ウシ科の、（人が）のろい、鈍重な、ウシのような
bovine（名詞）,ウシ科の動物
succulent（形容詞）,（果物・肉などの）汁気の多い、多汁の
sultry（形容詞）,蒸し暑い、焼けつくような、情熱的な
banal（形容詞）,陳腐な、平凡な、ありふれた
cursory（形容詞）,大まかな、ぞんざいな、せっかちな（限定用法）
foolproof（形容詞）,（方法・計画などが）絶対に確実な、（機械などが）極めて簡単に操作できる
gratuitous（形容詞）,余計な、根拠のない、不当な、無料の、無報酬の（限定用法が多い）
illustrious（形容詞）,（人が）有名な、著名な、（業績などが）傑出した、輝かしい（限定用法が多い）
immaterial（形容詞）,重要でない、取るに足りない、非物質的な、実体のない
insurmountable（形容詞）,（困難などが）打ち勝つことができない、克服できない
irredeemable（形容詞）,（人が）救いがたい、矯正できない、取り返しのつかない、望みのない
laudable（形容詞）,称賛に値する
omnivorous（形容詞）,何でも食べる、雑食性の、何にでも興味を持つ
optimum（形容詞）,最適の、最善の、最高の（限定用法）
optimum（名詞）,最適の度合い［量］
perfunctory（形容詞）,おざなりの、うわべだけの、通り一遍の、熱意のない、関心のない
plenary（形容詞）,完全な、正式の、絶対的な、（会議が）全員出席の（限定用法が多い）
residual（形容詞）,残りの（限定用法）
residual（名詞）,残り
specious（形容詞）,もっともらしい、見せ掛けだけの
stupendous（形容詞）,並外れた、驚くべき、途方もない、膨大な
succinct（形容詞）,簡潔な、簡明な、ずばりの
undue（形容詞）,過度の、不適当な、不当な、支払期限がまだの（限定用法）
unequivocal（形容詞）,あいまいでない、明白な、はっきりした
unscrupulous（形容詞）,破廉恥な、不実な、無法な、無節操な
vehement（形容詞）,（感情・主張などが）激しい、熱心な、熱烈な
wanton（形容詞）,理不尽な、無茶な、悪意のある、（女性が）みだらな、浮気な
wont（形容詞）,慣れた、（…するのを）常としている（叙述用法）
wont（名詞）,（通常one's wontで）習慣
abreast（副詞）,横に並んで、並行して
afield（副詞）,家から離れて、遠くに、海外へ、畑に［へ］
aft（副詞）,船尾［尾翼］で、船尾［尾翼］の方へ
aft（形容詞）,船尾［尾翼］の方の（限定用法）
astern（副詞）,（船・飛行機の）後方に
asunder（副詞）,離れて、別々に、ばらばらに
asunder（形容詞）,離れた、別々の、ばらばらの
therein（副詞）,その中に、そこに、その文書に、それに関して
afoot（副詞）,（事が）起こって、進行中で、徒歩で
afoot（形容詞）,起きている、進行中の、徒歩の
exponentially（副詞）,（増加などの仕方が）急激に
